1.650000000000000000e+01,1.063199996948242188e+01
1.200000047683715820e+00,1.376800012588500932e+00
1.799999952316284180e+00,1.566000008583068759e+00
1.100000023841857910e+00,1.062000012397766202e+00
1.250000000000000000e+00,1.189999985694885298e+00
3.299999952316284180e+00,3.259999990463256836e+00
1.299999952316284180e+00,1.373800015449524015e+00
1.289999961853027344e+00,1.172800016403198198e+00
2.339999914169311523e+00,2.334439992904663086e+00
3.329999923706054688e+00,2.994000005722045721e+00
1.090000033378601074e+00,1.558000040054321245e+00
2.900000000000000000e+01,2.769999999999999929e+01
1.100000023841857910e+00,1.084665989875793546e+00
3.779999971389770508e+00,3.754000043869018644e+00
3.200000047683715820e+00,2.744400024414062500e+00
1.490000009536743164e+00,1.217600011825561435e+00
4.900000095367431641e+00,4.503999996185302557e+00
9.900000095367431641e-01,9.759799957275390181e-01
1.169999957084655762e+00,1.269999980926513672e+00
1.500000000000000000e+00,1.061100006103515625e+00
1.990000009536743164e+00,1.245400023460388139e+00
1.500000000000000000e+01,2.400000000000000000e+01
2.000000000000000000e+01,2.666600036621093750e+01
8.600000143051147461e-01,9.255600094795226607e-01
1.500000000000000000e+00,1.473600006103515714e+00
1.299000024795532227e+00,1.444000029563903720e+00
1.899999976158142090e+00,2.049999999999999822e+00
9.199999809265136719e+00,1.105599994659423757e+01
1.179999947547912598e+00,1.129979968070983887e+00
2.000000000000000000e+00,2.175999999046325684e+00
3.990000009536743164e+00,4.238000059127807972e+00
8.500000238418579102e-01,8.480000019073485884e-01
9.490000009536743164e-01,9.518000006675719771e-01
1.289999961853027344e+00,1.185999989509582520e+00
8.999999761581420898e-01,1.059799993038177401e+00
8.799999952316284180e-01,1.009599995613098100e+00
1.100000023841857910e+00,1.226999998092651367e+00
1.070000052452087402e+00,1.140000033378601119e+00
1.139999985694885254e+00,1.242999982833862260e+00
1.000000000000000000e+00,1.177380013465881392e+00
8.199999928474426270e-01,1.011199998855590865e+00
8.999999761581420898e-01,9.333000063896179643e-01
9.600000381469726562e+00,1.015999984741210938e+01
1.039999961853027344e+00,1.089000010490417392e+00
3.500000000000000000e+00,3.314599990844726562e+00
2.589999914169311523e+00,2.770000028610229315e+00
2.950000047683715820e+00,2.538000059127807795e+00
2.950000047683715820e+00,2.538000059127807795e+00
1.055000019073486328e+01,1.033999996185302805e+01
5.000000000000000000e+01,3.193938007354736186e+01
9.700000286102294922e-01,9.459999918937682661e-01
1.199800014495849609e+00,1.139513361454010054e+00
9.269000291824340820e-01,1.039997994899749756e+00
1.700000047683715820e+00,1.797800040245056241e+00
2.150000095367431641e+00,2.202000045776367099e+00
2.479000091552734375e+00,2.819999980926513494e+00
3.849999904632568359e+00,3.821999979019165217e+00
1.200000000000000000e+01,1.165000000000000036e+01
1.199499964714050293e+00,1.158000016212463290e+00
1.100000023841857910e+00,1.144869478627255077e+00
1.860000014305114746e+00,1.813999986648559659e+00
2.494999885559082031e+00,2.384000062942504883e+00
3.779999971389770508e+00,3.802780008316040128e+00
1.141999959945678711e+00,1.123800015449524015e+00
1.116899967193603516e+00,1.100171429770333331e+00
2.750000000000000000e+00,2.754000043869018644e+00
1.299999952316284180e+00,1.273800015449523926e+00
8.999999761581420898e-01,1.011380004882812544e+00
9.499999880790710449e-01,1.041580009460449263e+00
1.030000019073486328e+01,1.353600006103515696e+01
1.200000000000000000e+01,1.237600002288818324e+01
1.399999976158142090e+00,1.307799983024597212e+00
1.279999971389770508e+00,1.273800015449523926e+00
2.979000091552734375e+00,3.012000036239624201e+00
2.950000047683715820e+00,3.119999980926513761e+00
4.443999767303466797e+00,4.565999889373779652e+00
1.070000052452087402e+00,1.032000017166137651e+00
1.100000023841857910e+00,1.087860023975372403e+00
2.500000000000000000e+00,2.567599964141845881e+00
6.809999942779541016e+00,7.000000000000000000e+00
8.700000047683715820e-01,8.466600060462952104e-01
1.200000047683715820e+00,1.100000023841857910e+00
1.169999957084655762e+00,1.092000007629394531e+00
1.230000019073486328e+00,1.142000007629394576e+00
1.000000000000000000e+00,9.899999856948852317e-01
1.399999976158142090e+00,1.407000017166137651e+00
1.450000047683715820e+00,1.500000000000000000e+00
3.000000000000000000e+00,2.455200004577636541e+00
1.750000000000000000e+00,1.600000000000000089e+00
1.000000000000000000e+01,7.895999717712402166e+00
1.250000000000000000e+01,8.872399997711180930e+00
1.299999952316284180e+00,1.291999959945678622e+00
1.383999943733215332e+00,1.379999995231628418e+00
8.500000238418579102e-01,8.439999938011168990e-01
9.800000190734863281e-01,9.243599891662597212e-01
8.750000000000000000e-01,8.920000076293945757e-01
2.619999885559082031e+00,2.767799997329711825e+00
3.569000005722045898e+00,3.786580038070678889e+00
1.179999947547912598e+00,1.196999979019164995e+00
1.878999948501586914e+00,2.209999990463257014e+00
1.350000000000000000e+01,1.161800003051757812e+01
1.150000000000000000e+01,1.304799995422363246e+01
1.210000038146972656e+00,1.115499997138976962e+00
1.769999980926513672e+00,1.803999972343444780e+00
1.289999961853027344e+00,1.339179992675781250e+00
3.769000053405761719e+00,3.757999992370605558e+00
2.450000047683715820e+00,2.256000041961669922e+00
1.750000000000000000e+00,9.319800138473510742e-01
1.970000028610229492e+00,1.949000000953674316e+00
1.250000000000000000e+00,8.899999976158141646e-01
1.299999952316284180e+00,1.263999986648559615e+00
3.400000095367431641e+00,4.420000028610229670e+00
3.400000095367431641e+00,4.406000041961670277e+00
9.700000286102294922e-01,9.620000004768372026e-01
8.000000119209289551e-01,8.564800024032592773e-01
9.890000224113464355e-01,9.933200120925903542e-01
1.047999954223632812e+01,9.177999877929687855e+00
8.500000238418579102e-01,8.910000085830688255e-01
1.590000033378601074e+00,1.437800002098083452e+00
3.299999952316284180e+00,4.174000024795532227e+00
1.490000009536743164e+00,1.334599995613098056e+00
1.450000047683715820e+00,1.577999997138977095e+00
3.000000000000000000e+00,2.720000028610229492e+00
1.299999952316284180e+00,1.270000028610229537e+00
1.455999970436096191e+00,1.839999985694885209e+00
4.820000171661376953e+00,5.186000061035156428e+00
7.500000000000000000e+00,6.153999900817870738e+00
8.999999761581420898e-01,8.930800080299376997e-01
1.830000042915344238e+00,1.886466670036315962e+00
1.399999976158142090e+00,1.492000007629394442e+00
1.450000047683715820e+00,1.420380020141601474e+00
2.974999904632568359e+00,2.974800014495849521e+00
1.388800024986267090e+00,1.365799999237060636e+00
2.999900102615356445e+00,2.971965885162353604e+00
1.348799943923950195e+00,1.278999996185302690e+00
9.879999756813049316e-01,9.499999999999999556e-01
9.900000095367431641e-01,9.679999947547912598e-01
1.149899959564208984e+00,1.497800016403198153e+00
1.559999942779541016e+00,1.628800010681152433e+00
1.348899960517883301e+00,3.064599990844726562e+00
4.900000095367431641e+00,3.317799997329712092e+00
3.799999952316284180e+00,5.911799907684326172e+00
7.000000000000000000e+00,6.551999950408935902e+00
1.398000001907348633e+00,1.409800004959106401e+00
7.979999780654907227e-01,8.285999894142150879e-01
1.500000000000000000e+00,1.568000006675720259e+00
1.669999957084655762e+00,1.335999989509582431e+00
1.940000057220458984e+00,1.524000000953674272e+00
3.332999944686889648e+00,2.905999994277954190e+00
6.659999847412109375e+00,5.925999927520751775e+00
7.099999904632568359e+00,9.083379936218261008e+00
1.220000028610229492e+00,1.248000001907348722e+00
9.210000038146972656e-01,9.888000249862670676e-01
9.700000286102294922e-01,1.346000003814697310e+00
1.069000005722045898e+00,1.317999982833862216e+00
4.230000019073486328e+00,3.390000057220459162e+00
1.394999980926513672e+00,1.367440986633300826e+00
1.399999976158142090e+00,1.267399978637695268e+00
9.390000104904174805e-01,9.849999904632568137e-01
1.200000047683715820e+00,1.195000004768371538e+00
1.000000000000000000e+00,1.281580018997192427e+00
8.000000119209289551e-01,8.389999985694884810e-01
1.489899992942810059e+00,1.453800010681152388e+00
1.600000023841857910e+00,1.315600013732910245e+00
1.100000023841857910e+00,1.256759977340698331e+00
4.440000057220458984e+00,4.986000061035156250e+00
4.695000171661376953e+00,5.230000019073486328e+00
1.000000000000000000e+00,1.106100010871887251e+00
1.789999961853027344e+00,1.902999997138977051e+00
4.989999771118164062e+00,4.831999969482422053e+00
1.177000045776367188e+01,1.042379989624023473e+01
1.899999976158142090e+00,2.020000004768371493e+00
2.950000047683715820e+00,2.586340022087097346e+00
1.620000004768371582e+00,1.486000013351440385e+00
9.900000095367431641e-01,1.100200009346008256e+00
1.879999995231628418e+00,1.825611869064537318e+00
1.399999976158142090e+00,1.438000011444091841e+00
1.600000023841857910e+00,1.639999985694885254e+00
3.000000000000000000e+00,3.344000005722045810e+00
1.019999980926513672e+00,1.233999991416931064e+00
1.289999961853027344e+00,1.231599998474121049e+00
1.169999957084655762e+00,1.198384293488093721e+00
1.340000033378601074e+00,1.292179989814758345e+00
1.809999942779541016e+00,1.876400017738342196e+00
1.360000014305114746e+00,1.303799986839294434e+00
1.399999976158142090e+00,9.646000027656554954e-01
1.500000000000000000e+00,8.639999866485595925e-01
1.370000004768371582e+00,1.386959981918334917e+00
1.450000047683715820e+00,1.466000008583068892e+00
1.379999995231628418e+00,1.423000025749206587e+00
9.300000071525573730e-01,9.710000038146973100e-01
1.389999985694885254e+00,1.396600008010864258e+00
1.990000009536743164e+00,1.785999989509582608e+00
2.890000104904174805e+00,3.255999994277954279e+00
1.240000009536743164e+00,1.241799998283386275e+00
1.700000047683715820e+00,1.369999980926513761e+00
1.799999952316284180e+00,1.789980006217956499e+00
1.490000009536743164e+00,1.779800009727477983e+00
1.370000004768371582e+00,1.636000037193298340e+00
3.250000000000000000e+00,3.257999992370605558e+00
9.900000095367431641e-01,9.080000042915343794e-01
7.000000000000000000e+00,5.942000007629394176e+00
9.900000095367431641e-01,1.076000010967254727e+00
1.080000042915344238e+00,1.015800011157989458e+00
2.000000000000000000e+00,1.789960002899170011e+00
4.989999771118164062e+00,4.152400016784667969e+00
1.197999954223632812e+00,1.165036610732401279e+00
4.599999904632568359e+00,4.757999897003173828e+00
4.698999881744384766e+00,4.779999923706054865e+00
9.900000095367431641e-01,1.036000001430511519e+00
3.888000011444091797e+00,3.881800031661987394e+00
4.880000114440917969e+00,4.875800037384033558e+00
1.198999977111816406e+01,1.205799999237060582e+01
2.890000104904174805e+00,2.801999950408935458e+00
3.009999990463256836e+00,3.303299951553344549e+00
9.500000000000000000e+00,1.006779975891113210e+01
1.060000038146972656e+01,1.241779975891113352e+01
1.049000024795532227e+00,9.956000089645385964e-01
8.399999737739562988e-01,8.620000123977661355e-01
1.250000000000000000e+00,1.247600007057189986e+00
9.900000095367431641e-01,9.199999928474426047e-01
3.000000000000000000e+00,2.600000000000000089e+00
3.000000000000000000e+00,2.551800012588500977e+00
3.700000047683715820e+00,3.714000034332275213e+00
4.989999771118164062e+00,4.681799983978271129e+00
1.049999952316284180e+00,1.233380007743835494e+00
1.500000000000000000e+00,1.348659992218017578e+00
1.250000000000000000e+00,1.285799980163574219e+00
8.000000119209289551e-01,1.033799993991851851e+00
1.250000000000000000e+00,1.256000018119812101e+00
1.799999952316284180e+00,1.846000003814697310e+00
2.500000000000000000e+00,2.615600013732910067e+00
2.599999904632568359e+00,2.597996997833251775e+00
1.549999952316284180e+00,1.013600003719329790e+00
9.500000000000000000e+00,9.467998123168944957e+00
1.350000023841857910e+00,1.348399996757507324e+00
1.750000000000000000e+00,1.761799955368041903e+00
9.879999756813049316e-01,1.035600018501281694e+00
3.690000057220458984e+00,3.575000095367431463e+00
1.549999952316284180e+00,1.515799999237060547e+00
1.139999961853027344e+01,1.101400012969970632e+01
1.450000047683715820e+00,1.370800018310546875e+00
6.690000057220458984e+00,6.815399932861327947e+00
7.419999837875366211e-01,8.765999913215637429e-01
1.190000057220458984e+00,1.175795019865035984e+00
3.670000076293945312e+00,3.897999954223632990e+00
1.069000005722045898e+00,1.526000022888183594e+00
5.000000000000000000e+00,4.946999931335449574e+00
9.670000076293945312e+00,9.782999801635742898e+00
1.230000019073486328e+01,1.249799995422363352e+01
3.000000000000000000e+00,2.416000008583068848e+00
3.519000053405761719e+00,3.333999967575073331e+00
1.950000000000000000e+01,2.893799972534179688e+01
1.899999976158142090e+00,2.511999988555908114e+00
2.390000104904174805e+00,1.537960004806518510e+00
5.000000000000000000e+00,2.779999971389770508e+00
5.000000000000000000e+00,2.889999961853027433e+00
3.349999904632568359e+00,3.558800077438354581e+00
8.999999761581420898e-01,9.580000162124633345e-01
1.700000047683715820e+00,1.703600025177002042e+00
1.069999980926513672e+01,1.042600002288818395e+01
1.238999962806701660e+00,1.097600010037422136e+00
1.690000057220458984e+00,1.397800016403198287e+00
1.269000053405761719e+00,9.899999856948852317e-01
1.750000000000000000e+00,1.473780012130737394e+00
1.468999981880187988e+00,1.663999962806701705e+00
1.069000005722045898e+00,1.077600026130676181e+00
8.000000119209289551e-01,8.699799895286559615e-01
3.299999952316284180e+00,3.490000009536743164e+00
8.229999542236328125e+00,8.365999984741211648e+00
1.159999966621398926e+00,1.172000002861022905e+00
1.299999952316284180e+00,1.162800025939941362e+00
3.750000000000000000e+00,3.588000011444091975e+00
9.700000286102294922e-01,1.498000025749206543e+00
1.570000052452087402e+00,1.575999999046325595e+00
1.200000047683715820e+00,1.030959999561309903e+00
1.450000047683715820e+00,1.519799995422363326e+00
1.080000042915344238e+00,1.093021988868713379e+00
1.189000010490417480e+00,1.257000017166137740e+00
4.000000000000000000e+00,3.869999980926513761e+00
4.750000000000000000e+00,4.865999984741210760e+00
1.210000038146972656e+00,1.264000010490417436e+00
1.750000000000000000e+00,1.733600044250488192e+00
2.700000047683715820e+00,2.623979997634887873e+00
7.000000000000000000e+00,8.134000110626221414e+00
9.800000190734863281e-01,1.009999990463256836e+00
1.230000019073486328e+00,1.182000017166137784e+00
8.999999761581420898e-01,1.102000010013580278e+00
6.289000034332275391e+00,6.457999992370605291e+00
8.699999809265136719e+00,8.797999763488769887e+00
9.800000190734863281e-01,1.038000011444091708e+00
1.679999947547912598e+00,1.490000009536743164e+00
1.690000057220458984e+00,1.581999993324279874e+00
9.800000190734863281e-01,1.040000009536743208e+00
1.200000047683715820e+00,1.200000047683715820e+00
1.299999952316284180e+00,1.429600000381469727e+00
1.100000023841857910e+00,1.135999989509582475e+00
2.940000057220458984e+00,3.076000022888183416e+00
3.000000000000000000e+00,3.082000017166137695e+00
8.390000343322753906e+00,8.393599987030029297e+00
8.750000000000000000e+00,9.300000190734863281e+00
1.646900057792663574e+00,1.936000013351440341e+00
1.699000000953674316e+00,1.729600000381469771e+00
2.220000028610229492e+00,2.037999987602233887e+00
4.440000057220458984e+00,4.280000019073486150e+00
8.899999856948852539e-01,7.855999946594238725e-01
1.450000047683715820e+00,1.420000028610229448e+00
1.098999977111816406e+00,1.103999996185302646e+00
1.110000014305114746e+00,1.009980010986328169e+00
9.000000000000000000e+00,1.203600006103515696e+01
9.499999880790710449e-01,1.129900026321411177e+00
8.299999833106994629e-01,1.240000021457672075e+00
1.090000033378601074e+00,1.074000000953674316e+00
1.250000000000000000e+00,1.468000006675720170e+00
1.350000023841857910e+00,1.468000006675720170e+00
2.500000000000000000e+00,1.972000002861022949e+00
9.000000000000000000e+00,9.477999877929686789e+00
1.197999954223632812e+01,1.080799999237060582e+01
8.249999880790710449e-01,8.788000106811523215e-01
9.490000009536743164e-01,9.179999947547912154e-01
1.379999995231628418e+00,1.561380004882812589e+00
8.299999833106994629e-01,9.740000009536743386e-01
8.500000238418579102e-01,1.037000012397766069e+00
8.269000053405761719e-01,8.512400150299072044e-01
1.000000000000000000e+00,1.004800009727478072e+00
1.500000000000000000e+00,1.496000003814697221e+00
1.500000000000000000e+00,1.494000005722045943e+00
1.450000047683715820e+00,1.507200026512145907e+00
1.149999976158142090e+00,1.368999981880187899e+00
1.500000000000000000e+00,1.233980011940002397e+00
9.699999809265136719e+00,1.121139984130859446e+01
8.999999761581420898e-01,9.057799935340881126e-01
2.700000047683715820e+00,2.871400022506713778e+00
2.700000047683715820e+00,2.832600021362304599e+00
6.480000019073486328e+00,6.937199878692626775e+00
9.449999928474426270e-01,9.639999985694884810e-01
2.099999904632568359e+00,2.013540029525756836e+00
2.190000057220458984e+00,2.231799983978271396e+00
3.549999952316284180e+00,3.326000022888183416e+00
3.490000009536743164e+00,3.435800027847290217e+00
1.389999985694885254e+00,1.431999993324279741e+00
4.500000000000000000e+00,4.570960044860839844e+00
1.590000033378601074e+00,1.479199981689453214e+00
8.500000238418579102e-01,8.794000148773193359e-01
2.970000028610229492e+00,3.067800045013427734e+00
1.399999976158142090e+00,1.616000008583068803e+00
9.900000095367431641e-01,1.176000034809112638e+00
8.299999833106994629e-01,9.485400080680846946e-01
1.799999952316284180e+00,1.816399955749511630e+00
1.100000023841857910e+00,1.137000012397766158e+00
1.590000033378601074e+00,1.544000005722045987e+00
4.000000000000000000e+00,5.827599906921387074e+00
8.299999833106994629e-01,8.988000035285950151e-01
4.300000190734863281e+00,4.346460056304931818e+00
4.400000095367431641e+00,4.332000017166137695e+00
4.000000000000000000e+00,7.080000114440918146e+00
1.289000034332275391e+00,1.342599964141845792e+00
1.100000023841857910e+00,1.155800008773803622e+00
3.500000000000000000e+00,3.837599992752075195e+00
1.289000034332275391e+00,1.277999973297119229e+00
8.299999833106994629e-01,8.712600111961364968e-01
9.499999880790710449e-01,9.797999978065490279e-01
8.980000019073486328e-01,9.585999965667724165e-01
4.440000057220458984e+00,3.440000009536743342e+00
2.299999952316284180e+00,2.156578302383422852e+00
1.289000034332275391e+00,1.265199995040893644e+00
8.199999928474426270e-01,8.598000049591064675e-01
1.000000000000000000e+00,9.840000033378600852e-01
1.000000000000000000e+00,1.072000002861023038e+00
1.500000000000000000e+00,1.493200016021728471e+00
1.950000047683715820e+00,1.976000022888183549e+00
5.800000190734863281e+00,5.829799938201904119e+00
1.350000023841857910e+00,1.359274816513061479e+00
1.500000000000000000e+00,1.569799995422363370e+00
2.250000000000000000e+00,2.239505230753045417e+00
5.000000000000000000e+00,4.033800029754639027e+00
5.840000152587890625e+00,4.951999999955296161e+00
7.750000000000000000e+00,7.904979896545410334e+00
1.168999958038330078e+01,1.365399971008300817e+01
1.350000023841857910e+00,1.369274830818176358e+00
1.000000000000000000e+01,7.644000053405761719e+00
1.350000023841857910e+00,1.369999957084655717e+00
1.379999995231628418e+00,1.348580002784729004e+00
9.500000000000000000e+00,1.580000000000000071e+01
2.349999904632568359e+00,2.658000040054321111e+00
2.389999961853027344e+01,1.809799995422363139e+01
1.000000000000000000e+00,1.070000004768371538e+00
6.999999880790710449e-01,7.579800009727477583e-01
1.575000047683715820e+00,1.736000013351440385e+00
8.999999761581420898e-01,1.088000011444091752e+00
1.850000023841857910e+00,1.969979977607727140e+00
3.609999895095825195e+00,3.703800010681152166e+00
1.200000000000000000e+01,1.191000003814697195e+01
1.039999961853027344e+00,1.027959990501403853e+00
1.100000023841857910e+00,8.659999966621398926e-01
1.039999961853027344e+00,1.116000008583068803e+00
3.150000095367431641e+00,3.244000005722045721e+00
1.100000023841857910e+00,1.048000001907348544e+00
1.000000000000000000e+00,9.577999949455261453e-01
8.199999928474426270e-01,9.157999873161315474e-01
6.500000000000000000e+00,6.775379848480224787e+00
9.499999880790710449e-01,1.027000010013580322e+00
1.679999947547912598e+00,1.688000011444091841e+00
1.399999976158142090e+00,1.379085755348205655e+00
7.799999713897705078e-01,7.959800004959106667e-01
1.500000000000000000e+01,8.801999664306640270e+00
1.500000000000000000e+00,9.533199906349182351e-01
9.100000262260437012e-01,9.485999941825866699e-01
1.399999976158142090e+00,1.289400005340576083e+00
8.999999761581420898e-01,9.549800038337707964e-01
3.099999904632568359e+00,3.015999984741211115e+00
4.889999866485595703e+00,3.520999908447265625e+00
1.500000000000000000e+01,1.237398014068603480e+01
1.100000023841857910e+00,1.143740010261535600e+00
1.000000000000000000e+01,1.058579978942871058e+01
1.089000034332275391e+01,1.079200000762939382e+01
1.000000000000000000e+00,9.580799937248229980e-01
1.490000009536743164e+00,1.507999992370605558e+00
1.289999961853027344e+00,1.247600007057189986e+00
8.999999761581420898e-01,9.219999909400939941e-01
1.690000057220458984e+00,1.710000014305114835e+00
2.799999952316284180e+00,2.993799972534179510e+00
1.330000042915344238e+00,1.539999985694885165e+00
4.900000095367431641e+00,7.397999906539917347e+00
1.069000005722045898e+00,1.091799998283386142e+00
8.489999771118164062e-01,9.478000044822693093e-01
1.000000000000000000e+00,9.812000036239624245e-01
1.049999952316284180e+00,1.065999984741210938e+00
7.880000114440917969e+00,7.819999980926513494e+00
1.149999976158142090e+00,1.176400017738342241e+00
1.200000047683715820e+00,1.137999987602233976e+00
1.450000047683715820e+00,1.305700016021728471e+00
1.700000047683715820e+00,1.658000016212463290e+00
3.289999961853027344e+00,3.462599992752075195e+00
3.099999904632568359e+00,3.092819976806640447e+00
4.090000152587890625e+00,4.130000019073486683e+00
8.689999580383300781e+00,8.811999702453613637e+00
1.500000000000000000e+00,1.587760019302368208e+00
2.000000000000000000e+00,1.770000004768371493e+00
2.000000000000000000e+00,2.260000014305114657e+00
1.399999976158142090e+00,1.410599994659423873e+00
8.199999928474426270e-01,8.601800084114075151e-01
7.599999904632568359e+00,7.693379974365234020e+00
1.399999976158142090e+00,1.547999978065490723e+00
8.880000114440917969e-01,8.999999880790710005e-01
1.220000028610229492e+00,1.111400032043456942e+00
8.880000114440917969e-01,8.639999866485595925e-01
2.799999952316284180e+00,2.850000000000000089e+00
1.289999961853027344e+00,9.723799991607666726e-01
1.289999961853027344e+00,1.020000004768371493e+00
1.360000014305114746e+00,1.370120000839233354e+00
2.200000047683715820e+00,2.354399991035461603e+00
8.689999580383300781e+00,5.455179977416992010e+00
2.650000095367431641e+00,3.298000001907348544e+00
2.650000095367431641e+00,3.196000003814697177e+00
3.450000047683715820e+00,3.750000000000000000e+00
6.199999809265136719e+00,6.819999980926513494e+00
1.069999980926513672e+01,1.196520004272460902e+01
1.889999985694885254e+00,2.327000045776367099e+00
1.069999980926513672e+01,9.375999927520751953e+00
1.700000000000000000e+01,1.580000000000000071e+01
2.000000000000000000e+00,1.720000028610229492e+00
2.950000047683715820e+00,3.010000038146972479e+00
2.950000047683715820e+00,3.010000038146972479e+00
3.200000047683715820e+00,2.960000038146972656e+00
3.200000047683715820e+00,2.900000047683715998e+00
1.470000028610229492e+00,1.472000002861022949e+00
2.000000000000000000e+00,1.977999997138977006e+00
3.500000000000000000e+00,3.020000028610229315e+00
8.500000238418579102e-01,8.377999901771545632e-01
9.200000166893005371e-01,9.480000138282775879e-01
1.139999985694885254e+00,1.071999979019164995e+00
1.133299946784973145e+00,1.308799982070922852e+00
3.500000000000000000e+00,3.578000020980835139e+00
8.119999885559082031e+00,9.070000076293945668e+00
1.299999952316284180e+00,1.285559988021850675e+00
1.399999976158142090e+00,1.329999995231628374e+00
4.298999786376953125e+00,4.423999977111816584e+00
8.399999737739562988e-01,8.859799981117248979e-01
8.399999737739562988e-01,8.829800009727477583e-01
1.498999953269958496e+00,1.367979955673217729e+00
1.580000042915344238e+00,1.453999996185302734e+00
3.000000000000000000e+00,2.998000001907348722e+00
9.390000104904174805e-01,1.054000020027160645e+00
1.690000057220458984e+00,1.562000012397766202e+00
1.190000057220458984e+00,1.151600003242492676e+00
1.700000047683715820e+00,1.865999984741210982e+00
1.598999977111816406e+00,2.005999994277954279e+00
1.990000009536743164e+00,2.097559976577758611e+00
1.789999961853027344e+00,1.649000000953674272e+00
1.799999952316284180e+00,1.792999982833862305e+00
9.190000295639038086e-01,8.725000143051147017e-01
8.779999732971191406e+00,8.858000183105469105e+00
1.110000014305114746e+00,1.100000023841857910e+00
1.149999976158142090e+00,1.353759980201721280e+00
1.200000047683715820e+00,1.483000016212463468e+00
1.115000009536743164e+00,1.102880015373230105e+00
8.899999856948852539e-01,9.010000109672546831e-01
1.460000038146972656e+00,1.577999973297119052e+00
2.849999904632568359e+00,3.014000034332275479e+00
6.750000000000000000e+00,6.772000026702881037e+00
6.250000000000000000e+00,6.049999904632568537e+00
1.068999958038330078e+01,9.829000091552734020e+00
1.500000000000000000e+00,1.533999991416931108e+00
1.549999952316284180e+00,1.689800000190734952e+00
2.750000000000000000e+00,2.777380037307739080e+00
1.299999952316284180e+00,1.238900017738342241e+00
1.313000011444091797e+01,1.362399997711181676e+01
1.500000000000000000e+00,1.248600029945373446e+00
5.000000000000000000e+00,4.857999992370605646e+00
6.500000000000000000e+00,6.276000022888183594e+00
1.299999952316284180e+00,1.110000014305114746e+00
1.299999952316284180e+00,1.263400006294250533e+00
7.500000000000000000e-01,7.598000049591064897e-01
2.970000028610229492e+00,3.179800033569335938e+00
3.890000104904174805e+00,3.857999992370605646e+00
1.200000047683715820e+00,1.081999969482421831e+00
1.600000023841857910e+00,1.697199988365173384e+00
4.599999904632568359e+00,3.443380022048950106e+00
1.000000000000000000e+01,9.571799850463866832e+00
8.999999761581420898e-01,8.340000033378600630e-01
9.900000095367431641e-01,9.400000214576721413e-01
7.500000000000000000e-01,7.584000110626221147e-01
8.000000119209289551e-01,8.569800019264220969e-01
1.299999952316284180e+00,1.660000026226043701e+00
9.199999809265136719e+00,7.184000015258789062e+00
1.250000000000000000e+00,1.202000045776367099e+00
2.099999904632568359e+00,2.085800027847290128e+00
1.190000057220458984e+00,1.375800013542175293e+00
1.299999952316284180e+00,8.153799891471862349e-01
9.700000286102294922e-01,9.700000047683715598e-01
1.490000009536743164e+00,1.505980014801025391e+00
4.449999809265136719e+00,4.157980012893676580e+00
1.009999990463256836e+00,1.011800003051757768e+00
9.800000190734863281e-01,9.249799966812133345e-01
1.799999952316284180e+00,1.846011868683067547e+00
2.900000095367431641e+00,3.281099987030029475e+00
3.839999914169311523e+00,3.817799997329712092e+00
8.109999656677246094e+00,8.541999816894531250e+00
1.179999947547912598e+00,1.265400004386901811e+00
8.500000238418579102e-01,9.169999837875366655e-01
1.500000000000000000e+00,1.496000003814697221e+00
1.549999952316284180e+00,1.517999982833862394e+00
1.139999985694885254e+00,1.179100012779235929e+00
1.282416224479675293e+00,1.235999965667724521e+00
1.500000000000000000e+00,1.440000009536743120e+00
3.250000000000000000e+00,2.755999994277954279e+00
9.689999818801879883e-01,1.043140006065368608e+00
1.199000000953674316e+00,1.231800007820129439e+00
3.880000114440917969e+00,4.169999980926514027e+00
9.700000286102294922e-01,1.019599997997283847e+00
9.199999809265136719e+00,8.998000144958496094e+00
1.150000000000000000e+01,1.155781993865966761e+01
1.039999961853027344e+00,1.019999980926513672e+00
1.088999986648559570e+00,1.168000006675720126e+00
1.000000000000000000e+00,1.019800007343292236e+00
1.279999971389770508e+00,1.293599963188171387e+00
1.088999986648559570e+00,1.039000034332275391e+00
3.089999914169311523e+00,3.655999994277954190e+00
1.100000000000000000e+01,1.235620002746582102e+01
1.049999952316284180e+00,1.079800009727478027e+00
1.600000023841857910e+00,1.894000005722045854e+00
3.880000114440917969e+00,3.146000003814697354e+00
1.120000004768371582e+00,1.128000020980834961e+00
8.799999952316284180e-01,8.537333448727923990e-01
1.120000004768371582e+00,8.659999966621398926e-01
1.549999952316284180e+00,1.620000028610229403e+00
3.700000047683715820e+00,4.203399991989135387e+00
9.500000000000000000e+00,8.000000000000000000e+00
1.490000009536743164e+00,1.391000032424926758e+00
9.499999880790710449e-01,1.024680006504058882e+00
1.379999995231628418e+00,1.347259998321533203e+00
3.500000000000000000e+00,3.800000047683715909e+00
1.490000009536743164e+00,1.394000005722045854e+00
1.000000000000000000e+00,1.045800018310546919e+00
1.490000009536743164e+00,1.368000030517578125e+00
1.490000009536743164e+00,1.451999998092651456e+00
3.210000038146972656e+00,3.388599967956543058e+00
3.299000024795532227e+00,3.109999942779540838e+00
4.699999809265136719e+00,4.830000019073485973e+00
8.989999771118164062e+00,9.084800148010254262e+00
9.300000190734863281e+00,9.529999923706053977e+00
1.130000019073486328e+01,1.356000003814697230e+01
1.490000009536743164e+00,1.373400020599365279e+00
1.750000000000000000e+00,1.563000011444091841e+00
1.750000000000000000e+00,1.583030748367309615e+00
3.949399948120117188e+00,3.813600015640258967e+00
4.000000000000000000e+00,4.274080038070678711e+00
8.500000000000000000e+00,6.122000026702880682e+00
1.220000028610229492e+00,1.145000028610229537e+00
9.890000343322753906e+00,8.900799942016600852e+00
1.332999944686889648e+00,1.263999986648559615e+00
3.500000000000000000e+00,4.239599990844726385e+00
1.110000014305114746e+00,1.139980006217956587e+00
1.787999987602233887e+00,1.819600009918212802e+00
1.210000038146972656e+00,1.366022229194641113e+00
1.110999941825866699e+00,1.110880007743835440e+00
2.200000047683715820e+00,1.664000010490417569e+00
2.480000019073486328e+00,1.389999997615814165e+00
1.123000025749206543e+00,1.422000002861022905e+00
5.000000000000000000e+00,5.653399944305419922e+00
1.690000057220458984e+00,1.498000001907348722e+00
1.123000025749206543e+00,1.101960015296935991e+00
2.799999952316284180e+00,2.924000024795532227e+00
3.000000000000000000e+00,3.319999980926513494e+00
1.350000000000000000e+01,1.573139991760253942e+01
1.299999952316284180e+00,1.295599985122680708e+00
1.069000005722045898e+00,1.118019998073577881e+00
3.299999952316284180e+00,3.392999982833862394e+00
1.845000076293945312e+01,1.341000003814697195e+01
8.600000143051147461e-01,9.960000038146972212e-01
2.130000114440917969e+00,3.529999995231628329e+00
2.900000095367431641e+00,3.299999999999999822e+00
1.279999971389770508e+00,1.273600006103515536e+00
1.110000014305114746e+00,1.602999973297119185e+00
8.600000143051147461e-01,8.700000047683715820e-01
1.399999976158142090e+00,1.429760003089904696e+00
1.200000047683715820e+00,1.043400004506111145e+00
9.499999880790710449e-01,9.778000116348266602e-01
8.199999928474426270e-01,8.309999942779541238e-01
6.170000076293945312e+00,6.436800003051757812e+00
8.880000114440917969e-01,9.090000033378601296e-01
2.950000047683715820e+00,2.957999992370605291e+00
6.400000095367431641e+00,6.537999916076659979e+00
6.500000000000000000e+00,7.011800003051757990e+00
8.500000000000000000e+00,8.800000000000000711e+00
1.097999954223632812e+01,1.403599987030029261e+01
1.248000025749206543e+00,1.231380009651183993e+00
1.500000000000000000e+00,1.466000008583068892e+00
1.248999953269958496e+00,1.306000041961669966e+00
3.000000000000000000e+00,3.335995960235595525e+00
3.250000000000000000e+00,3.217980003356933683e+00
4.798999786376953125e+00,5.787999916076659979e+00
3.739000082015991211e+00,3.682000017166137784e+00
2.000000000000000000e+00,1.395179986953735352e+00
1.250000000000000000e+00,1.391599988937378019e+00
9.200000166893005371e-01,9.288999915122986284e-01
1.799999952316284180e+00,1.491880011558532670e+00
2.000000000000000000e+00,1.295380020141601474e+00
4.039999961853027344e+00,2.962000083923340021e+00
5.250000000000000000e+00,3.380997943878173650e+00
6.599999904632568359e+00,5.730000019073486328e+00
8.999999761581420898e-01,9.858000159263611284e-01
2.500000000000000000e+00,1.563800024986267134e+00
1.190000057220458984e+00,1.105999982357025235e+00
2.200000047683715820e+00,2.115999984741210760e+00
8.999999761581420898e-01,8.376000046730041060e-01
3.720000028610229492e+00,3.869600009918213068e+00
1.150000000000000000e+01,1.152600002288818359e+01
7.990000247955322266e-01,9.261000037193298784e-01
1.379999995231628418e+00,1.469739985466003374e+00
4.989999771118164062e+00,6.698000001907348455e+00
7.990000247955322266e-01,8.459400177001953347e-01
3.890000104904174805e+00,3.739800024032592596e+00
2.190000057220458984e+00,1.179999995231628462e+00
3.000000000000000000e+00,2.461599969863891513e+00
7.990000247955322266e-01,1.096699988842010587e+00
3.500000000000000000e+00,4.949979972839355646e+00
6.000000000000000000e+00,5.599999999999999645e+00
7.349999904632568359e+00,7.121999835968017223e+00
1.149999976158142090e+00,1.156000018119812012e+00
2.000000000000000000e+00,2.084800004959106445e+00
9.900000095367431641e-01,1.192000031471252441e+00
1.156900048255920410e+00,1.459600019454956099e+00
1.135999965667724609e+01,1.350460014343261683e+01
1.090000033378601074e+00,1.090199995040893599e+00
1.750000000000000000e+00,1.553800010681152255e+00
1.990000009536743164e+00,1.196000003814697177e+00
5.599999904632568359e+00,3.919799995422363459e+00
5.989999771118164062e+00,5.479999923706055043e+00
5.600000000000000000e+01,4.979999999999999716e+01
9.700000286102294922e-01,9.940000057220459428e-01
1.100000023841857910e+00,1.224000000953674228e+00
2.500000000000000000e+00,2.679580020904540838e+00
3.500000000000000000e+00,3.518000030517578036e+00
9.049999713897705078e-01,9.533800125122070535e-01
1.896900057792663574e+00,1.939199995994567827e+00
8.000000000000000000e+00,8.034000015258788707e+00
1.568999958038330078e+01,1.401599998474121023e+01
1.100000023841857910e+00,9.517999887466430664e-01
9.900000095367431641e-01,1.031320011615753263e+00
2.390000104904174805e+00,2.664000034332275391e+00
3.250000000000000000e+00,3.687999963760375977e+00
1.789999961853027344e+00,1.838399982452392667e+00
2.529999971389770508e+00,2.866999912261962713e+00
3.549999952316284180e+00,3.223759984970092862e+00
4.389999866485595703e+00,4.992000055313110529e+00
6.750000000000000000e+00,5.280000019073486150e+00
4.190000057220458984e+00,4.413999891281127574e+00
5.250000000000000000e+00,4.610000038146973012e+00
8.689999580383300781e+00,7.319999885559082209e+00
1.299999952316284180e+00,1.387999987602233976e+00
1.450000047683715820e+00,3.078000020980835139e+00
2.500000000000000000e+00,3.224000024795532049e+00
1.990000009536743164e+00,2.770000028610229315e+00
1.500000000000000000e+00,1.353999996185302646e+00
2.180000066757202148e+00,1.863999986648559481e+00
1.148000001907348633e+00,1.175380003452300981e+00
1.350000023841857910e+00,1.573000001907348677e+00
3.779999971389770508e+00,3.710000038146972656e+00
6.487999916076660156e+00,7.523999786376952770e+00
8.399999737739562988e-01,1.002000010013580411e+00
1.000000000000000000e+01,1.031999988555908132e+01
1.149000048637390137e+00,1.125428572722843690e+00
1.799999952316284180e+00,1.897000026702880815e+00
1.177000045776367188e+00,1.201999998092651456e+00
5.980000019073486328e+00,6.099999999999999645e+00
1.690000057220458984e+00,1.370000004768371582e+00
1.100000023841857910e+00,1.137779998779296919e+00
1.271999955177307129e+00,1.312200021743774370e+00
1.700000047683715820e+00,1.734000015258789107e+00
8.930000305175781250e+00,8.879999923706055398e+00
1.000000000000000000e+00,1.149999976158142090e+00
2.299900054931640625e+00,2.815999984741210938e+00
3.990000009536743164e+00,3.884000015258789240e+00
1.177000045776367188e+00,1.179999995231628462e+00
2.450000047683715820e+00,2.551999998092651545e+00
2.500000000000000000e+00,2.636000013351440519e+00
3.398999929428100586e+00,3.399600028991699219e+00
1.000000047497451305e-03,3.296000003814697266e+00
8.000000000000000000e+00,8.935400104522704723e+00
1.399999976158142090e+00,1.467600035667419478e+00
1.649999976158142090e+00,1.222000026702880771e+00
7.000000000000000000e+00,6.467000007629394531e+00
1.399999976158142090e+00,1.419799995422363237e+00
6.099999904632568359e+00,6.139999961853026988e+00
1.399999976158142090e+00,1.436000037193298384e+00
3.890000104904174805e+00,3.496000003814697443e+00
1.399999976158142090e+00,1.489799976348876953e+00
1.399999976158142090e+00,1.399999999999999911e+00
1.777999997138977051e+00,1.794000005722045987e+00
1.940000057220458984e+00,1.899999999999999911e+00
2.000000000000000000e+00,1.509339976310730025e+00
2.250000000000000000e+00,2.006000018119812101e+00
1.000000000000000000e+01,5.554279994964599787e+00
1.000000000000000000e+01,5.554279994964599787e+00
8.000000000000000000e+00,1.053799991607666087e+01
1.090000033378601074e+00,1.141999983787536532e+00
1.000000000000000000e+00,9.159799814224243164e-01
1.179999947547912598e+00,1.324000024795532138e+00
1.549999952316284180e+00,1.383999991416931197e+00
3.799999952316284180e+00,4.231380033493041815e+00
1.179999947547912598e+00,1.354000043869018510e+00
1.299999952316284180e+00,1.489980006217956454e+00
8.888000249862670898e-01,9.237999916076660156e-01
8.349999785423278809e-01,9.315000057220459428e-01
9.990000128746032715e-01,1.024799978733062833e+00
1.363999962806701660e+00,1.334979987144470304e+00
1.139999961853027344e+01,1.159999999999999964e+01
1.368999958038330078e+00,1.319799995422363370e+00
1.000000000000000000e+00,1.047799992561340376e+00
2.947999954223632812e+00,2.926000022888183505e+00
1.222000002861022949e+00,1.160047159876142375e+00
1.499899983406066895e+00,1.495880007743835449e+00
1.519999980926513672e+00,1.551000022888183505e+00
1.330000042915344238e+00,1.347500002384185880e+00
1.500000000000000000e+00,1.514000010490417436e+00
2.420000076293945312e+00,2.489800024032592596e+00
3.696899890899658203e+00,3.183775997161865323e+00
8.888000249862670898e-01,8.358000040054320845e-01
9.900000095367431641e-01,9.278000116348266157e-01
1.690000057220458984e+00,2.626000022888183683e+00
4.188800048828125000e+01,3.860000000000000142e+01
2.000000000000000000e+00,1.426200008392334073e+00
2.150000095367431641e+00,2.800000047683715909e+00
1.100000023841857910e+00,1.157380008697509677e+00
4.300000190734863281e+00,4.278000116348266602e+00
1.899999976158142090e+00,2.267799997329711825e+00
1.000000000000000000e+00,1.029980003833770752e+00
6.599999904632568359e+00,6.218000030517577770e+00
7.329999923706054688e+00,7.585999965667724609e+00
9.760000228881835938e+00,9.565999794006348367e+00
9.989999771118164062e+00,1.159599990844726491e+01
1.000000000000000000e+00,1.043799996376037598e+00
1.700000047683715820e+00,1.714800000190734863e+00
3.119999885559082031e+00,3.109999990463256925e+00
4.321000099182128906e+00,4.354180049896240412e+00
1.200000000000000000e+01,1.196399993896484304e+01
1.100000023841857910e+00,1.008800005912780851e+00
4.000000000000000000e+00,4.051000022888183949e+00
1.799999952316284180e+00,1.750000023841857821e+00
2.400000095367431641e+00,1.802200007438659712e+00
2.769999980926513672e+00,2.572000026702880859e+00
4.000000000000000000e+00,3.998000001907348722e+00
3.750000000000000000e+00,4.051999998092651545e+00
9.700000286102294922e-01,1.062000024318695113e+00
9.700000286102294922e-01,1.037999987602233887e+00
1.250000000000000000e+00,1.217380011081695468e+00
9.750000000000000000e+00,8.053400039672851562e+00
1.419999980926513672e+01,2.059599990844726491e+01
1.419999957084655762e+00,1.390679979324340731e+00
1.500000000000000000e+00,1.587505256502251827e+00
1.490000009536743164e+00,1.595799994468688920e+00
1.399999976158142090e+00,1.299500000476837114e+00
1.200000000000000000e+01,1.162800006866455149e+01
1.100000023841857910e+00,1.053000020980835005e+00
1.200000000000000000e+01,1.173999996185302663e+01
1.100000023841857910e+00,1.030800008773803622e+00
9.998999834060668945e-01,1.241600000858306796e+00
1.100000023841857910e+00,1.117980027198791415e+00
7.599999904632568359e-01,8.179333368937176107e-01
9.629999995231628418e-01,9.675999879837036133e-01
4.199999809265136719e+00,4.569600105285644531e+00
4.000000000000000000e+00,4.134000015258789240e+00
5.250000000000000000e+00,4.773999977111816229e+00
1.100000023841857910e+00,1.107800018787383989e+00
1.998999953269958496e+00,2.027999997138977051e+00
4.500000000000000000e+00,3.987799930572509588e+00
1.000000000000000000e+00,9.837999939918518066e-01
2.599999904632568359e+00,2.456000041961670100e+00
1.000000000000000000e+00,1.027739989757537886e+00
1.190000057220458984e+00,1.039799988269805908e+00
1.000000000000000000e+00,1.028000009059905961e+00
9.900000095367431641e-01,9.376000046730041948e-01
9.800000190734863281e-01,1.096999990940094039e+00
3.079999923706054688e+00,2.909999990463256747e+00
2.440000057220458984e+00,2.858920001983642489e+00
2.440000057220458984e+00,2.858920001983642489e+00
3.849999904632568359e+00,3.298000049591064631e+00
1.299999952316284180e+00,1.405399990081787065e+00
8.280000090599060059e-01,8.540000081062316672e-01
1.080000042915344238e+00,1.118000030517578125e+00
1.299999952316284180e+00,1.385999989509582475e+00
8.199999928474426270e-01,9.158000111579894797e-01
5.900000095367431641e+00,5.851599979400634588e+00
1.299999952316284180e+00,1.353999996185302646e+00
7.889999747276306152e-01,8.396000027656554954e-01
1.299999952316284180e+00,1.384999990463256836e+00
3.000000000000000000e+00,3.111999988555908203e+00
3.500000000000000000e+00,3.345800018310546964e+00
8.999999761581420898e-01,8.858399987220764160e-01
1.149999976158142090e+00,1.145800018310546786e+00
2.700000047683715820e+00,3.073799991607665927e+00
3.440000057220458984e+00,3.891999959945678711e+00
1.100000023841857910e+00,1.076000022888183638e+00
1.679999947547912598e+00,1.763999986648559615e+00
3.875000000000000000e+00,3.883799982070923029e+00
3.000000000000000000e+00,3.085999965667724609e+00
3.888000011444091797e+00,3.889999961853027433e+00
3.990000009536743164e+00,4.079380035400390625e+00
9.900000095367431641e-01,1.321600008010864302e+00
1.500000000000000000e+00,1.280599999427795455e+00
3.740000009536743164e+00,3.987999916076660156e+00
4.199999809265136719e+00,3.389999961853027433e+00
4.199999809265136719e+00,3.500000000000000000e+00
1.240000009536743164e+00,1.100000023841857910e+00
1.149899959564208984e+00,1.274047122682844035e+00
1.450000047683715820e+00,1.496222220526801205e+00
1.179999947547912598e+00,8.739999890327453391e-01
2.450000047683715820e+00,3.020379996299743741e+00
9.599999785423278809e-01,9.892949998378753884e-01
9.449999809265136719e+00,9.060000228881836648e+00
1.090000033378601074e+00,1.119980025291442916e+00
1.386999964714050293e+00,1.727999997138977006e+00
3.750000000000000000e+00,2.826660013198852628e+00
6.000000000000000000e+00,3.530560016632080078e+00
1.200000000000000000e+01,1.639999999999999858e+01
1.386999964714050293e+00,1.412139987945556729e+00
8.389999866485595703e-01,8.851999998092651145e-01
3.299999952316284180e+00,3.012000036239624201e+00
2.799999952316284180e+00,2.848000001907348810e+00
2.799999952316284180e+00,2.848000001907348810e+00
9.797999858856201172e-01,1.003799998760223300e+00
2.099999904632568359e+00,1.888939976692199707e+00
8.998000025749206543e-01,9.076600074768066406e-01
1.179999947547912598e+00,1.259200000762939364e+00
1.128999948501586914e+00,1.199799990653991788e+00
1.486999988555908203e+00,1.537074851989746138e+00
1.690000057220458984e+00,1.333999991416931152e+00
3.990000009536743164e+00,3.231999969482421964e+00
3.990000009536743164e+00,3.231999969482421964e+00
9.394999742507934570e-01,9.680000066757201704e-01
1.077700018882751465e+00,1.277999997138977051e+00
4.599999904632568359e+00,4.087999963760376332e+00
2.000000000000000000e+00,2.019999980926513672e+00
3.490000009536743164e+00,3.575379991531371981e+00
3.190000057220458984e+00,3.282999992370605469e+00
3.490000009536743164e+00,3.164000082015991033e+00
1.299999952316284180e+00,1.282700014114379838e+00
1.399999976158142090e+00,1.300000000000000044e+00
1.200000047683715820e+00,1.180200004577636630e+00
1.375000000000000000e+00,1.450999999046325595e+00
1.145499944686889648e+00,1.331999993324279874e+00
1.200000047683715820e+00,1.089800000190734863e+00
1.000000000000000000e+00,1.301999998092651323e+00
1.679999947547912598e+00,1.688000011444091841e+00
1.289000034332275391e+00,1.310599994659423784e+00
1.269999980926513672e+00,1.676799988746643155e+00
3.599999904632568359e+00,3.748000001907348722e+00
2.599999904632568359e+00,2.563999938964843572e+00
3.089999914169311523e+00,3.416000127792358398e+00
2.700000047683715820e+00,2.700400066375732600e+00
2.700000047683715820e+00,2.700400066375732600e+00
3.359999895095825195e+00,3.391799974441528143e+00
4.199999809265136719e+00,4.289999961853027344e+00
1.289000034332275391e+00,1.261199998855590865e+00
9.900000095367431641e-01,1.061860024929046631e+00
1.445000052452087402e+00,1.465980005264282182e+00
1.049999952316284180e+00,1.107999992370605424e+00
2.579999923706054688e+00,2.770000028610229315e+00
3.789999961853027344e+00,3.809999990463256658e+00
1.888800024986267090e+00,1.628800010681152433e+00
9.979999542236328125e+00,1.006599998474121094e+01
2.345599889755249023e+00,1.916000008583068848e+00
4.567800045013427734e+00,4.751380062103271129e+00
2.222199916839599609e+00,2.022000074386596680e+00
4.429999828338623047e+00,3.796000051498412908e+00
4.429999828338623047e+00,3.860000085830688654e+00
8.000000000000000000e+00,7.747999858856201350e+00
1.200000047683715820e+00,1.110000014305114746e+00
1.919999957084655762e+00,1.775600004196167037e+00
3.099999904632568359e+00,3.270000028610229315e+00
7.768999934196472168e-01,7.971799969673156738e-01
2.434999942779541016e+00,2.645779991149902255e+00
2.434999942779541016e+00,2.511540031433105558e+00
7.768999934196472168e-01,7.978000044822692871e-01
4.800000190734863281e+00,5.099999999999999645e+00
1.419999957084655762e+00,1.574000024795532138e+00
1.159000039100646973e+00,1.559999990463256880e+00
8.500000000000000000e+00,1.168799991607665945e+01
9.900000095367431641e-01,1.005317997932434038e+00
8.850000381469726562e+00,1.032799987792968821e+01
1.139999985694885254e+00,1.080600023269653320e+00
4.300000190734863281e+00,4.431379985809326350e+00
1.000000000000000000e+00,9.980000019073486106e-01
3.750000000000000000e+00,3.308000040054321467e+00
1.000000000000000000e+00,1.039999985694885165e+00
1.000000000000000000e+00,9.960000038146972212e-01
8.999999761581420898e-01,8.840000033378601074e-01
1.500000000000000000e+00,1.396600008010864258e+00
1.139999985694885254e+00,1.173800015449523837e+00
1.750000000000000000e+00,2.285599994659423650e+00
1.490000009536743164e+00,1.495274853706359819e+00
1.000000000000000000e+00,1.002399992942810014e+00
7.549999952316284180e-01,8.004000067710876909e-01
1.490000009536743164e+00,1.468400001525878906e+00
1.200000000000000000e+01,1.219399986267089808e+01
1.500000000000000000e+00,1.418000006675720126e+00
1.000000000000000000e+00,1.079000020027160556e+00
7.799999713897705078e-01,8.438000082969665527e-01
2.980000019073486328e+00,2.719999980926513850e+00
1.500000000000000000e+00,1.514000010490417436e+00
1.299999952316284180e+00,1.509999990463256836e+00
1.490000009536743164e+00,1.515780019760131880e+00
1.490000009536743164e+00,1.418000006675720126e+00
1.450000000000000000e+01,1.266299991607666087e+01
1.500000000000000000e+00,1.399999976158142090e+00
4.239999771118164062e+00,4.633999967575073597e+00
1.490000009536743164e+00,1.388000011444091797e+00
8.899999856948852539e-01,9.447999954223632590e-01
1.000000000000000000e+01,1.006000003814697230e+01
1.490000009536743164e+00,1.426000022888183505e+00
1.490000009536743164e+00,1.407999992370605469e+00
3.400000095367431641e+00,3.375600004196166903e+00
1.490000009536743164e+00,1.396000027656555176e+00
9.900000095367431641e-01,1.081599998474121138e+00
1.250000000000000000e+00,1.048780012130737349e+00
3.000000000000000000e+00,3.934000015258789062e+00
3.339999914169311523e+00,3.678000020980834783e+00
3.190000057220458984e+00,3.832000017166137695e+00
4.690000057220458984e+00,5.363999986648559926e+00
1.190000057220458984e+00,1.057799983024597212e+00
4.525000095367431641e+00,4.576000022888183416e+00
8.500000000000000000e+00,6.753999996185302557e+00
7.789999961853027344e+00,5.248560047149657848e+00
9.989999771118164062e+00,9.533199977874755149e+00
1.200000047683715820e+00,1.007999992370605558e+00
1.519999980926513672e+00,1.415397977828979581e+00
1.190000057220458984e+00,1.115828565188816679e+00
7.900000214576721191e-01,8.296000003814697488e-01
1.350000023841857910e+00,1.321960020065307662e+00
2.450000047683715820e+00,2.528999948501586825e+00
1.190000057220458984e+00,9.924000024795531782e-01
1.190000057220458984e+00,1.355800008773803800e+00
6.420690059661865234e+00,6.593999862670898438e+00
4.200000000000000000e+01,4.000019989013672017e+01
8.149999976158142090e-01,8.159999966621398482e-01
9.700000286102294922e-01,9.788000106811522993e-01
9.500000000000000000e+00,8.727999877929686789e+00
1.100000023841857910e+00,1.136399984359741211e+00
8.230000138282775879e-01,7.899999976158141868e-01
1.250000000000000000e+00,1.160000038146972612e+00
1.690000057220458984e+00,1.411600017547607333e+00
1.000000000000000000e+00,1.085800004005432084e+00
9.990000128746032715e-01,9.879600048065185769e-01
1.150000000000000000e+01,1.230599994659423757e+01
1.000000000000000000e+00,9.653800010681152788e-01
1.098000049591064453e+00,1.129999995231628418e+00
1.000000000000000000e+00,1.051399993896484419e+00
1.059999942779541016e+00,1.075180006027221635e+00
1.149999976158142090e+00,1.142047153200422160e+00
1.000000000000000000e+00,1.075999999046325595e+00
8.299999833106994629e-01,9.100000023841857688e-01
9.350000023841857910e-01,9.243800044059753418e-01
8.799999952316284180e-01,9.539999961853027344e-01
7.500000000000000000e+00,6.855999946594238281e+00
3.000000000000000000e+00,3.309999990463256658e+00
1.200000047683715820e+00,1.220000028610229492e+00
1.100000023841857910e+00,1.050480008125305176e+00
8.980000019073486328e-01,1.154999995231628329e+00
1.049999952316284180e+00,1.006800007820129350e+00
1.089999961853027344e+01,1.053599987030029261e+01
1.200000047683715820e+00,1.318000006675720259e+00
1.690000057220458984e+00,1.497780013084411666e+00
1.100000023841857910e+00,1.051800012588500977e+00
2.450000047683715820e+00,2.447799968719482244e+00
2.509999990463256836e+00,2.515999937057495028e+00
2.509999990463256836e+00,2.501999950408935636e+00
1.000000000000000000e+00,1.007799983024597168e+00
1.149999976158142090e+00,1.099000000953674228e+00
3.000000000000000000e+00,3.243099927902221680e+00
1.100000023841857910e+00,1.098000001907348588e+00
1.179999947547912598e+00,1.253999996185302779e+00
1.350000023841857910e+00,1.347099971771240190e+00
1.000000000000000000e+00,1.037999987602233887e+00
1.000000000000000000e+00,1.007999992370605558e+00
1.230000019073486328e+00,1.251099991798400923e+00
1.490000009536743164e+00,1.675380015373229892e+00
2.599999904632568359e+00,3.345998001098632990e+00
3.072499990463256836e+00,3.349997997283935547e+00
1.230000019073486328e+00,1.470000028610229492e+00
4.799900054931640625e+00,3.989999866485595792e+00
1.100000023841857910e+00,1.156400012969970748e+00
1.000000000000000000e+00,1.025999999046325772e+00
1.500000000000000000e+00,1.518000025749206561e+00
1.000000000000000000e+00,9.885800004005431685e-01
1.700000047683715820e+00,1.727999973297119185e+00
3.789999961853027344e+00,4.376000022888183238e+00
4.489999771118164062e+00,4.821999931335449574e+00
9.970000267028808594e+00,1.015976009368896449e+01
1.025000000000000000e+01,1.017579994201660121e+01
1.090000033378601074e+00,1.085199975967407138e+00
8.399999737739562988e-01,1.058000016212463423e+00
2.000000000000000000e+00,1.833799982070922763e+00
6.000000000000000000e+00,7.353999996185303090e+00
1.189000034332275391e+01,1.161399993896484339e+01
1.100000000000000000e+01,1.138199977874755930e+01
1.100000023841857910e+00,8.805999994277954324e-01
7.199999809265136719e+00,6.250000000000000000e+00
1.100000000000000000e+01,9.859998130798340199e+00
1.389999985694885254e+00,1.341799974441528320e+00
1.299999952316284180e+00,1.269499969482421831e+00
1.070000052452087402e+00,1.010000014305114657e+00
9.998999834060668945e-01,1.117320001125335693e+00
1.500000000000000000e+00,1.530000019073486373e+00
7.440000057220458984e+00,7.599999999999999645e+00
9.989999771118164062e+00,9.305999946594237571e+00
1.389999985694885254e+00,1.293599987030029208e+00
1.700000047683715820e+00,1.823000025749206499e+00
2.400000095367431641e+00,2.639999961853027433e+00
3.980000019073486328e+00,3.999999952316284357e+00
5.000000000000000000e+00,5.087999916076659801e+00
6.000000000000000000e+00,6.165999889373779297e+00
9.990000128746032715e-01,9.940000057220459428e-01
1.019999980926513672e+00,9.860000133514403853e-01
1.299999952316284180e+00,1.393979978561401323e+00
9.490000009536743164e-01,9.419999957084655984e-01
8.500000238418579102e-01,9.529999852180480735e-01
1.100000023841857910e+00,1.209768009185790971e+00
7.699999809265136719e-01,7.633999943733215110e-01
1.149999976158142090e+00,1.127800011634826571e+00
1.500000000000000000e+00,1.306000030040741056e+00
4.210000038146972656e+00,3.840760040283202947e+00
1.200000047683715820e+00,1.168846669197082466e+00
1.149999976158142090e+00,1.100000023841857910e+00
3.750000000000000000e+00,3.696000003814697177e+00
1.200000047683715820e+00,1.159399986267089844e+00
3.980000019073486328e+00,3.930820178985595881e+00
1.100000023841857910e+00,1.160000014305114791e+00
1.588999986648559570e+00,1.546000003814697266e+00
2.660000085830688477e+00,2.773999977111816229e+00
1.899999976158142090e+00,1.687999987602233798e+00
2.799999952316284180e+00,1.936000013351440341e+00
1.299999952316284180e+00,1.484200000762939453e+00
8.100000381469726562e+00,5.589999771118163707e+00
9.399999976158142090e-01,9.744000005722046609e-01
1.899999976158142090e+00,1.961000013351440474e+00
2.450000047683715820e+00,2.682397031784057528e+00
1.000000000000000000e+00,1.062779998779296964e+00
1.200000047683715820e+00,1.169979977607727095e+00
2.000000000000000000e+00,2.249799966812133789e+00
1.200000047683715820e+00,1.181760001182556197e+00
1.250000000000000000e+00,1.275119972229003862e+00
1.200000047683715820e+00,1.501800012588500932e+00
2.930399894714355469e+00,3.009840011596679688e+00
3.349999904632568359e+00,3.170000028610229670e+00
1.299999952316284180e+00,1.445600008964538663e+00
8.999999761581420898e-01,1.175180006027221724e+00
1.399999976158142090e+00,1.364000010490417525e+00
1.878999948501586914e+00,1.862380003929138272e+00
4.849999904632568359e+00,5.805999851226806285e+00
1.200000047683715820e+00,1.381999969482421875e+00
2.390000104904174805e+00,2.420000028610229670e+00
1.399999976158142090e+00,1.361800003051757857e+00
1.000000000000000000e+00,1.223800003528594971e+00
1.399999976158142090e+00,1.377999973297119096e+00
9.499999880790710449e-01,8.480000019073485884e-01
1.049999952316284180e+00,1.219200003147125289e+00
1.850000023841857910e+00,1.797779989242553667e+00
1.049999952316284180e+00,1.053200006484985352e+00
1.049999952316284180e+00,1.073991987705230633e+00
1.500000000000000000e+01,1.224799995422363352e+01
1.249899983406066895e+00,1.271599984169006436e+00
8.799999952316284180e-01,8.889999985694885254e-01
2.299999952316284180e+00,2.598000001907348810e+00
2.299999952316284180e+00,2.624000024795532404e+00
3.430000066757202148e+00,3.379800033569336115e+00
3.549999952316284180e+00,3.536000013351440430e+00
9.799000024795532227e-01,1.022000014781951904e+00
1.419999957084655762e+00,1.517199993133544922e+00
1.445000052452087402e+00,1.603800010681152299e+00
4.329999923706054688e+00,4.304000091552734553e+00
8.800000190734863281e+00,1.017599983215331960e+01
1.460000038146972656e+00,1.218000030517578214e+00
4.000000000000000000e+00,3.620000028610229403e+00
1.368999958038330078e+01,1.123599987030029368e+01
1.139999985694885254e+00,1.049540007114410312e+00
6.900000000000000000e+01,5.453799972534179830e+01
3.690000057220458984e+00,4.317599964141845881e+00
3.990000009536743164e+00,3.953600025177002042e+00
5.880000114440917969e+00,5.513800048828125355e+00
2.200000000000000000e+01,1.947999973297119070e+01
1.279999971389770508e+00,1.277120018005371005e+00
1.409999966621398926e+00,1.551999998092651323e+00
1.879999995231628418e+00,1.516000008583068936e+00
3.490000009536743164e+00,5.097999954223633168e+00
1.149999976158142090e+00,1.401800012588501065e+00
1.490000009536743164e+00,1.527380013465881259e+00
2.220000028610229492e+00,2.256000041961669922e+00
2.549999952316284180e+00,3.007200002670288086e+00
2.549999952316284180e+00,3.007200002670288086e+00
7.900000214576721191e-01,7.833999872207642046e-01
4.000000000000000000e+00,4.418980026245117543e+00
1.500000000000000000e+00,1.354000020027160689e+00
1.700000047683715820e+00,1.207999992370605513e+00
1.250000000000000000e+00,1.150600004196167037e+00
1.549999952316284180e+00,1.416000008583068848e+00
1.097999954223632812e+01,1.133799991607665980e+01
1.200000000000000000e+01,1.091841354370117223e+01
1.100000023841857910e+00,1.176775015592574913e+00
2.599999904632568359e+00,2.595199966430663974e+00
2.444000005722045898e+00,1.918000006675720126e+00
3.089999914169311523e+00,3.351999998092651367e+00
2.111000061035156250e+00,2.122799992561340332e+00
1.889999985694885254e+00,1.318000006675720259e+00
3.690000057220458984e+00,3.788000011444091708e+00
1.799999952316284180e+00,1.338000011444091752e+00
5.000000000000000000e+00,4.000600004196167347e+00
6.000000000000000000e+00,4.084980010986328125e+00
1.440999984741210938e+00,1.105800008773803800e+00
1.440999984741210938e+00,1.374000000953674361e+00
1.241000056266784668e+00,1.233180022239685147e+00
1.940999984741210938e+00,1.814999985694885298e+00
4.000000000000000000e+00,5.330000019073485973e+00
1.389999985694885254e+00,1.529600000381469815e+00
8.299999833106994629e-01,9.264199972152710183e-01
1.149999976158142090e+00,1.245800018310546875e+00
3.200000047683715820e+00,4.189380025863647106e+00
1.179999947547912598e+00,1.168794978857040423e+00
1.169999957084655762e+00,1.249799990653991610e+00
1.399000048637390137e+00,1.473800015449523881e+00
1.320000052452087402e+00,1.357999968528747603e+00
1.600000023841857910e+00,1.439999985694885298e+00
1.750000000000000000e+00,1.859999942779541060e+00
1.090000033378601074e+00,1.284000015258789151e+00
1.649999976158142090e+00,1.845799994468688920e+00
2.650000095367431641e+00,2.503800010681152433e+00
3.694200038909912109e+00,3.636000013351440519e+00
6.500000000000000000e+00,6.057999992370605824e+00
2.450000047683715820e+00,3.094000005722045810e+00
6.900000095367431641e+00,6.469999980926513850e+00
1.030000019073486328e+01,9.515999984741210227e+00
1.189000010490417480e+00,1.163579988479614302e+00
2.500000000000000000e+00,2.565999984741210938e+00
2.990000009536743164e+00,2.625999927520751953e+00
8.899999856948852539e-01,9.199600100517273393e-01
1.990000009536743164e+00,1.525999999046325772e+00
1.500000000000000000e+00,1.383999991416931197e+00
9.890000224113464355e-01,1.075600016117095992e+00
1.998999953269958496e+00,1.907999968528747647e+00
3.000000000000000000e+00,2.667999982833862305e+00
1.350000023841857910e+00,1.395000004768371493e+00
1.399999976158142090e+00,1.347999978065490767e+00
3.450000047683715820e+00,3.098000049591064453e+00
1.399999976158142090e+00,1.352999997138977006e+00
1.500000000000000000e+00,1.372399997711181596e+00
1.399999976158142090e+00,1.440000009536743120e+00
3.890000104904174805e+00,4.023799991607665660e+00
8.850000381469726562e+00,8.518840026855468039e+00
1.259999990463256836e+00,1.248000001907348722e+00
1.950000047683715820e+00,1.740000009536743164e+00
1.399999976158142090e+00,1.400999999046325772e+00
1.440000057220458984e+00,1.471379995346069336e+00
9.800000190734863281e-01,1.079800009727478027e+00
1.080000042915344238e+00,1.112000036239624068e+00
1.799999952316284180e+00,1.789179968833923384e+00
2.890000104904174805e+00,3.267999982833862394e+00
1.049999952316284180e+00,1.098000001907348588e+00
7.699999809265136719e+00,7.885999965667724432e+00
1.049999952316284180e+00,1.096599984169006392e+00
9.200000166893005371e-01,8.820000052452087180e-01
2.000000000000000000e+00,1.975999975204467685e+00
3.900000095367431641e+00,4.007999944686889471e+00
1.089799976348876953e+01,1.125799980163574254e+01
1.490000009536743164e+00,1.498899984359741255e+00
8.887999534606933594e+00,9.150000000000000355e+00
1.550000000000000000e+01,2.017799987792968608e+01
1.389999985694885254e+00,1.203600001335143999e+00
1.500000000000000000e+00,1.140000009536743075e+00
7.000000000000000000e+00,6.299999904632568537e+00
1.299999952316284180e+00,1.424419999122619629e+00
3.250000000000000000e+00,3.201800060272216975e+00
3.900000095367431641e+00,3.826000070571899503e+00
3.000000000000000000e+00,3.156000041961669833e+00
6.659999847412109375e+00,5.130000019073486683e+00
6.659999847412109375e+00,5.090000057220459340e+00
1.149999976158142090e+00,1.057999992370605380e+00
3.000000000000000000e+00,4.107380008697509410e+00
1.169999957084655762e+00,1.157400012016296387e+00
5.000000000000000000e+00,5.195800018310547053e+00
1.049999952316284180e+00,1.063800024986267134e+00
8.700000047683715820e-01,8.040000081062317339e-01
1.100000023841857910e+00,1.240000009536743164e+00
1.100000023841857910e+00,1.138000035285949618e+00
9.480000138282775879e-01,1.106500029563903809e+00
4.489999771118164062e+00,4.631379985809326527e+00
5.800000190734863281e+00,5.567999935150146129e+00
1.379999995231628418e+00,1.074000000953674316e+00
4.000000000000000000e+00,1.110000014305114746e+00
1.200000047683715820e+00,1.415799975395202637e+00
1.090000033378601074e+00,1.099800014495849521e+00
9.700000286102294922e-01,9.415600061416625755e-01
4.000000000000000000e+00,4.357000017166138051e+00
1.200000047683715820e+00,1.429600000381469727e+00
1.299999952316284180e+00,1.198000001907348677e+00
1.350000023841857910e+00,1.220000004768371671e+00
1.500000000000000000e+00,1.477999997138977006e+00
1.159999966621398926e+00,1.286000013351440430e+00
1.500000000000000000e+00,1.558000016212463423e+00
1.000000000000000000e+00,1.135999989509582475e+00
1.200000047683715820e+00,1.375399994850158736e+00
1.500000000000000000e+00,1.358800005912780717e+00
2.799999952316284180e+00,2.867999982833862482e+00
4.980000019073486328e+00,4.361800003051757635e+00
1.468999981880187988e+00,1.274880027770996183e+00
1.169000029563903809e+00,1.110000002384185835e+00
1.590000033378601074e+00,1.266479992866516024e+00
4.000000000000000000e+00,4.107379961013793768e+00
3.299999952316284180e+00,3.226000022888183771e+00
1.600000023841857910e+00,1.350000000000000089e+00
1.968999981880187988e+00,1.669999980926513583e+00
1.700000047683715820e+00,1.653999996185302690e+00
1.250000000000000000e+00,1.089800024032592685e+00
1.399999976158142090e+00,1.391100001335143999e+00
9.390000104904174805e-01,9.283866683642070239e-01
9.100000262260437012e-01,9.329866687456768171e-01
8.619999885559082031e+00,8.754599952697754262e+00
8.999999761581420898e-01,1.033980011940002441e+00
9.899999618530273438e+00,9.605999851226806996e+00
1.029999971389770508e+00,1.122000002861022860e+00
1.590000033378601074e+00,1.583400011062622070e+00
1.049999952316284180e+00,1.178000020980835005e+00
3.299999952316284180e+00,3.463999986648559570e+00
5.940000057220458984e+00,5.926000022888183949e+00
1.100000000000000000e+01,1.104179973602294851e+01
8.000000119209289551e-01,9.500000119209289773e-01
1.299999952316284180e+00,1.391800022125244229e+00
3.400000095367431641e+00,3.568000030517578303e+00
3.000000000000000000e+00,3.498000001907348722e+00
9.599999785423278809e-01,9.700000047683715598e-01
1.135000038146972656e+01,1.143800010681152379e+01
8.500000238418579102e-01,1.067100000381469682e+00
1.000000000000000000e+00,1.139800012111663818e+00
1.500000000000000000e+00,1.653800010681152344e+00
2.299999952316284180e+00,2.696999979019165217e+00
2.299999952316284180e+00,2.750999975204467596e+00
6.900000095367431641e+00,8.184000015258789062e+00
1.000000000000000000e+00,1.129999995231628418e+00
2.849999904632568359e+00,2.624000024795532404e+00
2.849999904632568359e+00,2.624000024795532404e+00
1.350000023841857910e+00,1.100000000000000089e+00
1.100000023841857910e+00,1.075979995727539107e+00
1.049999952316284180e+00,1.247000002861022860e+00
1.250000000000000000e+00,1.313999986648559659e+00
1.049999952316284180e+00,1.071999979019164995e+00
9.499999880790710449e-01,9.509999990463257058e-01
1.289000034332275391e+00,1.357379984855651811e+00
3.799999952316284180e+00,3.645999956130981268e+00
9.499999880790710449e-01,9.579999923706055132e-01
9.499999880790710449e-01,9.259999871253967729e-01
8.999999761581420898e-01,9.355599999427794966e-01
2.799999952316284180e+00,3.198000001907348455e+00
2.899899959564208984e+00,2.873800039291381836e+00
9.499999880790710449e-01,1.293600010871887251e+00
1.470000028610229492e+00,1.334000015258788974e+00
1.700000047683715820e+00,1.424000000953674405e+00
1.600000023841857910e+00,1.360000014305114746e+00
1.075000047683715820e+00,1.099000000953674228e+00
1.200000047683715820e+00,1.304920005798339888e+00
1.850000023841857910e+00,1.561999988555908159e+00
1.000000000000000000e+00,9.729999899864196777e-01
1.250000000000000000e+00,1.364000010490417525e+00
3.049999952316284180e+00,3.313999986648559659e+00
3.049999952316284180e+00,4.160000038146972834e+00
1.000000000000000000e+00,1.009799993038177579e+00
9.499999880790710449e-01,9.683285713195800559e-01
2.849999904632568359e+00,2.746000051498413086e+00
1.000000000000000000e+00,1.005999994277954057e+00
6.800000190734863281e+00,6.954000091552734020e+00
5.900000095367431641e+00,6.239799976348876953e+00
1.000000000000000000e+00,1.037999987602233887e+00
1.850000023841857910e+00,1.800000023841857866e+00
2.599999904632568359e+00,2.737884044647216797e+00
2.690000057220458984e+00,2.928000020980834783e+00
2.599999904632568359e+00,2.650000047683715998e+00
2.690000057220458984e+00,2.928000020980834783e+00
1.000000000000000000e+00,1.098000025749206632e+00
1.750000000000000000e+00,1.566000008583068759e+00
1.100000023841857910e+00,1.309999990463256880e+00
9.449999928474426270e-01,1.044000005722045987e+00
1.139999985694885254e+00,1.020799982547760054e+00
1.000000000000000000e+00,1.138000011444091797e+00
9.900000095367431641e-01,1.028173331419626857e+00
5.000000000000000000e+00,5.542199993133545277e+00
9.000000000000000000e+00,8.199999999999999289e+00
1.500000000000000000e+00,1.096000003814697310e+00
2.750000000000000000e+00,2.946000051498413264e+00
2.900000095367431641e+00,3.149999999999999911e+00
3.200000047683715820e+00,3.190000009536743342e+00
1.100000023841857910e+00,1.203999996185302734e+00
1.190000057220458984e+00,1.199980044364929110e+00
1.440000057220458984e+00,1.385900020599365234e+00
4.880000114440917969e+00,4.885400009155273615e+00
7.500000000000000000e+00,7.523999977111816229e+00
1.241000056266784668e+00,1.224000024795532271e+00
2.349999904632568359e+00,2.426000022888183505e+00
3.849999904632568359e+00,3.916000032424926669e+00
3.099999904632568359e+00,3.008000040054321200e+00
1.184999942779541016e+00,1.200000023841857999e+00
3.990000009536743164e+00,4.043800020217895863e+00
1.241000056266784668e+00,1.259119987487792969e+00
1.141000032424926758e+00,1.167799997329711958e+00
4.500000000000000000e+00,3.895800018310546786e+00
1.600000023841857910e+00,1.419380009174346924e+00
3.000000000000000000e+00,1.992000007629394442e+00
6.800000190734863281e+00,4.978999996185303090e+00
1.399999976158142090e+00,1.307999968528747559e+00
2.000000000000000000e+00,1.824000000953674316e+00
1.399999976158142090e+00,1.333799958229064941e+00
1.850000023841857910e+00,1.814400029182434038e+00
1.399999976158142090e+00,1.392600011825561479e+00
9.800000190734863281e-01,9.798000097274780495e-01
1.600000023841857910e+00,8.373799920082092285e-01
1.399999976158142090e+00,1.413000011444091708e+00
1.330000042915344238e+00,1.259999990463256836e+00
1.399999976158142090e+00,1.484800004959106356e+00
1.200000047683715820e+00,1.138036612639749867e+00
1.200000047683715820e+00,1.467378008365631148e+00
2.000000000000000000e+00,2.078000020980835139e+00
2.500000000000000000e+00,2.630000019073486239e+00
8.500000238418579102e-01,8.616000056266784890e-01
1.690000057220458984e+00,1.793799972534179776e+00
1.366999983787536621e+00,1.332000017166137695e+00
3.900000095367431641e+00,4.601380109786987305e+00
8.600000143051147461e-01,1.013740015029907182e+00
5.000000000000000000e+00,5.049999999999999822e+00
4.500000000000000000e+00,3.240000009536743164e+00
1.389999961853027344e+01,1.527799987792968750e+01
2.980000019073486328e+00,3.630000019073486239e+00
4.199999809265136719e+00,4.945999956130981090e+00
1.055000019073486328e+01,1.490000000000000036e+01
1.100000023841857910e+00,1.161600017547607333e+00
8.600000143051147461e-01,8.524400115013122115e-01
4.000000000000000000e+00,3.896000051498412997e+00
2.900000095367431641e+00,3.121999931335449396e+00
3.000000000000000000e+00,2.755579996109008611e+00
6.500000000000000000e+00,7.129999923706054510e+00
1.238999962806701660e+00,1.271099996566772417e+00
1.250000000000000000e+00,1.265140008926391557e+00
1.899999976158142090e+00,1.887599992752075240e+00
2.299999952316284180e+00,2.351559996604919434e+00
1.679999947547912598e+00,1.688000035285949663e+00
1.199000000953674316e+00,1.245999979972839400e+00
1.750000000000000000e+00,1.680000019073486284e+00
2.289999961853027344e+00,2.121800041198730558e+00
3.898000001907348633e+00,4.601380109786987305e+00
4.380000114440917969e+00,4.759379959106444957e+00
2.990000009536743164e+00,3.309999990463256658e+00
3.099999904632568359e+00,3.200000047683715820e+00
4.000000000000000000e+00,3.977999973297118963e+00
3.099999904632568359e+00,3.557999992370605380e+00
3.099999904632568359e+00,3.505999994277954279e+00
3.980000019073486328e+00,3.933800029754638494e+00
1.000000000000000000e+00,1.056000018119811923e+00
9.490000009536743164e-01,9.358000040054321733e-01
1.470000028610229492e+00,1.740000009536743164e+00
3.000000000000000000e+00,2.803779983520507724e+00
3.109999895095825195e+00,3.292000055313110352e+00
1.080000042915344238e+00,1.091800022125244185e+00
1.000000000000000000e+00,1.033800017833709672e+00
1.500000000000000000e+00,1.415999984741211026e+00
1.399999976158142090e+00,1.408959984779357910e+00
8.000000119209289551e-01,1.197500002384185747e+00
3.654000043869018555e+00,3.580000019073486417e+00
4.329999923706054688e+00,4.597999954223633168e+00
9.700000286102294922e-01,1.023600006103515536e+00
3.000000000000000000e+00,3.033600044250488459e+00
1.399999976158142090e+00,1.319999980926513716e+00
3.289999961853027344e+00,3.246732711791992188e+00
1.149999976158142090e+00,1.097800016403198242e+00
2.480000019073486328e+00,3.005999994277954279e+00
3.650000095367431641e+00,3.831400012969970792e+00
1.350000023841857910e+00,1.536000013351440430e+00
2.500000000000000000e+00,1.615999984741210982e+00
1.500000000000000000e+00,1.475999975204467685e+00
2.890000104904174805e+00,3.178000020980834783e+00
8.500000000000000000e+00,7.664600086212158381e+00
8.899999856948852539e-01,9.519999980926513450e-01
1.419999957084655762e+00,1.558000016212463423e+00
2.900000095367431641e+00,2.945799970626830966e+00
1.090000033378601074e+00,1.090000009536743253e+00
6.500000000000000000e+00,7.087999916076659801e+00
1.850000023841857910e+00,1.867191878524986581e+00
8.500000238418579102e-01,9.245999813079833762e-01
1.197999954223632812e+00,1.263800024986267090e+00
1.190000057220458984e+00,1.506384262016841280e+00
3.500000000000000000e+00,3.441599941253662198e+00
7.000000000000000000e+00,6.801799869537353160e+00
1.049999952316284180e+00,1.081999993324279874e+00
8.889999985694885254e-01,8.737999916076659712e-01
1.200000047683715820e+00,1.029999995231628329e+00
3.990000009536743164e+00,3.877799987792968750e+00
1.399999976158142090e+00,1.379800009727478072e+00
8.799999952316284180e-01,8.979999780654907005e-01
2.500000000000000000e+00,2.698759984970092951e+00
2.500000000000000000e+00,2.639379978179931641e+00
1.149999976158142090e+00,1.049379968643188388e+00
4.750000000000000000e+00,4.039999961853027344e+00
1.940000057220458984e+00,1.966799998283386142e+00
2.119999885559082031e+00,2.269999980926513672e+00
3.599999904632568359e+00,3.656000041961669833e+00
2.140000104904174805e+00,2.390864205360412775e+00
3.783999919891357422e+00,3.602000045776367010e+00
3.369999885559082031e+00,3.101965856552124201e+00
2.140000104904174805e+00,2.186000013351440341e+00
4.989999771118164062e+00,3.553800010681152255e+00
1.919999957084655762e+00,1.881379985809326083e+00
1.179999947547912598e+00,1.177230929306575247e+00
1.549999952316284180e+00,1.557924477921591944e+00
3.299000024795532227e+00,3.337999963760375888e+00
1.165999984741210938e+01,1.161900005340576136e+01
1.000000000000000000e+00,1.029999995231628329e+00
8.199999809265136719e+00,8.305999946594237571e+00
8.770000457763671875e+00,8.468000221252442117e+00
1.179999947547912598e+00,1.173775018453597996e+00
1.350000023841857910e+00,1.465999984741210849e+00
4.500000000000000000e+00,5.816000032424926580e+00
5.000000000000000000e+00,6.062000036239624023e+00
1.700000047683715820e+00,1.641999983787536532e+00
9.879000186920166016e-01,9.996000051498412642e-01
3.789000034332275391e+00,4.506000041961669922e+00
4.880000114440917969e+00,5.515999984741211115e+00
9.998000264167785645e-01,8.859800100326538086e-01
9.879000186920166016e-01,8.940000057220458540e-01
1.039999961853027344e+00,1.156000018119812012e+00
1.289999961853027344e+00,1.279999971389770508e+00
9.891999959945678711e-01,1.005400013923644975e+00
8.789999961853027344e+00,8.859999847412108664e+00
9.498000144958496094e-01,9.409800052642822710e-01
1.850000023841857910e+00,1.864399981498718217e+00
8.968999981880187988e-01,1.141999995708465665e+00
2.700000047683715820e+00,2.867999982833862482e+00
2.700000047683715820e+00,2.817999935150146573e+00
3.922199964523315430e+00,4.724939966201782582e+00
1.114500045776367188e+00,1.179279983043670654e+00
6.000000000000000000e+01,4.860000000000000142e+01
1.100000023841857910e+00,1.169000005722045987e+00
1.396800041198730469e+00,1.497380018234252930e+00
1.750000000000000000e+00,1.590000009536743253e+00
3.420000076293945312e+00,3.049999999999999822e+00
1.350000023841857910e+00,1.559999990463256880e+00
1.379999995231628418e+00,1.397600007057189897e+00
3.390000104904174805e+00,3.419999980926513583e+00
4.449999809265136719e+00,4.513799953460693182e+00
7.880000114440917969e+00,7.808000087738037109e+00
1.230000019073486328e+00,1.226000022888183549e+00
1.328999996185302734e+00,1.313999986648559659e+00
1.889999985694885254e+00,1.768000030517578036e+00
1.250000000000000000e+00,1.154000020027160733e+00
1.240000009536743164e+00,1.246799993515014693e+00
1.399999976158142090e+00,1.334000015258788974e+00
3.329999923706054688e+00,2.418000030517577947e+00
6.900000095367431641e+00,5.959999942779541371e+00
8.399999737739562988e-01,8.404000043869018777e-01
2.500000000000000000e+00,2.520000028610229315e+00
3.000000000000000000e+00,2.442779994010925382e+00
2.549999952316284180e+00,2.793800067901611506e+00
8.799999952316284180e-01,8.619799971580505149e-01
8.000000119209289551e-01,7.945999979972839800e-01
6.300000190734863281e+00,6.239999961853027521e+00
1.399899959564208984e+00,1.303999996185302823e+00
1.250000000000000000e+00,1.197980046272277832e+00
1.069000005722045898e+00,1.117999982833862260e+00
7.599999904632568359e-01,7.849799990653991699e-01
1.500000000000000000e+00,1.270000028610229537e+00
3.599999904632568359e+00,3.949999952316284091e+00
4.499000072479248047e+00,4.661999893188476740e+00
6.150000095367431641e+00,6.497999954223632635e+00
1.289999961853027344e+00,1.293999981880187944e+00
1.110000014305114746e+00,1.254920005798339844e+00
8.350000381469726562e+00,8.699999999999999289e+00
9.689999580383300781e+00,9.763999938964843750e+00
1.179999947547912598e+00,1.179800009727478116e+00
1.479900002479553223e+00,1.500022231207953638e+00
1.839900016784667969e+00,1.865771905151573318e+00
1.259899973869323730e+00,1.263800001144409269e+00
1.899999976158142090e+00,1.988000011444091886e+00
3.950000047683715820e+00,3.505599927902221857e+00
1.998000025749206543e+00,1.820000004768371538e+00
2.990000009536743164e+00,2.967600011825561435e+00
1.000000000000000000e+00,1.124000012874603271e+00
2.750000000000000000e+00,2.806599998474121005e+00
4.500000000000000000e+00,4.797799968719482777e+00
1.200000000000000000e+01,1.303799991607666087e+01
1.000000000000000000e+00,1.437999987602233798e+00
1.450000047683715820e+00,1.655539965629577726e+00
1.000000000000000000e+00,1.095999991893768399e+00
1.090000033378601074e+00,1.045000028610229448e+00
2.690000057220458984e+00,2.886000013351440519e+00
5.739999771118164062e+00,6.025999927520752308e+00
6.250000000000000000e+00,6.706400012969970348e+00
1.000000000000000000e+00,9.980000019073486106e-01
1.779999971389770508e+00,1.727800011634826660e+00
5.000000000000000000e+00,4.926000022888183949e+00
1.200000047683715820e+00,1.085600042343139560e+00
1.299999952316284180e+00,1.303200030326843173e+00
1.350000023841857910e+00,1.359520006179809615e+00
4.986999988555908203e+00,4.959999942779541371e+00
4.250000000000000000e+00,3.299999999999999822e+00
6.659999847412109375e+00,4.379380035400390447e+00
8.999999761581420898e-01,8.919999837875366433e-01
2.000000000000000000e+00,2.025380015373229980e+00
7.400000095367431641e+00,7.114000034332275568e+00
1.899999976158142090e+00,2.149999999999999911e+00
1.399999976158142090e+00,1.528000020980834872e+00
1.649000048637390137e+00,1.587980008125305265e+00
1.550000000000000000e+01,1.371799983978271520e+01
1.190000057220458984e+00,1.205800008773803667e+00
1.090000033378601074e+00,1.097160005569457919e+00
1.490000009536743164e+00,1.418000006675720126e+00
5.500000000000000000e+00,5.135999965667724432e+00
1.490000009536743164e+00,1.495000028610229403e+00
9.800000190734863281e-01,1.106000030040740878e+00
1.500000000000000000e+00,1.381999993324279696e+00
7.979999780654907227e-01,8.179999828338623269e-01
3.170000076293945312e+00,3.086000013351440252e+00
1.190000057220458984e+00,1.158000040054321333e+00
1.240000009536743164e+00,1.238999986648559481e+00
8.989999890327453613e-01,9.968000054359436035e-01
3.940000057220458984e+00,4.049599981307983043e+00
1.289000034332275391e+00,1.072000002861023038e+00
4.000000000000000000e+00,3.582000017166137695e+00
4.500000000000000000e+00,3.194000005722045898e+00
1.289000034332275391e+00,1.315000033378601163e+00
8.399999737739562988e-01,1.118999993801117032e+00
1.200000047683715820e+00,1.178000009059906095e+00
1.490000009536743164e+00,1.497000026702880904e+00
9.398999810218811035e-01,9.360000014305114302e-01
1.250000000000000000e+00,1.381999993324279696e+00
1.310999989509582520e+00,1.566000008583068759e+00
1.100000023841857910e+00,1.075099992752075240e+00
1.899999976158142090e+00,1.917599987983703569e+00
1.100000023841857910e+00,1.125399971008300692e+00
3.750000000000000000e+00,3.851999998092651367e+00
1.200000047683715820e+00,1.049999952316284180e+00
1.200000047683715820e+00,1.030000007152557462e+00
1.190000057220458984e+00,1.171580004692077681e+00
1.284999966621398926e+00,1.240000009536743164e+00
3.398999929428100586e+00,4.099999999999999645e+00
7.540000081062316895e-01,7.557799935340880904e-01
2.200000047683715820e+00,1.898000025749206454e+00
3.500000000000000000e+00,3.638000011444091797e+00
3.769999980926513672e+00,3.644000005722046076e+00
1.090000033378601074e+00,1.032800030708312944e+00
1.250000000000000000e+00,1.103480005264282138e+00
1.009999990463256836e+00,1.033799982070922940e+00
1.149000048637390137e+00,1.244665980339050293e+00
1.279999971389770508e+00,1.375599980354309082e+00
1.090000033378601074e+00,1.171199989318847612e+00
1.549999952316284180e+00,1.641999983787536532e+00
2.900000095367431641e+00,3.637999916076660067e+00
3.150000095367431641e+00,3.350000047683715731e+00
2.000000000000000000e+00,1.934200000762939409e+00
1.687999963760375977e+00,1.643999981880188033e+00
1.625000000000000000e+00,1.539305245248894893e+00
3.000000000000000000e+00,2.629999971389770597e+00
1.110000014305114746e+00,1.121600008010864347e+00
1.690000057220458984e+00,1.751999974250793457e+00
1.299999952316284180e+00,1.291000008583068848e+00
1.399999976158142090e+00,1.429199981689453169e+00
3.000000000000000000e+00,4.898000001907348633e+00
5.000000000000000000e+00,4.799999999999999822e+00
1.399999976158142090e+00,1.418000006675720126e+00
1.200000047683715820e+00,1.158000016212463290e+00
1.830000042915344238e+00,1.889999985694885254e+00
1.600000023841857910e+00,1.707999992370605513e+00
3.500000000000000000e+00,3.381599998474121183e+00
1.500000000000000000e+00,1.347999978065490767e+00
3.950000047683715820e+00,4.047400045394897283e+00
3.299999952316284180e+00,3.140000057220459162e+00
1.467499971389770508e+00,1.415599989891052291e+00
1.456699967384338379e+00,1.389799976348876864e+00
3.089999914169311523e+00,3.180000019073486506e+00
1.320000052452087402e+00,1.315599989891052202e+00
9.499999880790710449e-01,9.513999938964843306e-01
1.389999985694885254e+00,1.375999999046325639e+00
1.000000000000000000e+00,1.187200021743774370e+00
8.999999761581420898e-01,9.397999882698059304e-01
1.957000017166137695e+00,1.876999998092651278e+00
1.500000000000000000e+00,1.315599989891052202e+00
2.000000000000000000e+00,1.236000013351440385e+00
1.990000009536743164e+00,2.259599995613098322e+00
6.650000095367431641e+00,7.039379978179931996e+00
1.450000047683715820e+00,1.223400020599365146e+00
9.900000095367431641e-01,1.120220017433166459e+00
1.190000057220458984e+00,1.308000016212463423e+00
1.490000009536743164e+00,1.508000016212463379e+00
1.549999952316284180e+00,1.592000007629394531e+00
2.849999904632568359e+00,3.194000053405761541e+00
4.000000000000000000e+00,4.199799966812133967e+00
1.350000023841857910e+00,1.528999996185302690e+00
1.294999957084655762e+00,1.127380001544952437e+00
1.490000009536743164e+00,1.119800007343292325e+00
1.100000023841857910e+00,1.009379982948303223e+00
1.330000042915344238e+00,1.426999998092651323e+00
3.500000000000000000e+00,2.980000019073486328e+00
3.500000000000000000e+00,2.980000019073486328e+00
1.350000023841857910e+00,1.396199989318847701e+00
1.049999952316284180e+00,1.222000002861022949e+00
1.000000000000000000e+01,8.969999885559081676e+00
7.500000000000000000e-01,7.769999861717223899e-01
1.299999952316284180e+00,1.522979998588561923e+00
9.700000286102294922e-01,9.669999718666076882e-01
8.368999958038330078e-01,8.720000028610229714e-01
2.500000000000000000e+00,2.399799966812133700e+00
9.900000095367431641e-01,1.089600002765655606e+00
1.149999976158142090e+00,1.033999991416931108e+00
5.500000000000000000e+00,6.065999984741210938e+00
6.699999809265136719e+00,6.847300052642822266e+00
1.100000023841857910e+00,1.107980012893676758e+00
1.146000027656555176e+00,1.231007157053266354e+00
1.340000033378601074e+00,1.399799990653991744e+00
3.845000028610229492e+00,3.823999929428100408e+00
8.119999885559082031e+00,8.099999999999999645e+00
1.189999961853027344e+01,1.238399982452392578e+01
1.123000025749206543e+00,1.106400012969970703e+00
1.120000004768371582e+00,1.116400003433227539e+00
1.129999995231628418e+00,1.174000000953674405e+00
1.049999952316284180e+00,1.063380002975463867e+00
1.289999961853027344e+00,1.270000028610229537e+00
1.240000009536743164e+00,1.220000028610229492e+00
1.240000009536743164e+00,1.227600049972534135e+00
1.049999952316284180e+00,1.233200001716613814e+00
1.799999952316284180e+00,1.805400013923645020e+00
1.799999952316284180e+00,2.302199983596801669e+00
3.500000000000000000e+00,3.428000020980834783e+00
9.989999771118164062e+00,8.335999870300293324e+00
1.240000009536743164e+00,1.193600034713745206e+00
3.500000000000000000e+00,3.630000019073486239e+00
1.200000000000000000e+01,1.218499984741210973e+01
3.299999952316284180e+00,3.383799982070923029e+00
3.450000047683715820e+00,4.057999944686889293e+00
2.500000000000000000e+00,2.605399990081787021e+00
3.990000009536743164e+00,3.351800012588500799e+00
1.200000047683715820e+00,1.296000003814697266e+00
8.500000238418579102e-01,8.615599989891051802e-01
1.289999961853027344e+00,1.314779996871948242e+00
2.940000057220458984e+00,2.991667652130126864e+00
1.330000042915344238e+00,1.398000001907348633e+00
1.870000004768371582e+00,2.404000020027160733e+00
4.679999828338623047e+00,6.723937988281250000e+00
1.259999990463256836e+00,1.515400004386901811e+00
1.190000057220458984e+00,1.477999997138977006e+00
3.940000057220458984e+00,3.787200021743774236e+00
1.200000047683715820e+00,1.450399971008300870e+00
8.899999856948852539e-01,9.319999933242797407e-01
8.169000148773193359e-01,9.273400068283080833e-01
1.399999976158142090e+00,1.771000003814697354e+00
1.899999976158142090e+00,1.788980007171630859e+00
1.376999974250793457e+00,2.699800014495849609e+00
4.000000000000000000e+00,4.788000011444092152e+00
3.880000114440917969e+00,3.918800067901611506e+00
1.100000023841857910e+00,1.167980027198791459e+00
1.019999980926513672e+01,1.039799976348876953e+01
1.197999954223632812e+01,1.032599983215331996e+01
8.489999771118164062e-01,1.020000016689300626e+00
1.949000000953674316e+00,1.859571925369468914e+00
8.889999985694885254e-01,8.999999761581420898e-01
3.690000057220458984e+00,4.599999999999999645e+00
3.600000000000000000e+01,3.707598037719726847e+01
3.190000057220458984e+00,3.222913980484008789e+00
2.589999914169311523e+00,2.835999965667724609e+00
9.789999723434448242e-01,1.001999986171722368e+00
