2.500000000000000000e+00,2.743999981880187899e+00
4.000000000000000000e+00,3.578000020980835139e+00
1.000000000000000000e+00,9.820000052452086958e-01
9.300000071525573730e-01,1.478199994564056485e+00
1.299999952316284180e+00,1.307999992370605380e+00
1.820000052452087402e+00,2.832000064849853338e+00
1.990000009536743164e+00,2.088000011444091975e+00
2.490000009536743164e+00,2.233607625961303800e+00
3.880000114440917969e+00,3.332356977462768377e+00
2.140000104904174805e+00,2.630000019073486239e+00
2.599999904632568359e+00,2.707999992370605291e+00
3.500000000000000000e+00,4.213600015640258434e+00
8.280000090599060059e-01,5.251200050115585327e-01
2.250000000000000000e+00,2.040000009536742986e+00
2.700000047683715820e+00,2.782999992370605469e+00
2.289999961853027344e+00,2.605799961090087713e+00
2.289999961853027344e+00,1.974000000953674228e+00
3.329999923706054688e+00,3.120000028610229403e+00
1.659999966621398926e+00,1.766000008583068936e+00
2.250000000000000000e+00,2.395019984245300382e+00
4.400000095367431641e+00,3.209999990463257014e+00
5.400000095367431641e+00,4.698000001907348455e+00
6.000000000000000000e+00,4.607999992370605646e+00
1.997623205184936523e+00,1.194000017642974809e+00
4.000000000000000000e+00,2.936000013351440341e+00
2.880000114440917969e+00,3.034000015258789151e+00
4.750000000000000000e+00,4.791000080108642756e+00
6.300000190734863281e+00,7.177999973297119141e+00
2.800000000000000000e+01,2.409599990844726491e+01
4.699999809265136719e+00,4.769999980926513672e+00
5.949999809265136719e+00,5.927999973297119141e+00
6.250000000000000000e+00,6.665799999237060902e+00
3.299999952316284180e+00,4.018000030517578480e+00
3.099999904632568359e+00,2.954800033569335849e+00
4.000000000000000000e+00,4.123379993438720525e+00
4.690000057220458984e+00,4.923999977111816584e+00
1.490000009536743164e+00,1.846000003814697310e+00
8.000000000000000000e+00,8.264000034332275035e+00
6.800000071525573730e-01,6.659999966621399370e-01
3.880000114440917969e+00,3.991379976272583008e+00
3.789999961853027344e+00,3.645999956130981268e+00
3.490000009536743164e+00,3.518000030517578036e+00
1.419999957084655762e+00,1.355614788191659148e+00
1.419999957084655762e+00,1.499740004539489746e+00
3.500000000000000000e+00,3.505999994277954279e+00
2.849999904632568359e+00,2.885799980163574308e+00
2.549999952316284180e+00,2.794588010311126691e+00
5.500000000000000000e+00,5.688000011444091619e+00
5.820000171661376953e+00,6.360000038146973012e+00
2.000000000000000000e+00,2.418000030517577947e+00
1.940000057220458984e+00,2.561800003051757812e+00
2.660224199295043945e+00,2.561800003051757812e+00
1.110000014305114746e+00,9.837600111961364302e-01
3.200000047683715820e+00,3.077980041503906250e+00
4.190232753753662109e+00,3.409999990463256747e+00
7.769999980926513672e+00,7.636000061035156605e+00
1.000000000000000000e+00,9.630000114440917525e-01
3.000000000000000000e+00,3.048000001907348544e+00
4.500000000000000000e+00,5.511999893188476385e+00
6.900000095367431641e+00,6.603999900817870916e+00
8.100000023841857910e-01,8.340000033378600630e-01
3.329999923706054688e+00,3.311979961395263850e+00
3.039999961853027344e+00,3.087839972178141323e+00
4.900000095367431641e+00,4.797500038146973012e+00
2.690000057220458984e+00,2.182000017166137784e+00
1.149999976158142090e+00,2.248000001907348722e+00
4.500000000000000000e+00,4.531379985809325994e+00
7.579999923706054688e+00,7.557599925994873402e+00
7.000000000000000000e+00,7.499999952316284357e+00
3.900000095367431641e+00,3.638000059127807440e+00
2.500000000000000000e+00,3.176000022888183505e+00
1.450000047683715820e+00,2.737007641792297274e+00
3.388000011444091797e+00,1.820200014114379927e+00
1.878999948501586914e+00,1.949999976158142134e+00
9.900000095367431641e-01,9.890000104904175249e-01
2.099999904632568359e+00,2.157380008697509677e+00
1.000000000000000000e+00,1.076000022888183638e+00
1.000000000000000000e+00,1.521000003814697354e+00
1.350000023841857910e+00,1.394000005722045854e+00
1.649999976158142090e+00,1.842000007629394531e+00
1.750000000000000000e+00,1.705999994277954013e+00
2.220000028610229492e+00,2.187500000000000000e+00
1.230000019073486328e+00,1.361999988555908203e+00
3.980000019073486328e+00,4.058000040054321467e+00
3.099999904632568359e+00,3.564000034332275302e+00
2.980000019073486328e+00,3.070800018310547053e+00
2.950000047683715820e+00,3.075200080871582031e+00
3.000000000000000000e+00,4.893999958038330433e+00
3.589999914169311523e+00,4.893999958038330433e+00
2.490000009536743164e+00,3.107600021362304510e+00
4.800000190734863281e+00,5.496000003814697443e+00
7.699999809265136719e+00,1.042899999618530238e+01
1.799999952316284180e+00,1.977999997138977006e+00
3.650000095367431641e+00,3.873999929428100675e+00
1.049000024795532227e+00,1.131799983978271529e+00
2.699899911880493164e+00,4.082480049133300426e+00
2.000000000000000000e+00,1.820999979972839355e+00
3.000000000000000000e+00,2.059999990463256658e+00
1.100000000000000000e+01,8.599999999999999645e+00
6.000000000000000000e+00,5.993999862670898793e+00
1.149999976158142090e+00,1.141800022125244229e+00
1.490000009536743164e+00,1.677999997138976962e+00
1.389999985694885254e+00,1.257980012893676669e+00
1.990000009536743164e+00,1.904613065719604537e+00
2.799999952316284180e+00,2.660000038146972834e+00
2.598200082778930664e+00,2.952888886133830049e+00
3.349999904632568359e+00,3.544399976730346680e+00
2.700000047683715820e+00,2.778036026159922400e+00
3.500000000000000000e+00,3.203999996185302734e+00
4.500000000000000000e+00,2.670000004768371404e+00
7.500000000000000000e-01,7.504000186920165572e-01
2.480000019073486328e+00,2.553999948501586736e+00
2.599999904632568359e+00,2.680000019073486506e+00
4.949999809265136719e+00,5.309799957275390447e+00
5.400000095367431641e+00,5.535999965667724787e+00
5.800000190734863281e+00,5.828000068664550781e+00
2.000000000000000000e+00,2.080000019073486417e+00
2.289999961853027344e+00,2.154999995231628329e+00
7.500000000000000000e+00,7.777999973297118785e+00
7.860000133514404297e+00,7.750000000000000000e+00
6.389999866485595703e+00,6.831999969482422053e+00
3.174999952316284180e+00,3.613999938964843839e+00
4.150000095367431641e+00,4.619799995422363637e+00
7.699999809265136719e-01,9.826134204864501731e-01
1.940000057220458984e+00,1.973979997634887740e+00
3.440000057220458984e+00,3.614000034332275568e+00
3.400000095367431641e+00,3.435088062286376864e+00
9.300000071525573730e-01,9.250000119209289551e-01
1.399999976158142090e+00,1.390799999237060547e+00
2.079999923706054688e+00,2.212799978256225764e+00
7.500000000000000000e-01,9.840000152587891069e-01
1.500000000000000000e+00,1.468000006675720170e+00
2.980000019073486328e+00,2.518000006675720215e+00
2.950000047683715820e+00,2.900465726852416992e+00
4.000000000000000000e+00,3.999799966812133789e+00
3.839999914169311523e+00,3.929379987716674627e+00
5.000000000000000000e+00,5.396759986877441406e+00
3.450000047683715820e+00,3.181599998474121005e+00
3.400000095367431641e+00,3.551999998092651545e+00
3.000000000000000000e+00,3.099380016326904297e+00
3.500000000000000000e+00,3.495400047302246183e+00
2.519999980926513672e+00,2.681799983978271573e+00
3.500000000000000000e+00,3.557980012893676935e+00
2.799999952316284180e+00,2.735258017381032580e+00
2.598000049591064453e+00,2.632604694366455167e+00
3.500000000000000000e+00,3.255820035934448242e+00
5.039999961853027344e+00,5.173999881744384410e+00
2.980000019073486328e+00,2.879200077056884854e+00
3.339999914169311523e+00,3.196000003814697177e+00
3.980000019073486328e+00,4.495999956130981801e+00
4.199999809265136719e+00,5.975999927520751598e+00
5.199999809265136719e+00,5.375999927520751953e+00
6.420000076293945312e+00,6.576000022888183416e+00
5.500000119209289551e-01,7.269999980926513672e-01
1.450000047683715820e+00,1.419999980926513583e+00
3.099999904632568359e+00,3.136000061035156161e+00
3.250000000000000000e+00,3.100759983062744141e+00
3.900000095367431641e+00,3.681459951400756658e+00
4.800000190734863281e+00,4.507999897003173828e+00
5.400000095367431641e+00,1.158559989929199219e+01
3.799999952316284180e+00,5.160000038146972834e+00
4.625000000000000000e+00,6.265999984741211115e+00
4.699999809265136719e+00,6.127999973297119318e+00
1.679999947547912598e+00,1.715160012245178223e+00
6.999999880790710449e-01,7.019799977540970293e-01
1.679999947547912598e+00,1.687759995460510254e+00
1.950000047683715820e+00,1.710000038146972656e+00
2.480000019073486328e+00,2.901999998092651190e+00
3.000000000000000000e+00,3.124000024795532404e+00
4.000000000000000000e+00,4.097799968719482600e+00
5.000000000000000000e+00,5.271999931335448863e+00
6.500000000000000000e+00,6.939999961853027699e+00
4.500000000000000000e+00,4.467999982833862127e+00
3.099999904632568359e+00,3.121999979019165039e+00
4.500000000000000000e+00,4.488000011444091442e+00
2.869999885559082031e+00,2.760000038146972479e+00
4.400000095367431641e+00,4.990699958801269709e+00
4.690000057220458984e+00,5.027499961853027166e+00
1.590000033378601074e+00,1.522639989852905273e+00
2.690000057220458984e+00,2.893599987030029297e+00
3.500000000000000000e+00,4.611199903488159002e+00
3.700000047683715820e+00,4.718000078201294301e+00
2.319999933242797852e+00,2.735800027847290039e+00
4.900000095367431641e+00,4.941999816894531605e+00
3.000000000000000000e+00,3.811740016937255948e+00
3.400000095367431641e+00,3.235999965667724521e+00
3.200000047683715820e+00,3.720760011672973544e+00
1.700000047683715820e+00,2.273980045318603427e+00
3.499000072479248047e+00,3.542000007629394709e+00
2.400000095367431641e+00,4.549999999999999822e+00
1.679999947547912598e+00,1.695980000495910689e+00
1.750000000000000000e+00,1.352000021934509189e+00
1.250000000000000000e+00,1.317600011825561523e+00
7.500000000000000000e-01,1.079800002276897430e+00
1.600000023841857910e+00,1.695999979972839355e+00
1.440000057220458984e+00,1.388000011444091797e+00
2.299999952316284180e+00,2.315999984741210938e+00
1.679999947547912598e+00,1.579600000381469638e+00
2.703999280929565430e+00,2.868000030517578125e+00
2.898999929428100586e+00,3.126000022888183683e+00
3.000000000000000000e+00,2.848000049591064453e+00
1.679999947547912598e+00,1.689939999580383212e+00
1.330000042915344238e+00,1.658000016212463290e+00
1.799000024795532227e+00,1.865999984741210982e+00
2.230000019073486328e+00,1.724000000953674228e+00
3.279999971389770508e+00,3.054000043869018466e+00
4.249952316284179688e+00,4.303999900817871094e+00
3.950000047683715820e+00,3.948000001907348455e+00
1.559999942779541016e+00,1.515599989891052157e+00
2.750000000000000000e+00,2.730000019073486328e+00
3.736999988555908203e+00,3.342680025100707830e+00
4.349999904632568359e+00,5.130813884735107244e+00
2.880000114440917969e+00,2.944000005722045898e+00
4.190000057220458984e+00,4.431800031661987660e+00
4.179999828338623047e+00,4.236000061035156250e+00
3.200000047683715820e+00,2.700000095367431463e+00
4.440000057220458984e+00,5.407799911499023615e+00
4.596886634826660156e+00,6.594400024414062145e+00
6.630000114440917969e+00,7.723999977111816406e+00
1.350000023841857910e+00,1.827999997138977095e+00
1.590000033378601074e+00,1.564000034332275302e+00
4.199999809265136719e+00,4.179959964752197443e+00
2.990000009536743164e+00,3.023253361384074189e+00
2.849999904632568359e+00,3.576000022888183416e+00
2.990000009536743164e+00,2.609999990463256925e+00
1.110000014305114746e+00,1.078000020980834917e+00
1.620000004768371582e+00,1.736000013351440385e+00
3.990000009536743164e+00,3.811999988555908381e+00
2.049999952316284180e+00,2.388000011444091797e+00
5.769999980926513672e+00,6.389999961853026988e+00
5.550000190734863281e+00,5.939999961853027699e+00
7.349999904632568359e+00,5.799800014495849254e+00
8.750000000000000000e+00,3.577999973297119052e+00
1.100000023841857910e+00,1.380000019073486239e+00
1.149999976158142090e+00,1.118000006675720304e+00
1.490000009536743164e+00,1.602000021934509189e+00
2.299999952316284180e+00,2.337999963760375888e+00
3.599999904632568359e+00,3.665999984741211026e+00
4.199999809265136719e+00,4.247379970550537287e+00
5.550000190734863281e+00,4.524000024795531871e+00
4.440000057220458984e+00,3.556000041961669744e+00
4.769999980926513672e+00,6.072000026702880859e+00
4.960000038146972656e+00,6.169799995422363459e+00
8.489999771118164062e-01,8.942999839782714844e-01
1.700000047683715820e+00,1.781353998184204146e+00
2.000000000000000000e+00,2.083000016212463557e+00
3.039900064468383789e+00,3.298000001907348544e+00
7.500000000000000000e+00,7.831999874114989879e+00
5.000000000000000000e+00,3.632000064849853604e+00
4.989999771118164062e+00,4.857659959793091176e+00
1.289999961853027344e+00,1.217979979515075639e+00
2.420000076293945312e+00,2.459800052642822088e+00
3.900000095367431641e+00,4.065999984741210938e+00
4.206900119781494141e+00,4.255999994277954279e+00
2.400000095367431641e+00,2.373393201828002841e+00
4.900000095367431641e+00,4.701740074157714666e+00
1.720000028610229492e+00,2.236000037193298429e+00
1.250000000000000000e+00,1.350000000000000089e+00
1.399999976158142090e+00,1.467599987983703613e+00
2.599999904632568359e+00,2.673600006103515447e+00
3.579999923706054688e+00,3.833600044250488281e+00
5.000000000000000000e+00,5.245380020141601207e+00
6.000000000000000000e+00,6.277999877929687500e+00
2.450000047683715820e+00,2.861999988555908203e+00
2.380000114440917969e+00,2.950000000000000178e+00
2.299999952316284180e+00,2.278999996185302912e+00
1.234560012817382812e+01,1.139600009918212820e+01
2.500000000000000000e+00,2.248000001907348722e+00
2.799999952316284180e+00,2.516580009460449130e+00
5.000000000000000000e+00,4.643379974365234197e+00
1.690000057220458984e+00,1.755600023269653365e+00
1.000000000000000000e+01,7.871799993515014471e+00
8.399999737739562988e-01,8.140000104904174805e-01
2.200000047683715820e+00,2.047979998588561834e+00
9.702000021934509277e-01,9.818400025367737260e-01
2.500000000000000000e+00,2.925333309173583807e+00
3.000000000000000000e+00,3.005999994277954279e+00
3.690000057220458984e+00,3.632000064849853604e+00
4.000000000000000000e+00,4.196000003814697621e+00
3.990000009536743164e+00,2.938000011444091619e+00
3.314300060272216797e+00,3.927799987792968572e+00
1.200000047683715820e+00,1.018000006675720215e+00
3.500000000000000000e+00,2.957999992370605291e+00
4.989999771118164062e+00,5.113599967956543146e+00
6.499999761581420898e-01,7.076127236539667686e-01
1.799999952316284180e+00,1.557799983024597212e+00
1.990000009536743164e+00,1.698000001907348677e+00
2.150000095367431641e+00,2.136000013351440519e+00
2.799999952316284180e+00,3.496000003814697443e+00
4.000000000000000000e+00,3.913799953460693537e+00
6.800000190734863281e+00,6.975999927520751598e+00
3.500000000000000000e+00,3.673799991607666016e+00
4.250000000000000000e+00,4.441380023956298828e+00
6.500000000000000000e+00,6.576000022888183416e+00
7.800000190734863281e+00,8.087999916076659801e+00
6.999999880790710449e-01,7.621599912643433061e-01
1.549999952316284180e+00,1.527999997138977051e+00
2.000000000000000000e+00,2.040000009536742986e+00
3.751691102981567383e+00,2.932980012893676935e+00
4.050000190734863281e+00,4.073999977111816051e+00
4.399000167846679688e+00,4.457999992370605291e+00
3.000000000000000000e+00,3.128018205816095243e+00
3.269000053405761719e+00,3.427600002288818448e+00
1.289899945259094238e+00,1.344400024414062589e+00
4.854000091552734375e+00,3.798000001907348544e+00
5.500000000000000000e+00,5.204000091552734020e+00
2.869292736053466797e+00,2.668411493301391602e+00
3.900000095367431641e+00,4.203999996185302734e+00
3.900000095367431641e+00,4.141379928588866832e+00
1.250000000000000000e+00,1.520000004768371493e+00
1.575000047683715820e+00,1.524000000953674272e+00
3.000000000000000000e+00,3.350000047683715731e+00
4.000000000000000000e+00,4.746908044815063121e+00
2.299999952316284180e+00,2.230000019073486328e+00
3.009999990463256836e+00,2.748235957622528147e+00
6.000000238418579102e-01,6.699999868869781494e-01
2.450000047683715820e+00,2.613499987125396551e+00
2.000000000000000000e+00,2.128000020980834961e+00
1.000000000000000000e+00,1.085100007057189897e+00
1.600000023841857910e+00,1.629200005531310946e+00
2.665999889373779297e+00,2.570404148101806729e+00
3.690000057220458984e+00,3.700000000000000178e+00
2.000000000000000000e+01,1.700799994468689036e+01
1.990000009536743164e+00,3.375837874412536799e+00
2.390000104904174805e+00,3.621837878227233798e+00
2.200000047683715820e+00,3.621837878227233798e+00
4.206900119781494141e+00,4.314000034332275746e+00
2.450000047683715820e+00,1.922000002861022905e+00
1.498999953269958496e+00,1.399799990653991744e+00
1.025000000000000000e+01,5.801780033111572088e+00
1.970000028610229492e+00,1.835000014305114835e+00
2.990000009536743164e+00,2.960000038146972656e+00
4.449999809265136719e+00,4.215999984741211293e+00
2.390000104904174805e+00,2.913800001144409180e+00
2.200000047683715820e+00,2.579999971389770330e+00
2.390000104904174805e+00,2.609999990463256925e+00
2.000000000000000000e+00,1.957980012893676847e+00
1.500000000000000000e+00,1.490000009536743164e+00
1.779999971389770508e+00,1.587991094589233487e+00
3.160000085830688477e+00,3.131979990005492986e+00
3.200000047683715820e+00,2.542999964952469050e+00
5.989999771118164062e+00,6.665521049499512074e+00
3.990000009536743164e+00,3.719999980926513850e+00
6.800000071525573730e-01,7.009999990463257058e-01
1.850000023841857910e+00,2.028000020980834872e+00
3.450000047683715820e+00,3.335426282882690607e+00
4.500000000000000000e+00,4.774000072479248402e+00
1.399999976158142090e+00,1.750000023841857821e+00
1.456112980842590332e+00,1.689999985694885298e+00
4.206900119781494141e+00,3.905800056457519709e+00
2.500000000000000000e+00,2.501800012588501154e+00
2.900000095367431641e+00,2.740000009536743164e+00
1.250000000000000000e+00,1.273999977111816451e+00
1.359899997711181641e+00,1.398939990997314364e+00
2.700000047683715820e+00,2.707999992370605291e+00
1.330000042915344238e+00,1.300000000000000044e+00
9.900000095367431641e-01,1.329980015754699707e+00
1.750000000000000000e+00,2.035399937629699618e+00
6.000000000000000000e+00,5.738000011444091442e+00
3.480000019073486328e+00,4.389760017395019531e+00
3.789999961853027344e+00,4.035560035705566762e+00
2.849999904632568359e+00,2.362960004806518466e+00
1.559999942779541016e+00,1.826000022888183638e+00
1.779999971389770508e+00,1.759999990463256836e+00
2.033799886703491211e+00,2.079798460006713867e+00
3.900000095367431641e+00,3.950000000000000178e+00
3.187999963760375977e+00,3.267600011825561701e+00
1.600000023841857910e+00,1.482000017166137606e+00
2.344399929046630859e+00,2.436000013351440341e+00
3.799999952316284180e+00,5.009600019454955699e+00
5.000000000000000000e+00,4.700000047683715820e+00
4.000000000000000000e+00,2.686000013351440341e+00
2.400000095367431641e+00,2.955999994277954013e+00
2.039999961853027344e+00,2.071599960327148438e+00
2.750000000000000000e+00,2.680404138565063654e+00
2.849999904632568359e+00,2.907999992370605469e+00
2.990000009536743164e+00,2.957999992370605291e+00
3.900000095367431641e+00,3.934000062942504705e+00
3.200000047683715820e+00,3.727017021179199308e+00
4.289999961853027344e+00,4.469999980926513850e+00
4.690000057220458984e+00,4.607999897003173473e+00
3.000000000000000000e+00,3.846000003814697088e+00
6.349999904632568359e+00,5.927400016784668324e+00
7.289999961853027344e+00,8.569999980926514382e+00
1.100000000000000000e+01,4.929980039596557617e+00
2.089999914169311523e+00,2.384940004348754972e+00
2.990000009536743164e+00,2.911999988555908025e+00
3.500000000000000000e+00,3.594000005722045810e+00
6.200000047683715820e-01,6.497600018978119119e-01
8.500000238418579102e-01,6.939200103282928689e-01
2.599999904632568359e+00,2.961999988555908292e+00
3.750000000000000000e+00,3.730000019073486328e+00
4.000000000000000000e+00,5.566000032424926580e+00
2.099999904632568359e+00,2.269199991226196200e+00
4.500000000000000000e+00,6.277600002288818537e+00
1.799999952316284180e+00,1.783353996276855424e+00
1.099900007247924805e+00,1.229979991912841797e+00
2.099999904632568359e+00,2.095379972457885653e+00
2.375000000000000000e+00,2.043999981880188166e+00
3.400000095367431641e+00,3.575999975204467773e+00
6.000000000000000000e+00,7.215999889373779119e+00
1.750000000000000000e+00,2.619600009918213068e+00
5.000000000000000000e+00,4.366079998016357600e+00
2.000000000000000000e+00,1.949999999999999956e+00
1.149999976158142090e+00,1.274999999999999911e+00
2.969000101089477539e+00,2.844000053405761896e+00
5.500000000000000000e+00,5.345960092544555842e+00
7.799999713897705078e-01,6.789999961853027122e-01
1.159999966621398926e+00,1.227980017662048340e+00
5.000000000000000000e+00,5.529999923706054865e+00
1.750000000000000000e+00,1.824000000953674316e+00
5.280000209808349609e+00,5.390799999237060547e+00
5.949900150299072266e+00,4.929359960556030096e+00
1.350000023841857910e+00,1.365999984741210982e+00
1.990000009536743164e+00,1.940000009536743120e+00
2.990000009536743164e+00,2.922000074386596591e+00
3.500000000000000000e+00,3.153600025177001775e+00
3.517999887466430664e+00,3.714080047607422053e+00
4.500000000000000000e+00,5.158000040054321111e+00
9.499999880790710449e-01,9.599799990653992143e-01
1.330000042915344238e+00,1.356999969482421964e+00
1.500000000000000000e+00,1.946020030975341708e+00
6.999999880790710449e-01,9.616000056266784668e-01
1.990000009536743164e+00,2.000000000000000000e+00
2.740000009536743164e+00,2.817199993133544744e+00
7.000000000000000000e+00,6.947999954223632812e+00
4.190000057220458984e+00,3.697979974746703924e+00
4.900000095367431641e+00,6.849999999999999645e+00
9.900000095367431641e-01,1.139600014686584561e+00
1.100000023841857910e+00,1.119580006599426358e+00
5.989999771118164062e-01,6.270000219345093218e-01
1.524999976158142090e+00,1.456800007820129306e+00
2.500000000000000000e+00,2.588000059127807617e+00
2.599999904632568359e+00,2.698000049591064542e+00
2.849999904632568359e+00,3.460666640599568300e+00
3.000000000000000000e+00,2.965999984741210849e+00
1.940000057220458984e+00,1.999999952316284135e+00
3.000000000000000000e+00,3.047258262407211760e+00
9.800000190734863281e-01,1.115800011157989546e+00
2.026675224304199219e+00,2.026596069335937500e+00
2.119999885559082031e+00,2.047999930381775080e+00
5.449999809265136719e+00,5.669799900054931285e+00
5.989999771118164062e+00,6.197999954223632812e+00
4.000000000000000000e+00,4.092759990692139027e+00
2.750000000000000000e+00,2.616760015487670898e+00
1.899999976158142090e+00,1.979999923706054599e+00
4.500000000000000000e+00,4.985799980163574396e+00
3.500000000000000000e+00,3.428000068664550870e+00
5.550000071525573730e-01,5.655999898910522017e-01
1.799999952316284180e+00,1.786000001430511519e+00
4.900000095367431641e+00,3.772247409820556729e+00
2.500000000000000000e+00,2.009980010986327947e+00
1.289999961853027344e+00,1.535999989509582608e+00
4.500000000000000000e+00,4.799999999999999822e+00
4.500000000000000000e+00,5.176000022888183949e+00
3.000000000000000000e+00,2.813999986648559659e+00
1.679999947547912598e+00,1.557200002670288130e+00
4.000000000000000000e+00,5.667999982833862305e+00
3.190000057220458984e+00,3.038000011444091708e+00
3.980000019073486328e+00,3.221800041198730646e+00
2.990000009536743164e+00,3.148000001907348633e+00
1.799999952316284180e+00,2.327379965782165439e+00
2.500000000000000000e+00,2.293379998207092374e+00
3.333257913589477539e+00,3.357999992370605646e+00
1.740000009536743164e+00,1.716000032424926713e+00
1.490000009536743164e+00,1.387999987602233976e+00
4.400000095367431641e+00,3.466000032424926935e+00
5.000000000000000000e+00,4.358000040054321289e+00
1.440000057220458984e+00,1.387599992752075240e+00
3.500000000000000000e+00,3.637599945068359375e+00
2.799999952316284180e+00,3.048979997634887695e+00
2.579999923706054688e+00,2.030000019073486150e+00
1.299999952316284180e+00,1.257999992370605558e+00
1.299999952316284180e+00,1.296759986877441317e+00
1.080000042915344238e+00,1.036783266067504927e+00
2.000000000000000000e+00,2.843999981880187988e+00
1.299999952316284180e+00,1.288879990577697754e+00
5.000000000000000000e+00,2.698000001907348455e+00
2.880000114440917969e+00,3.233999967575073242e+00
1.299999952316284180e+00,1.314999985694885298e+00
2.193384170532226562e+00,3.187456130981445312e+00
2.200000047683715820e+00,3.363999938964843839e+00
1.440000057220458984e+00,1.451600003242492720e+00
4.500000000000000000e+00,4.449380016326903942e+00
7.500000000000000000e+00,6.969939994812011541e+00
1.440000057220458984e+00,1.373979997634887651e+00
3.500000000000000000e+00,3.537999963760376065e+00
4.500000000000000000e+00,4.507999992370605113e+00
1.440000057220458984e+00,1.480599999427795410e+00
4.500000000000000000e+00,4.635999965667724432e+00
5.092000007629394531e+00,5.388000011444091797e+00
1.299999952316284180e+00,1.347800016403198242e+00
1.350000023841857910e+00,1.325800013542175249e+00
3.980000019073486328e+00,5.127999973297119318e+00
5.900000095367431641e+00,6.796000003814697266e+00
1.440000057220458984e+00,1.373799991607665971e+00
2.000000000000000000e+00,2.252259969711303711e+00
1.679999947547912598e+00,1.605760002136230380e+00
1.980000019073486328e+00,4.046000003814697266e+00
2.000000000000000000e+00,2.077999973297119052e+00
3.599999904632568359e+00,2.652000045776367276e+00
1.590000033378601074e+00,1.493999958038330078e+00
2.349999904632568359e+00,2.576200008392333984e+00
4.199999809265136719e+00,4.283799934387206854e+00
1.200000047683715820e+00,2.149742937088012784e+00
3.500000000000000000e+00,3.035999965667724787e+00
3.599999904632568359e+00,3.552000045776367188e+00
2.484999895095825195e+00,2.500000000000000000e+00
1.500000000000000000e+00,1.443999981880188077e+00
1.639999985694885254e+00,1.610999989509582564e+00
2.740000009536743164e+00,2.906000041961669833e+00
2.500000000000000000e+00,2.768000030517578036e+00
4.190000057220458984e+00,4.101800012588500799e+00
2.990000009536743164e+00,3.383800029754638672e+00
5.739999771118164062e+00,5.865999889373779475e+00
1.799999952316284180e+00,2.059999990463256658e+00
6.499999761581420898e-01,6.750000119209289551e-01
8.299999833106994629e-01,7.753800034523010698e-01
4.300000190734863281e+00,3.980159950256347834e+00
1.350000023841857910e+00,1.408000016212463290e+00
1.649999976158142090e+00,1.863799977302551314e+00
6.299999952316284180e-01,9.806000232696533425e-01
8.500000238418579102e-01,8.036000132560729980e-01
1.629999995231628418e+00,1.685600018501281827e+00
1.250000000000000000e+00,1.273979997634887784e+00
2.400000095367431641e+00,2.507960033416748225e+00
3.000000000000000000e+00,3.035799980163574219e+00
5.980000019073486328e+00,5.885999965667724432e+00
9.200000166893005371e-01,9.530000090599060059e-01
2.000000000000000000e+00,2.086000013351440252e+00
2.990000009536743164e+00,3.039980077743530185e+00
5.899000167846679688e+00,5.915959930419921520e+00
1.419999957084655762e+00,1.198000001907348677e+00
2.749000072479248047e+00,2.936000013351440341e+00
4.000000000000000000e+00,4.087200021743774059e+00
3.500000000000000000e+00,3.516000032424926758e+00
5.000000000000000000e+00,5.565999984741210938e+00
7.860000133514404297e-01,8.400000095367431419e-01
9.990000128746032715e-01,9.927391290664673296e-01
1.430923700332641602e+00,1.389799976348876864e+00
2.599999904632568359e+00,2.500000000000000000e+00
3.200000047683715820e+00,3.097600030899047674e+00
3.000000000000000000e+00,2.927999973297119141e+00
2.390000104904174805e+00,2.435999965667724698e+00
3.200000047683715820e+00,3.205999994277954013e+00
2.900000095367431641e+00,3.923999929428100497e+00
3.990000009536743164e+00,4.823999929428100408e+00
4.349999904632568359e+00,4.963999938964843928e+00
3.500000000000000000e+00,3.355179977416992365e+00
5.989999771118164062e+00,6.056000041961669744e+00
1.179999947547912598e+00,1.237979960441589311e+00
1.289000034332275391e+00,1.255759978294372470e+00
2.499799966812133789e+00,2.528000020980834872e+00
1.440000057220458984e+00,1.335999989509582431e+00
3.230000019073486328e+00,2.755999946594238192e+00
3.690000057220458984e+00,3.915999984741211026e+00
4.717100143432617188e+00,4.519999980926513672e+00
1.399999976158142090e+00,1.427999997138976962e+00
1.889999985694885254e+00,1.891799974441528365e+00
2.099900007247924805e+00,2.324959993362426758e+00
2.390000104904174805e+00,2.372500038146972745e+00
3.000000000000000000e+00,2.903560018539428800e+00
2.900000095367431641e+00,3.036000013351440430e+00
7.300000190734863281e-01,7.179999947547912598e-01
9.200000166893005371e-01,1.029999995231628329e+00
1.199000000953674316e+00,1.485599994659423828e+00
9.599999785423278809e-01,9.465999960899352805e-01
1.899999976158142090e+00,2.421200013160705655e+00
1.980000019073486328e+00,2.057999992370605380e+00
6.899999976158142090e-01,6.820000052452087624e-01
8.700000047683715820e-01,9.114000082015991655e-01
1.389000058174133301e+00,1.383579993247985751e+00
5.000000000000000000e+00,4.801539897918701172e+00
3.189599990844726562e+00,3.465919971466064453e+00
3.500000000000000000e+00,3.487980031967162997e+00
3.349999904632568359e+00,3.479979991912841797e+00
3.200000047683715820e+00,3.051345314607991632e+00
3.736000061035156250e+00,3.718000078201293856e+00
1.500000000000000000e+00,1.581780004501342818e+00
9.315059185028076172e-01,1.082000019028782845e+00
9.890000224113464355e-01,1.037780010700225741e+00
1.299900054931640625e+00,1.219879996776580766e+00
2.500000000000000000e+00,2.878980016708374112e+00
5.199900150299072266e+00,5.064000034332275746e+00
4.900000095367431641e+00,5.333999919891357244e+00
2.500000000000000000e+00,2.903800010681152344e+00
2.500000000000000000e+00,2.738000011444091886e+00
2.849999904632568359e+00,2.996000003814697443e+00
3.849999904632568359e+00,3.712000036239623935e+00
2.759999990463256836e+00,3.093840026855468661e+00
2.500000000000000000e+00,2.815999984741210938e+00
4.449999809265136719e+00,4.528839969635010121e+00
6.750000000000000000e+00,6.358000087738036932e+00
9.300000071525573730e-01,9.600000023841858132e-01
3.500000000000000000e+00,2.509200048446655451e+00
8.880000114440917969e+00,8.584000015258789418e+00
2.700000047683715820e+00,2.720333361625671298e+00
2.799999952316284180e+00,2.700333333015441983e+00
3.160000085830688477e+00,3.154819965362548828e+00
1.899999976158142090e+00,1.777999973297119229e+00
1.879999995231628418e+00,1.739999985694885343e+00
1.970000028610229492e+00,1.699999976158142134e+00
2.349999904632568359e+00,2.333999967575073331e+00
2.500000000000000000e+00,2.525799989700317383e+00
5.349999904632568359e+00,5.335999965667724609e+00
3.000000000000000000e+00,4.774780035018920898e+00
3.900000095367431641e+00,3.378000020980834961e+00
7.000000000000000000e+00,4.932800102233886541e+00
7.000000000000000000e+00,5.427999973297119141e+00
2.750000000000000000e+00,3.057999992370605380e+00
7.799999713897705078e-01,8.108134269714355469e-01
1.549999952316284180e+00,1.921599984169006348e+00
6.099999904632568359e+00,3.823560047149658025e+00
6.420000076293945312e+00,3.448000001907348455e+00
1.500000000000000000e+00,1.500000000000000000e+00
1.659999966621398926e+00,1.609701371192932218e+00
1.700000047683715820e+00,1.785999989509582608e+00
3.279999971389770508e+00,3.183800029754638494e+00
1.250000000000000000e+00,1.275999975204467729e+00
1.500000000000000000e+00,1.616000008583068803e+00
3.000000000000000000e+00,2.809999990463256658e+00
8.880000114440917969e+00,7.467519950866699396e+00
2.599999904632568359e+00,2.768275980154673466e+00
2.980000019073486328e+00,2.819600009918212802e+00
2.443900108337402344e+00,2.762000036239624201e+00
3.390000104904174805e+00,3.530000019073486150e+00
1.399999976158142090e+00,1.406000018119812012e+00
3.500000000000000000e+00,3.655280017852783114e+00
4.976374626159667969e+00,5.196399974822997869e+00
1.549999952316284180e+00,1.820000028610229581e+00
2.000000000000000000e+00,2.878000020980834961e+00
2.700000047683715820e+00,3.063000011444091619e+00
3.000000000000000000e+00,3.699679994583129794e+00
3.839999914169311523e+00,3.699679994583129794e+00
3.650000095367431641e+00,3.839199924468994052e+00
5.500000000000000000e+00,5.819539928436279652e+00
2.700000047683715820e+00,3.069999980926513494e+00
3.000000000000000000e+00,3.138000011444091797e+00
3.589999914169311523e+00,3.151999998092651190e+00
6.399999856948852539e-01,6.480000019073486328e-01
1.090000033378601074e+00,1.333779978752136275e+00
1.600000023841857910e+00,1.684000015258789062e+00
1.457000017166137695e+00,1.376999998092651278e+00
2.585000038146972656e+00,2.689999961853027255e+00
9.799000024795532227e-01,9.796000003814697710e-01
1.789999961853027344e+00,1.029999995231628329e+00
1.990000009536743164e+00,2.167800021171570002e+00
1.200000047683715820e+00,1.300000000000000044e+00
2.119999885559082031e+00,2.122000002861022860e+00
3.380000114440917969e+00,2.979999971389770685e+00
3.630000114440917969e+00,4.299799966812133611e+00
4.400000095367431641e+00,4.054000043869018910e+00
4.769999980926513672e+00,5.376000070571899769e+00
1.284999966621398926e+00,1.636000013351440519e+00
1.470000028610229492e+00,1.340000009536743253e+00
1.000000000000000000e+00,1.033759999275207564e+00
2.000000000000000000e+00,2.098000001907348810e+00
2.250000000000000000e+00,2.222000026702880771e+00
4.400000095367431641e+00,5.196000051498413264e+00
3.599999904632568359e+00,3.364000034332275568e+00
3.200000047683715820e+00,3.941800022125244052e+00
5.800000190734863281e+00,7.207999992370605291e+00
5.979000091552734375e+00,6.546000003814697266e+00
1.559999942779541016e+00,1.537799978256225497e+00
1.269000053405761719e+00,1.570000004768371538e+00
1.370000004768371582e+00,1.292000031471252530e+00
4.000000059604644775e-01,8.439999938011168990e-01
1.049999952316284180e+00,1.135799980163574308e+00
1.088999986648559570e+00,1.149559974670410156e+00
5.989999771118164062e+00,5.468000030517577770e+00
1.328999996185302734e+00,1.375379991531372026e+00
1.260000038146972656e+01,8.793999958038330789e+00
9.989999771118164062e+00,8.539999961853027344e+00
9.100000262260437012e-01,9.276000142097473589e-01
9.330000281333923340e-01,9.346000075340270552e-01
2.000000000000000000e+00,1.501999998092651278e+00
2.549999952316284180e+00,2.832000017166137695e+00
3.750000000000000000e+00,3.477215385437011808e+00
4.800000190734863281e+00,4.033199977874756037e+00
7.880000114440917969e+00,7.591799926757812678e+00
1.500000000000000000e+00,1.928000020980835005e+00
2.549999952316284180e+00,3.273999977111816229e+00
2.880000114440917969e+00,3.143799972534179865e+00
4.489999771118164062e+00,7.833999919891357244e+00
5.150000095367431641e+00,5.433215045928955433e+00
6.900000095367431641e+00,3.965999984741210849e+00
3.200000047683715820e+00,3.538000011444091708e+00
3.190000057220458984e+00,3.542000007629394709e+00
1.879999995231628418e+00,2.209999990463257014e+00
7.900000214576721191e-01,8.379999995231628418e-01
1.549999952316284180e+00,1.337800025939941406e+00
1.990000009536743164e+00,1.839000010490417392e+00
3.000000000000000000e+00,3.025999975204467951e+00
1.990000009536743164e+00,2.080000019073486417e+00
3.440000057220458984e+00,3.581799983978271484e+00
3.890000104904174805e+00,3.955999946594238370e+00
6.900000095367431641e+00,7.325999927520752131e+00
8.489999771118164062e+00,8.368659973144531250e+00
1.980000019073486328e+00,2.053999996185302823e+00
2.599999904632568359e+00,2.574399995803832830e+00
9.700000286102294922e-01,9.938000082969665749e-01
2.000000000000000000e+00,2.019999980926513672e+00
4.000000000000000000e+00,4.059800004959106090e+00
1.578999996185302734e+00,1.579960012435912997e+00
3.000000000000000000e+00,2.061520004272460849e+00
3.450000047683715820e+00,3.960000133514404386e+00
5.500000000000000000e+00,2.263639616966247381e+00
1.200000000000000000e+01,8.857999897003173473e+00
9.499999880790710449e-01,5.630600005388259888e-01
1.980000019073486328e+00,2.013599991798400879e+00
3.500000000000000000e+00,2.290000009536742986e+00
5.199999809265136719e+00,5.005999994277954279e+00
2.500000000000000000e+00,3.236000061035156250e+00
1.478899955749511719e+00,1.483759999275207520e+00
9.089999794960021973e-01,1.935999989509582520e+00
7.500000000000000000e-01,7.020000100135803667e-01
1.588595509529113770e+00,1.555999994277954102e+00
9.219999909400939941e-01,7.879999995231627974e-01
4.699999809265136719e+00,4.732000064849853693e+00
3.900000095367431641e+00,3.679999971389770419e+00
2.690000057220458984e+00,2.726800060272216886e+00
5.000000000000000000e+00,5.224000072479247692e+00
3.099999904632568359e+00,3.332800006866455167e+00
3.250000000000000000e+00,3.319999980926513494e+00
3.380000114440917969e+00,3.399780035018920898e+00
1.600000023841857910e+00,1.907999992370605469e+00
1.700000047683715820e+00,1.777999997138977051e+00
2.299999952316284180e+00,2.268500041961670100e+00
1.620000004768371582e+00,1.525979995727539062e+00
2.500000000000000000e+00,1.796000003814697266e+00
4.389999866485595703e+00,4.513799953460693182e+00
5.989999771118164062e+00,6.007462310791015447e+00
1.600000023841857910e+00,2.219599962234497070e+00
2.900000095367431641e+00,2.653999948501586825e+00
1.700000047683715820e+00,1.805940032005310059e+00
4.900000095367431641e+00,5.036180019378662109e+00
2.000000000000000000e+00,3.242000007629394442e+00
2.099999904632568359e+00,1.929980015754699796e+00
2.544300079345703125e+00,2.809378014405568447e+00
2.700000047683715820e+00,2.877318011124928798e+00
2.099999904632568359e+00,2.418000030517577947e+00
2.678999900817871094e+00,2.867999982833862482e+00
3.799999952316284180e+00,3.886999988555908114e+00
4.000000000000000000e+00,4.039799976348876775e+00
4.500000000000000000e+00,4.639999961853026988e+00
6.000000000000000000e+00,5.577999973297119496e+00
6.400000095367431641e+00,6.437999916076660334e+00
1.000000000000000000e+00,1.070000004768371538e+00
3.400000095367431641e+00,3.153919982910156072e+00
2.980000019073486328e+00,2.236000013351440607e+00
6.000000000000000000e+00,3.279799985885619940e+00
2.988800048828125000e+00,2.337800002098083585e+00
3.000000000000000000e+00,2.734000015258788885e+00
3.000000000000000000e+00,3.776000022888183594e+00
3.450000047683715820e+00,4.513999986648559393e+00
4.089200019836425781e+00,5.015999984741211115e+00
3.160000085830688477e+00,3.483999967575073242e+00
5.000000000000000000e+00,3.819839954376220703e+00
1.789000034332275391e+00,1.817000007629394620e+00
2.299999952316284180e+00,2.894000005722046076e+00
3.000000000000000000e+00,2.996600008010864347e+00
4.000000000000000000e+00,3.980424451828002752e+00
4.749000072479248047e+00,4.527999877929687500e+00
3.990000009536743164e+00,3.857999944686889560e+00
4.150000095367431641e+00,3.939799976348877131e+00
2.554199934005737305e+00,2.797333335876464933e+00
2.848999977111816406e+00,2.755000019073486239e+00
1.490000009536743164e+00,1.524999999999999911e+00
3.500000000000000000e+00,3.667580032348632724e+00
4.099999904632568359e+00,4.988599967956543146e+00
1.490000009536743164e+00,1.554999995231628462e+00
7.900000214576721191e-01,8.347999930381775346e-01
2.279999971389770508e+00,2.285341358184814542e+00
2.190000057220458984e+00,2.103760004043579102e+00
4.099999904632568359e+00,4.659999942779540660e+00
5.295700073242187500e+00,5.351999950408935725e+00
7.500000000000000000e+00,7.539799976348876775e+00
2.390000104904174805e+00,2.501800012588501154e+00
4.900000095367431641e+00,4.713579940795898260e+00
9.499999880790710449e-01,8.499800086021422896e-01
1.500000000000000000e+00,1.289999985694885165e+00
2.069810867309570312e+00,1.874000000953674361e+00
2.440000057220458984e+00,2.388000011444091797e+00
1.200000047683715820e+00,1.512980031967163130e+00
1.580000042915344238e+00,1.502980017662048251e+00
3.000000000000000000e+00,3.392000007629394354e+00
4.170000076293945312e+00,4.066392898559570312e+00
4.949999809265136719e+00,4.517999982833861949e+00
1.399999976158142090e+00,1.483599996566772550e+00
3.000000000000000000e+00,4.082339620590209606e+00
2.849999904632568359e+00,2.910000085830688477e+00
1.875000000000000000e+00,2.100000000000000089e+00
1.679999947547912598e+00,1.705000019073486417e+00
3.750000000000000000e+00,3.938000011444091619e+00
2.900000095367431641e+00,1.929999995231628462e+00
2.400000095367431641e+00,1.396000003814697354e+00
4.500000000000000000e+00,3.583999967575073331e+00
2.839999914169311523e+00,3.000000000000000000e+00
6.250000000000000000e+00,6.457999992370605291e+00
1.450000000000000000e+01,5.359999942779540838e+00
1.299900054931640625e+00,1.209980034828185946e+00
2.599999904632568359e+00,2.191600012779235662e+00
3.460000038146972656e+00,3.317600011825561523e+00
3.200000047683715820e+00,3.126000022888183683e+00
9.399999976158142090e-01,9.770000100135802779e-01
1.049999952316284180e+00,9.999999880790710893e-01
1.200000047683715820e+00,9.618000030517578347e-01
8.000000000000000000e+00,6.315960025787353160e+00
1.500000000000000000e+00,9.355999946594237837e-01
1.470000028610229492e+00,1.699999976158142134e+00
4.349999904632568359e+00,4.657999992370605469e+00
6.989999771118164062e+00,6.696000003814697621e+00
2.500000000000000000e+00,2.799113607406616300e+00
5.686999797821044922e+00,5.886999988555908558e+00
5.696899890899658203e+00,5.838000011444091975e+00
3.480000019073486328e+00,3.381599998474121183e+00
3.990000009536743164e+00,2.448000001907348455e+00
5.000000000000000000e+00,2.720000004768371671e+00
3.342035770416259766e+00,2.980000019073486328e+00
1.300000000000000000e+01,6.845999908447265803e+00
2.259999990463256836e+00,1.675999999046325684e+00
9.998999834060668945e-01,1.058779966831207231e+00
3.500000000000000000e+00,2.887000036239624201e+00
7.800000190734863281e+00,8.197999858856201527e+00
3.000000000000000000e+00,2.809999990463256658e+00
5.500000000000000000e+00,9.153999900817870738e+00
3.490000009536743164e+00,3.424000024795532227e+00
1.500000000000000000e+00,2.085999989509582431e+00
2.579999923706054688e+00,3.170000028610229670e+00
3.400000095367431641e+00,3.016000032424926758e+00
1.360000014305114746e+00,1.375960016250610263e+00
3.200000047683715820e+00,3.465999984741210849e+00
3.099999904632568359e+00,3.068205010890960871e+00
4.400000095367431641e+00,4.427999973297119141e+00
3.000000000000000000e+00,2.005360007286071777e+00
9.800000190734863281e-01,1.315760004520416304e+00
1.700000047683715820e+00,2.041527771949767978e+00
2.990000009536743164e+00,3.188000011444091619e+00
4.000000000000000000e+00,2.614380049705505193e+00
3.000000000000000000e+00,3.611800003051757635e+00
8.000000119209289551e-01,8.123734235763550027e-01
1.450000047683715820e+00,1.438000011444091841e+00
1.750000000000000000e+00,1.803599977493286044e+00
3.829999923706054688e+00,3.945400047302245916e+00
2.869999885559082031e+00,3.071799993515014648e+00
3.750000000000000000e+00,3.874000024795532404e+00
3.799999952316284180e+00,3.605999946594238281e+00
2.000000000000000000e+00,2.057999992370605380e+00
2.549999952316284180e+00,3.307999992370605380e+00
2.799999952316284180e+00,1.699999999999999956e+00
4.500000000000000000e+00,4.325999975204467773e+00
3.880000114440917969e+00,3.917000055313110352e+00
1.450000047683715820e+00,1.494499993324279741e+00
1.000000000000000000e+00,1.459599995613098056e+00
4.889999866485595703e+00,4.987080097198486328e+00
9.998999834060668945e-01,1.200000023841857999e+00
1.370000004768371582e+00,1.304000008106231734e+00
2.890000104904174805e+00,4.595599961280822932e+00
3.999900102615356445e+00,4.065999984741210938e+00
7.500000000000000000e-01,7.833868384361266646e-01
8.488000035285949707e-01,8.015200018882751021e-01
1.919999957084655762e+00,1.980000019073486328e+00
4.099999904632568359e+00,4.259800052642821910e+00
3.200000047683715820e+00,3.349800014495849521e+00
4.999000072479248047e+00,4.493999958038330078e+00
2.750000000000000000e+00,2.861400032043456942e+00
2.279999971389770508e+00,2.405436134338378995e+00
3.500000000000000000e+01,7.700000000000000178e+00
7.500000000000000000e-01,7.635999917984008789e-01
2.000000000000000000e+00,2.000000000000000000e+00
2.741460561752319336e+00,2.836000013351440252e+00
3.200000047683715820e+00,2.760000038146972479e+00
3.500000000000000000e+00,3.357999992370605646e+00
5.110000133514404297e+00,4.925999927520751775e+00
5.000000000000000000e+00,5.405999946594238104e+00
4.380000114440917969e+00,4.606000041961669567e+00
1.593999981880187988e+00,1.559599995613098145e+00
6.899999976158142090e-01,6.780000090599059837e-01
2.299999952316284180e+00,2.409760046005248846e+00
6.200000047683715820e-01,6.737675781603212899e-01
9.499999880790710449e-01,1.000000000000000000e+00
1.870000004768371582e+00,1.768000006675720215e+00
2.220000028610229492e+00,2.387980031967162908e+00
3.598999977111816406e+00,3.789999961853027344e+00
3.329999923706054688e+00,3.475999975204467685e+00
3.289999961853027344e+00,3.279799985885619940e+00
3.980000019073486328e+00,3.951980018615722567e+00
4.349999904632568359e+00,5.247999954223632635e+00
6.990000009536743164e-01,8.277400016784668413e-01
8.888000249862670898e-01,8.779999971389770286e-01
1.389999985694885254e+00,1.455999994277954013e+00
1.990000009536743164e+00,2.387740039825439364e+00
2.950000047683715820e+00,3.006000041961669922e+00
2.257999897003173828e+00,2.313999986648559659e+00
2.339999914169311523e+00,2.178999996185302823e+00
3.390000104904174805e+00,3.144619941711425781e+00
6.000000238418579102e-01,7.279799818992614968e-01
1.690000057220458984e+00,2.816000032424926580e+00
2.690000057220458984e+00,3.456000041961670100e+00
1.600000023841857910e+00,1.574000024795532138e+00
2.000000000000000000e+00,2.035800004005432040e+00
2.789999961853027344e+00,2.474000024795532049e+00
7.000000000000000000e+00,6.853999900817870916e+00
8.694199562072753906e+00,7.185999965667724254e+00
9.999899864196777344e+00,6.788000011444092152e+00
5.500000000000000000e+00,5.978999996185303090e+00
6.999000072479248047e+00,7.577999877929687322e+00
3.484999895095825195e+00,2.636000037193298340e+00
5.500000000000000000e+00,4.975200080871582387e+00
1.789000034332275391e+00,1.933559989929199308e+00
2.599999904632568359e+00,2.711713647842407315e+00
2.789999961853027344e+00,2.835800027847290128e+00
5.489999771118164062e+00,4.795999908447265980e+00
6.000000000000000000e+00,5.875999927520751953e+00
6.480000019073486328e+00,6.446000099182128906e+00
1.500000000000000000e+00,1.560459995269775302e+00
2.130000114440917969e+00,2.148799967765808283e+00
2.900000095367431641e+00,2.845999972025553326e+00
2.799999952316284180e+00,2.906275991598765263e+00
3.650000095367431641e+00,3.537996530532836914e+00
2.490000009536743164e+00,2.790000009536742986e+00
2.900000095367431641e+00,2.933999967575073420e+00
4.590000152587890625e+00,5.140485572814941229e+00
5.310000181198120117e-01,5.787799984216690508e-01
3.500000000000000000e+00,2.777228363922664478e+00
5.000000000000000000e+00,3.106000041961670011e+00
2.799999952316284180e+00,2.858599948883056463e+00
1.968999981880187988e+00,2.025979948043823420e+00
1.330000042915344238e+00,1.303999996185302823e+00
2.500000000000000000e+00,2.509333324432373225e+00
3.099999904632568359e+00,3.120214252812521849e+00
5.539999961853027344e+00,5.458999919891357244e+00
1.500000000000000000e+00,1.925999999046325684e+00
1.879999995231628418e+00,3.074000024795532138e+00
4.000000000000000000e+00,4.011999988555908558e+00
1.000000000000000000e+00,1.053980016708373935e+00
2.399899959564208984e+00,2.476000022888183771e+00
2.000000000000000000e+00,2.701000046730041682e+00
3.950000047683715820e+00,2.104000043869018732e+00
5.900000095367431641e+00,4.919999980926514027e+00
4.799999892711639404e-01,5.359999954700469527e-01
2.099999904632568359e+00,2.378000020980834961e+00
3.099999904632568359e+00,3.215999937057495206e+00
5.289999961853027344e+00,5.493599987030028942e+00
3.899899959564208984e+00,4.187179994583130060e+00
3.990000009536743164e+00,3.979619979858398438e+00
5.000000000000000000e+00,5.000000000000000000e+00
3.900000095367431641e+00,3.823200082778930753e+00
6.989999771118164062e+00,4.729999971389770685e+00
9.250000000000000000e+00,7.433600044250487926e+00
2.500000000000000000e+00,2.896000003814697354e+00
2.950000047683715820e+00,3.017999982833862394e+00
5.699999809265136719e+00,5.678000068664550426e+00
9.498999714851379395e-01,9.638000011444092241e-01
2.029999971389770508e+00,2.177600002288818448e+00
2.849999904632568359e+00,3.005999994277954279e+00
3.089999914169311523e+00,2.943799924850464045e+00
2.999900102615356445e+00,2.933960008621215643e+00
2.999000072479248047e+00,2.947733322779337861e+00
7.489999771118164062e+00,7.883599948883056818e+00
1.587510704994201660e+00,1.625668764114379883e+00
6.589999794960021973e-01,6.809999942779541016e-01
1.190000057220458984e+00,1.273999977111816451e+00
1.899999976158142090e+00,1.889800000190734908e+00
2.400000095367431641e+00,2.607800006866455078e+00
4.000000000000000000e+00,3.554559993743896307e+00
2.771899938583374023e+00,3.035400009155273526e+00
4.489999771118164062e+00,4.356000041961669567e+00
5.000000000000000000e+00,5.153999996185302912e+00
2.529999971389770508e+00,2.730000019073486328e+00
5.880000114440917969e+00,6.035999870300292613e+00
1.500000000000000000e+00,1.537980008125305220e+00
2.460000038146972656e+00,2.544000005722045987e+00
2.200000047683715820e+00,2.191999983787536799e+00
3.349999904632568359e+00,4.328000068664550781e+00
8.000000119209289551e-01,9.198000073432922585e-01
1.580000042915344238e+00,1.664400005340576083e+00
2.450000047683715820e+00,2.501999998092651278e+00
3.131999969482421875e+00,3.143300008773803889e+00
3.250000000000000000e+00,3.688000011444091619e+00
4.000000000000000000e+00,4.389379978179931641e+00
2.690000057220458984e+00,2.661000013351440430e+00
2.990000009536743164e+00,3.011999988555908114e+00
5.500000000000000000e+00,6.101999950408935725e+00
1.850000023841857910e+00,1.843000030517578214e+00
2.250000000000000000e+00,1.862000012397766024e+00
3.390000104904174805e+00,3.119000005722045721e+00
3.400000095367431641e+00,3.634000015258789240e+00
1.200000047683715820e+00,1.247999978065490678e+00
1.299999952316284180e+00,1.309999990463256880e+00
1.430999994277954102e+00,1.318000006675720259e+00
1.200000047683715820e+00,1.281760001182556064e+00
1.575000047683715820e+00,1.513007378578186124e+00
3.000000000000000000e+00,2.948000001907348455e+00
6.099999904632568359e+00,6.376000022888183238e+00
6.380000114440917969e+00,6.238000011444091442e+00
3.849999904632568359e+00,2.830000019073486417e+00
3.990000009536743164e+00,2.853007650375366300e+00
2.880000114440917969e+00,3.090000009536743253e+00
5.300000190734863281e+00,4.971700000762939275e+00
1.190000057220458984e+00,1.249940037727355957e+00
6.000000000000000000e+00,6.138000011444091797e+00
2.740000009536743164e+00,3.405999994277954190e+00
3.019500017166137695e+00,3.710000038146972656e+00
6.900000095367431641e+00,7.337519931793212713e+00
1.289000034332275391e+00,1.236209297180175692e+00
1.340000033378601074e+00,1.263999986648559615e+00
1.773378491401672363e+00,2.359999966621399103e+00
5.500000000000000000e+00,4.713999938964843928e+00
6.099999904632568359e+00,4.298000049591064631e+00
1.090000033378601074e+00,1.043999981880187944e+00
1.139999985694885254e+00,1.166000008583068848e+00
7.360000014305114746e-01,1.011440002918243319e+00
1.620000004768371582e+00,1.520199990272522061e+00
1.189000010490417480e+00,1.275980019569396884e+00
1.350000023841857910e+00,1.440000009536743120e+00
6.500000000000000000e+00,3.935599994659424006e+00
9.500000000000000000e+00,8.197999954223632812e+00
2.200000000000000000e+01,1.700000000000000000e+01
5.000000000000000000e+00,3.938000011444091619e+00
8.880000114440917969e+00,1.457999992370605513e+00
1.599900007247924805e+00,1.621193099021911666e+00
2.900000095367431641e+00,2.352000045776367010e+00
3.400000095367431641e+00,3.433999919891357333e+00
3.990000009536743164e+00,3.894000005722046076e+00
5.500000000000000000e+00,5.443999958038330256e+00
7.800000190734863281e+00,7.790000057220458629e+00
1.720000028610229492e+00,1.748000025749206543e+00
1.675799965858459473e+00,1.750000023841857821e+00
3.980000019073486328e+00,4.137599992752075018e+00
6.900000095367431641e+00,6.671999931335449219e+00
1.998999953269958496e+00,1.582666675249735366e+00
2.150000095367431641e+00,2.266000032424926758e+00
1.279999971389770508e+00,1.437539124488830478e+00
2.900000095367431641e+00,3.157760000228881925e+00
2.799999952316284180e+00,3.047639989852905185e+00
3.033299922943115234e+00,3.725999927520752042e+00
6.000000000000000000e+00,5.885999965667724432e+00
3.700000047683715820e+00,3.801999998092651545e+00
3.000000000000000000e+00,3.121013307571411044e+00
1.000000000000000000e+00,8.459999918937682883e-01
1.700000047683715820e+00,1.729800009727477939e+00
2.555000066757202148e+00,3.957999992370605291e+00
3.990000009536743164e+00,4.360000038146973012e+00
6.980000019073486328e+00,5.636000061035156605e+00
1.250000000000000000e+00,1.274000000953674272e+00
3.000000000000000000e+00,3.923999977111816584e+00
4.500000000000000000e+00,3.944000053405761541e+00
2.598999977111816406e+00,2.492000055313110529e+00
3.950000047683715820e+00,4.569999980926513494e+00
3.700000047683715820e+00,3.799999999999999822e+00
3.200000047683715820e+00,3.284800004959106623e+00
3.500000000000000000e+00,4.241599893569945934e+00
2.750000000000000000e+00,3.013999986648559393e+00
6.899999976158142090e-01,7.429999947547912820e-01
7.450000047683715820e-01,8.049999952316284624e-01
2.128499984741210938e+00,2.722000026702880771e+00
2.500000000000000000e+00,3.115999984741210760e+00
4.989999771118164062e+00,6.217799949645995916e+00
3.990000009536743164e+00,4.150000000000000355e+00
6.900000095367431641e+00,6.353769111633300604e+00
2.549999952316284180e+00,2.554000043869018466e+00
3.299999952316284180e+00,3.822699975967407404e+00
3.756900072097778320e+00,3.840000009536743253e+00
2.889899969100952148e+00,2.971356011231740091e+00
1.450000047683715820e+00,1.491999983787536621e+00
1.625000000000000000e+00,1.777600002288818315e+00
2.000000000000000000e+00,1.715999984741210849e+00
4.900000095367431641e+00,4.560000038146972301e+00
6.000000000000000000e+00,5.501999950408935192e+00
6.400000095367431641e+00,6.237599945068359020e+00
1.990000009536743164e+00,2.159999942779541104e+00
3.329999923706054688e+00,3.487380027770996094e+00
3.990000009536743164e+00,3.799999999999999822e+00
3.000000000000000000e+00,3.255999994277954279e+00
3.400000095367431641e+00,3.569399976730346591e+00
5.480000019073486328e+00,6.038000011444092152e+00
3.390000104904174805e+00,3.327099943161010653e+00
4.219999790191650391e+00,4.439999961853027699e+00
4.599999904632568359e+00,4.635599994659424183e+00
6.000000000000000000e+00,6.339960002899170277e+00
9.299603104591369629e-01,9.234000086784363015e-01
1.179999947547912598e+00,1.239980006217956454e+00
1.574893474578857422e+00,1.529800009727477983e+00
6.000000000000000000e+00,8.092799949645996804e+00
2.999900102615356445e+00,2.734924948215484708e+00
5.800000190734863281e+00,5.865999984741210760e+00
8.999550938606262207e-01,8.627999901771545854e-01
8.750000000000000000e-01,8.211999893188476340e-01
1.289999961853027344e+00,1.295999979972839444e+00
1.399999976158142090e+00,1.524000024795532315e+00
1.480000019073486328e+00,1.559380006790161088e+00
3.799999952316284180e+00,4.057980012893676935e+00
6.000000000000000000e+00,3.700000047683715820e+00
3.200000047683715820e+00,3.325799989700317205e+00
4.690000057220458984e+00,4.065380001068115590e+00
1.000000000000000000e+00,1.034000003337860019e+00
1.250000000000000000e+00,1.127780008316040083e+00
2.500000000000000000e+00,2.740000009536743164e+00
3.674999952316284180e+00,3.773799991607666104e+00
5.000000000000000000e+00,4.507999992370605113e+00
1.750000000000000000e+00,2.697799992561340510e+00
1.389999985694885254e+00,1.389999985694885254e+00
1.250000000000000000e+00,1.526666665077209384e+00
1.899999976158142090e+00,1.919999980926513583e+00
3.000000000000000000e+00,2.976000022888183771e+00
3.493999958038330078e+00,3.484000015258788885e+00
3.799999952316284180e+00,3.855299997329711736e+00
4.500000000000000000e+00,4.591799974441528320e+00
2.660000085830688477e+00,3.009697765774197009e+00
3.660000085830688477e+00,3.914000034332275391e+00
2.000000000000000000e+01,1.059999990463256836e+01
1.049999952316284180e+00,1.114000010490417525e+00
6.000000000000000000e+00,5.539999961853027344e+00
2.500000000000000000e+00,2.375999975204467596e+00
2.599999904632568359e+00,2.484000015258788885e+00
4.400000095367431641e+00,4.792660522460937322e+00
2.589999914169311523e+00,3.053999996185302823e+00
5.496900081634521484e+00,5.500000000000000000e+00
6.949999809265136719e+00,6.967999935150146484e+00
2.390000104904174805e+00,2.835999965667724609e+00
5.500000000000000000e+00,4.523999977111816229e+00
2.190000057220458984e+00,3.305379962921142667e+00
6.499999761581420898e-01,5.640200018882751687e-01
8.500000238418579102e-01,1.073000001907348677e+00
3.450000047683715820e+00,3.573799991607665927e+00
8.899999856948852539e-01,9.736000061035156028e-01
1.899999976158142090e+00,2.098000001907348810e+00
3.849100112915039062e+00,3.729960012435912908e+00
3.009999990463256836e+00,2.912300014495849521e+00
2.690000057220458984e+00,2.727999973297118963e+00
2.980000019073486328e+00,2.959999990463257014e+00
1.590000033378601074e+00,1.659010028839111417e+00
3.900000095367431641e+00,3.532199954986572354e+00
5.900000095367431641e+00,6.055999946594238459e+00
2.740000009536743164e+00,2.984168577194213690e+00
7.090000152587890625e+00,7.320000076293945668e+00
7.399899959564208984e+00,7.743999958038330078e+00
2.500000000000000000e+00,1.634000015258789018e+00
2.990000009536743164e+00,3.113584232330322443e+00
3.381999969482421875e+00,3.353999996185302646e+00
7.799999713897705078e-01,7.909999966621399370e-01
1.600000023841857910e+00,1.520000004768371493e+00
1.200000000000000000e+01,6.746860027313232422e+00
3.500000000000000000e+00,1.029620000380964573e+00
8.880000114440917969e+00,3.648000001907348633e+00
3.900000095367431641e+00,4.049999999999999822e+00
3.990000009536743164e+00,3.907999992370605469e+00
2.990000009536743164e+00,3.195800018310547053e+00
2.890000104904174805e+00,3.219999980926513850e+00
3.499000072479248047e+00,3.434000015258789062e+00
2.001564502716064453e+00,2.134980010986327947e+00
2.099999904632568359e+00,2.210760021209716708e+00
2.869999885559082031e+00,2.989111116197373796e+00
5.989999771118164062e+00,6.257999992370605113e+00
3.289999961853027344e+00,3.311560010910034269e+00
2.650000095367431641e+00,2.895980024337768466e+00
3.150000095367431641e+00,3.605999994277953924e+00
2.400000095367431641e+00,2.643999958038329989e+00
4.130000114440917969e+00,4.281560134887695490e+00
6.000000000000000000e+00,6.037999916076659979e+00
1.429999947547912598e+00,1.619599986076355025e+00
3.480000019073486328e+00,3.637976551055908114e+00
2.799999952316284180e+00,3.111999988555908203e+00
3.900000095367431641e+00,3.755999898910522550e+00
1.590000033378601074e+00,1.587999987602233931e+00
9.900000095367431641e-01,9.819999933242797852e-01
2.000000000000000000e+00,2.219999980926513850e+00
2.839999914169311523e+00,3.509200000762939364e+00
2.920000076293945312e+00,2.157800030708313166e+00
5.300000190734863281e+00,5.421999931335449219e+00
1.000000000000000000e+00,1.266979980468750044e+00
6.899999976158142090e-01,7.480000019073486106e-01
1.990000009536743164e+00,1.988000011444091886e+00
3.589999914169311523e+00,3.335999965667724609e+00
5.500000000000000000e+00,3.673992156982421875e+00
9.000000000000000000e+00,6.700000000000000178e+00
2.900000095367431641e+00,2.887999963760376154e+00
3.880000114440917969e+00,3.848000049591064453e+00
2.750000000000000000e+00,2.697999954223632812e+00
2.921649932861328125e+00,3.113800048828125000e+00
3.450000047683715820e+00,3.422157001495361506e+00
2.950000047683715820e+00,2.969960021972656072e+00
2.970000028610229492e+00,3.491980028152465998e+00
1.690000057220458984e+00,1.940000009536743120e+00
1.950000047683715820e+00,1.934000015258789062e+00
2.900000095367431641e+00,3.006599950790405096e+00
4.839900016784667969e+00,4.742000007629394887e+00
3.197999954223632812e+00,3.829799985885620206e+00
3.450000047683715820e+00,3.805800008773803533e+00
2.153599977493286133e+00,2.154000043869018555e+00
1.440000057220458984e+00,1.585999989509582431e+00
1.659999966621398926e+00,1.859999990463256925e+00
2.295000076293945312e+00,2.272000026702881037e+00
1.250000000000000000e+00,1.338000011444091752e+00
1.498999953269958496e+00,1.498000001907348722e+00
2.690000057220458984e+00,2.765999937057495028e+00
6.000000000000000000e+00,5.633999919891357067e+00
5.000000000000000000e+00,3.772661972045898260e+00
3.299999952316284180e+00,3.313999986648559659e+00
6.500000000000000000e+00,4.873999977111816762e+00
6.899999976158142090e-01,1.022000002861022994e+00
1.399999976158142090e+00,1.477599978446960449e+00
1.700000047683715820e+00,1.487980008125305176e+00
2.099999904632568359e+00,3.279999971389770508e+00
2.990000009536743164e+00,3.420000028610229670e+00
2.289999961853027344e+00,3.377799987792968750e+00
2.700000047683715820e+00,3.194000005722045898e+00
2.400000095367431641e+00,3.560000038146972745e+00
1.100000000000000000e+01,7.862000036239623846e+00
1.275000000000000000e+01,1.105199985504150462e+01
3.879999923706054688e+01,2.636753997802734517e+01
7.500000000000000000e-01,7.859000086784362349e-01
8.989999771118164062e+00,7.088000106811523260e+00
8.000000119209289551e-01,9.440000057220458984e-01
4.900000095367431641e-01,4.900000035762787087e-01
1.710000038146972656e+00,1.829999995231628374e+00
1.400000000000000000e+01,1.536000003814697301e+01
2.500000000000000000e+00,2.515959978103637695e+00
9.990000128746032715e-01,1.355800020694732710e+00
6.500000000000000000e+00,5.299999999999999822e+00
5.000000000000000000e+00,3.605999994277953924e+00
1.299999952316284180e+00,1.283980011940002441e+00
1.250000000000000000e+00,1.235999989509582564e+00
5.989999771118164062e+00,3.136000013351440519e+00
1.340000033378601074e+00,1.353994369506835938e+00
1.960000038146972656e+00,3.568000006675720037e+00
3.500000000000000000e+00,4.168000078201293590e+00
4.489999771118164062e+00,3.965999984741210849e+00
6.000000000000000000e+00,3.601799964904785156e+00
7.489999771118164062e+00,9.199999999999999289e+00
4.159900188446044922e+00,3.415999984741211026e+00
1.100000023841857910e+00,1.047366547584533736e+00
1.480000019073486328e+00,1.003600001335144043e+00
1.200000047683715820e+00,1.248000025749206543e+00
6.000000238418579102e-01,6.585985179300661851e-01
8.690000176429748535e-01,8.870000123977661577e-01
2.099999904632568359e+00,2.379999971389770597e+00
2.700000047683715820e+00,2.379999971389770597e+00
1.990000009536743164e+00,1.941840028762817472e+00
1.000000000000000000e+00,1.199999976158142134e+00
3.497999906539916992e+00,3.453999996185302734e+00
6.000000238418579102e-01,5.902200043201446533e-01
1.100000023841857910e+00,1.691800022125244052e+00
2.769999980926513672e+00,2.773959970474243253e+00
4.000000000000000000e+00,3.762799978256225586e+00
8.000000000000000000e+00,9.531999969482422230e+00
7.000000000000000000e+00,9.531999969482422230e+00
2.098999977111816406e+00,2.182000017166137784e+00
4.000000000000000000e+00,4.163799953460693537e+00
2.799999952316284180e+00,2.933379983901977628e+00
1.149999976158142090e+00,1.248000025749206543e+00
1.289999961853027344e+00,1.250000023841857821e+00
1.399999976158142090e+00,1.393799996376037686e+00
2.880000114440917969e+00,2.889355537626478565e+00
8.500000238418579102e-01,8.880000114440917969e-01
2.490000009536743164e+00,2.874000024795532404e+00
2.490000009536743164e+00,2.401000046730041415e+00
2.599999904632568359e+00,2.559999942779541016e+00
3.190000057220458984e+00,3.269999933242798029e+00
2.450000047683715820e+00,2.269799995422363104e+00
1.942999958992004395e+00,2.959456110000610263e+00
1.220000028610229492e+00,1.333999991416931152e+00
1.789999961853027344e+00,1.956000006198883145e+00
1.090000033378601074e+00,1.018999981880188033e+00
1.570000052452087402e+00,1.531999993324279830e+00
4.000000000000000000e+00,4.159999990463257191e+00
1.610000014305114746e+00,1.771600008010864258e+00
1.950000047683715820e+00,1.938000011444091841e+00
3.190000057220458984e+00,3.320673338572183830e+00
3.000000000000000000e+00,3.578000020980835139e+00
1.350000023841857910e+00,1.357794356346130327e+00
3.500000000000000000e+00,3.807999944686889737e+00
4.179999828338623047e+00,4.522000026702881037e+00
5.500000000000000000e+00,5.322000026702880859e+00
1.225000023841857910e+00,1.297999978065490723e+00
1.269999980926513672e+00,1.153999996185302690e+00
1.500000000000000000e+00,1.795999979972839444e+00
1.988999962806701660e+00,2.011999988555908114e+00
2.799999952316284180e+00,2.572000026702880859e+00
3.000000000000000000e+00,1.620000028610229403e+00
8.000000119209289551e-01,1.261196422576904341e+00
1.250000000000000000e+00,1.191980004310607910e+00
7.469000220298767090e-01,8.221999883651733843e-01
1.250000000000000000e+00,1.177331688006719057e+00
1.950000047683715820e+00,1.961999964714050249e+00
2.000000000000000000e+00,2.085999989509582431e+00
1.149999976158142090e+00,4.530000019073486150e+00
4.000000000000000000e+00,4.296000051498412908e+00
1.200000047683715820e+00,1.202904629707336470e+00
1.598999977111816406e+00,1.533399987220764205e+00
1.840000033378601074e+00,1.693200004100799516e+00
3.690000057220458984e+00,3.319920015335083185e+00
3.690000057220458984e+00,3.865999937057495117e+00
9.300000071525573730e-01,9.937600016593932661e-01
1.750000000000000000e+00,1.899999999999999911e+00
2.250000000000000000e+00,2.206000041961670100e+00
2.349999904632568359e+00,2.383800029754638672e+00
5.000000000000000000e+00,3.999980020523071111e+00
4.000000000000000000e+00,4.287999963760375621e+00
3.099999904632568359e+00,2.854164556662241559e+00
8.980000019073486328e-01,1.338000011444091752e+00
1.690000057220458984e+00,1.915799999237060458e+00
2.490000009536743164e+00,2.087000018358230680e+00
3.740000009536743164e+00,3.847799968719482600e+00
3.960000038146972656e+00,4.096392869949340820e+00
5.500000000000000000e+00,4.896000099182129084e+00
1.200000047683715820e+00,1.265979981422424405e+00
2.000000000000000000e+00,2.155700016021728338e+00
2.390000104904174805e+00,2.559799957275390447e+00
2.799999952316284180e+00,2.838999962806701749e+00
9.750000238418579102e-01,9.785199999809265359e-01
3.000000000000000000e+00,3.147800016403198065e+00
3.700000047683715820e+00,3.884000015258789240e+00
2.880000114440917969e+00,2.859999990463256925e+00
1.580000042915344238e+00,1.756042933464050382e+00
1.389999985694885254e+00,1.523181939125060946e+00
3.000000000000000000e+00,2.486000061035156250e+00
3.200000047683715820e+00,3.757651758193969904e+00
3.490000009536743164e+00,3.807651758193969727e+00
2.549999952316284180e+00,1.990000009536743164e+00
5.000000000000000000e+00,4.944419860839843750e+00
5.199999809265136719e+00,4.896419906616211293e+00
1.000000000000000000e+00,8.807999968528748003e-01
1.200000047683715820e+00,2.140000009536743075e+00
8.489999771118164062e-01,8.049583077430725320e-01
1.250000000000000000e+00,1.363999986648559481e+00
2.000000000000000000e+00,2.459600019454955877e+00
2.289999961853027344e+00,2.299999999999999822e+00
2.400000095367431641e+00,2.667000007629394709e+00
4.000000000000000000e+00,4.126000022888183238e+00
4.699999809265136719e+00,5.107800006866455078e+00
5.242000102996826172e+00,5.378200054168701172e+00
3.319999933242797852e+00,3.490000009536743164e+00
1.787999987602233887e+00,1.937999987602233798e+00
2.049999952316284180e+00,2.073699951171875000e+00
1.100000023841857910e+00,1.316054773330688432e+00
1.200000047683715820e+00,8.040000081062317339e-01
1.669899940490722656e+00,1.632760000228881792e+00
4.000000000000000000e+00,3.003999996185302557e+00
2.990000009536743164e+00,3.565999984741210938e+00
4.749000072479248047e+00,5.907999992370605469e+00
2.319999933242797852e+00,2.566000032424926580e+00
2.829999923706054688e+00,3.266057994365691997e+00
6.000000000000000000e+00,4.655799961090087535e+00
2.950000047683715820e+00,3.006000041961669922e+00
6.499999761581420898e-01,6.170000076293945535e-01
6.890000104904174805e-01,6.509599924087524636e-01
1.440000057220458984e+00,1.575999999046325595e+00
1.960000038146972656e+00,1.996000003814697221e+00
3.000000000000000000e+00,3.003800010681152433e+00
8.000000119209289551e-01,7.651999950408935325e-01
3.589999914169311523e+00,3.749860024452209561e+00
4.900000095367431641e+00,4.048000001907348988e+00
3.849999904632568359e+00,4.076620006561279652e+00
4.750000000000000000e+00,4.637999916076660512e+00
8.500000238418579102e-01,8.856000065803527610e-01
2.880000114440917969e+00,2.771584272384643555e+00
1.350000023841857910e+00,1.300000023841857866e+00
3.490000009536743164e+00,3.713999986648559570e+00
5.799900054931640625e+00,6.185789203643798473e+00
8.998999595642089844e+00,7.851999950408935725e+00
1.899999976158142090e+00,1.993980002403259233e+00
1.500000000000000000e+00,1.729600024223327592e+00
1.090000033378601074e+00,1.318000006675720259e+00
1.149999976158142090e+00,1.297999978065490723e+00
3.140000104904174805e+00,3.204640007019043058e+00
4.439000129699707031e+00,4.752000045776367365e+00
2.910000085830688477e+00,3.413899946212768377e+00
2.399899959564208984e+00,2.387979984283447266e+00
2.799999952316284180e+00,2.774000024795532315e+00
4.300000190734863281e+00,2.984000018984079183e+00
6.499999761581420898e-01,6.954833318789799268e-01
1.771147131919860840e+00,1.648000001907348633e+00
2.220000028610229492e+00,2.441400003433227717e+00
2.299999952316284180e+00,2.365999984741210760e+00
3.990000009536743164e+00,3.994600009918213068e+00
1.080000019073486328e+01,1.681380004882812429e+01
2.500000000000000000e+00,2.617000007629394442e+00
5.690000057220458984e+00,6.161999988555908025e+00
2.000000000000000000e+00,2.100000000000000089e+00
4.099999904632568359e+00,4.213800001144409002e+00
2.250000000000000000e+00,2.167999982833862305e+00
3.099999904632568359e+00,3.319554322106498034e+00
3.000000000000000000e+00,3.407599973678588690e+00
1.746000051498413086e+00,2.646000051498412997e+00
1.980000019073486328e+00,1.972000050544738814e+00
1.950000047683715820e+00,1.903999996185302690e+00
5.250000000000000000e+00,4.827680063247680842e+00
5.550000190734863281e+00,5.719999980926513850e+00
5.746900081634521484e+00,5.918000030517577947e+00
5.199999809265136719e+00,5.317999935150146129e+00
6.941999912261962891e+00,6.298000049591064631e+00
1.330000042915344238e+00,1.331331684192021747e+00
8.899999856948852539e-01,1.123000001907348722e+00
1.500000000000000000e+00,1.748000025749206543e+00
2.039999961853027344e+00,2.255379962921142400e+00
4.150000095367431641e+00,4.515999984741211115e+00
2.690000057220458984e+00,2.335399985313415527e+00
1.549999952316284180e+00,1.177999997138976962e+00
1.850000023841857910e+00,1.644000005722045854e+00
2.599999904632568359e+00,2.407964515686034979e+00
2.500000000000000000e+00,2.271379995346069158e+00
2.000000000000000000e+00,2.181399965286254794e+00
4.199999809265136719e+00,4.269999885559082387e+00
4.489999771118164062e+00,4.288000011444092152e+00
8.887999534606933594e+00,3.225580072402954190e+00
5.500000119209289551e-01,6.427999973297119363e-01
1.980000019073486328e+00,1.984000015258789107e+00
2.720000028610229492e+00,2.705999994277954013e+00
4.880000114440917969e+00,4.831000041961670100e+00
1.700000047683715820e+00,1.144000005722045854e+00
5.000000000000000000e+00,3.265520048141479670e+00
1.649999976158142090e+00,1.831574177742004483e+00
1.000000000000000000e+00,9.513539671897888184e-01
2.500000000000000000e+00,2.399999999999999911e+00
4.190000057220458984e+00,3.972000026702880771e+00
3.799999952316284180e+00,4.273199987411499201e+00
9.300000071525573730e-01,9.392782330513000932e-01
3.200000047683715820e+00,2.559980058670043856e+00
5.500000000000000000e+00,4.399999952316283824e+00
1.130000019073486328e+01,1.205799999237060582e+01
2.589999961853027344e+01,2.384199981689453196e+01
3.400000000000000000e+01,2.706399993896484446e+01
3.941999912261962891e+00,4.245999956130981801e+00
