,blocknumber,contracthash,ethprice,fromaddress,timestamp,toaddress,tokenid,tokenuri,transactionhash,running_sell_count,running_whale_weight,loop_id,collection name
7866,12776238,0x1A92f7381B9F03921564a437210bB9396471050C,0.1,0xaf611d53b8d52fa4a059f84c61cca0921d276dd8,2021-07-06,0xfe5573c66273313034f7ff6050c54b5402553716,8215,https://api.coolcatsnft.com/cat/8215,0x480cc6d08d2730dfae17b9844cc9f85fafcec2d8c84b3e469ae98a1734a5a877,3.0,3.0,COOLCAT1,coolcat
20857,12782029,0x1A92f7381B9F03921564a437210bB9396471050C,0.75,0xfe5573c66273313034f7ff6050c54b5402553716,2021-07-07,0x2ccc5e98e7ce96321752beb10eb3f8b8af5efcf7,6351,https://api.coolcatsnft.com/cat/6351,0xbfcd954ea1cffa0788b4f3058c3cf256503fa0e316e5e0954af780163ac0dfc6,2.0,2.0,COOLCAT1,coolcat
15594,12771827,0x1A92f7381B9F03921564a437210bB9396471050C,0.3,0x2ccc5e98e7ce96321752beb10eb3f8b8af5efcf7,2021-07-06,0xaf611d53b8d52fa4a059f84c61cca0921d276dd8,2,https://api.coolcatsnft.com/cat/2,0x8f4833646bd4cae819290c1e54d1acf5a67a5b6a926a7090bded6b51590740ea,15.0,15.0,COOLCAT1,coolcat
10322,12795109,0x1A92f7381B9F03921564a437210bB9396471050C,1.5,0x15f7320adb990020956d29edb6ba17f3d468001e,2021-07-09,0xf05155f792819710da259c103d30e4b70178ea9f,2119,https://api.coolcatsnft.com/cat/2119,0x5ea360fd81e05b923f0ca7609221949d9d714f029a8a1df3000756cfe2a06124,1.0,1.0,COOLCAT10,coolcat
15511,12745290,0x1A92f7381B9F03921564a437210bB9396471050C,0.09,0xc3f201186fd0e2a63b494b631a4f43e72b8957e6,2021-07-02,0x15f7320adb990020956d29edb6ba17f3d468001e,42,https://api.coolcatsnft.com/cat/42,0x8eb5661bcd28aa76573e5128bdf1c978bf80cb59955e128e7e176592f9fd6f65,1.0,1.0,COOLCAT10,coolcat
10751,12750625,0x1A92f7381B9F03921564a437210bB9396471050C,0.06,0xf05155f792819710da259c103d30e4b70178ea9f,2021-07-02,0xf7e20ed715a0d83f89130796c44c3d36c724a0c4,9404,https://api.coolcatsnft.com/cat/9404,0x6304b261b8ee30fc82f30ef30cfb5f6fd3c7daca6e301925ec37c8dcef525763,4.0,4.0,COOLCAT103,coolcat
23097,12759116,0x1A92f7381B9F03921564a437210bB9396471050C,0.1,0xf7e20ed715a0d83f89130796c44c3d36c724a0c4,2021-07-04,0x88a72b209091f4a4ffa3514e520adbe124ca269a,2832,https://api.coolcatsnft.com/cat/2832,0xd4f592467d014780d3c5a67d534773a3e37544bbf2b03d6d18a107a9fa942993,2.0,2.0,COOLCAT103,coolcat
14543,12761786,0x1A92f7381B9F03921564a437210bB9396471050C,0.195,0x88a72b209091f4a4ffa3514e520adbe124ca269a,2021-07-04,0xf05155f792819710da259c103d30e4b70178ea9f,7987,https://api.coolcatsnft.com/cat/7987,0x85970e4240dc8c2114cd6c89a4f491d921be06aa60f288d5583eda3a8233a02d,2.0,2.0,COOLCAT103,coolcat
7688,12761410,0x1A92f7381B9F03921564a437210bB9396471050C,0.2,0xf7e20ed715a0d83f89130796c44c3d36c724a0c4,2021-07-04,0x6d5a7d96d86e6d93ecdf180624fd89f93f988ddd,9404,https://api.coolcatsnft.com/cat/9404,0x467b5a43a78ed1c074849b97e83e7fadbffc4817d1c602229457e4c424524b8c,2.0,2.0,COOLCAT104,coolcat
278,12759117,0x1A92f7381B9F03921564a437210bB9396471050C,0.029,0x6d5a7d96d86e6d93ecdf180624fd89f93f988ddd,2021-07-04,0xf05155f792819710da259c103d30e4b70178ea9f,1202,https://api.coolcatsnft.com/cat/1202,0x025d1a949c6aa09fc02bc5995ab58f39b2dac9dba70b49173fc662555b5b9744,1.0,1.0,COOLCAT104,coolcat
10751,12750625,0x1A92f7381B9F03921564a437210bB9396471050C,0.06,0xf05155f792819710da259c103d30e4b70178ea9f,2021-07-02,0xf7e20ed715a0d83f89130796c44c3d36c724a0c4,9404,https://api.coolcatsnft.com/cat/9404,0x6304b261b8ee30fc82f30ef30cfb5f6fd3c7daca6e301925ec37c8dcef525763,4.0,4.0,COOLCAT104,coolcat
10751,12750625,0x1A92f7381B9F03921564a437210bB9396471050C,0.06,0xf05155f792819710da259c103d30e4b70178ea9f,2021-07-02,0xf7e20ed715a0d83f89130796c44c3d36c724a0c4,9404,https://api.coolcatsnft.com/cat/9404,0x6304b261b8ee30fc82f30ef30cfb5f6fd3c7daca6e301925ec37c8dcef525763,4.0,4.0,COOLCAT106,coolcat
17921,12759099,0x1A92f7381B9F03921564a437210bB9396471050C,0.027,0xbd0247706f8486aaa6b372d81ab4b85f6f4c57ef,2021-07-04,0xf05155f792819710da259c103d30e4b70178ea9f,519,https://api.coolcatsnft.com/cat/519,0xa4810239555ea2346dae18d2c360c974462604e394282268cf8d2179b0bdf557,2.0,2.0,COOLCAT106,coolcat
14819,12752469,0x1A92f7381B9F03921564a437210bB9396471050C,0.15,0xf7e20ed715a0d83f89130796c44c3d36c724a0c4,2021-07-03,0xbd0247706f8486aaa6b372d81ab4b85f6f4c57ef,2634,https://api.coolcatsnft.com/cat/2634,0x88249cbd07590c521c3774afe2d30b6de762496bf542d855ddfe2d691d708925,1.0,1.0,COOLCAT107,coolcat
10751,12750625,0x1A92f7381B9F03921564a437210bB9396471050C,0.06,0xf05155f792819710da259c103d30e4b70178ea9f,2021-07-02,0xf7e20ed715a0d83f89130796c44c3d36c724a0c4,9404,https://api.coolcatsnft.com/cat/9404,0x6304b261b8ee30fc82f30ef30cfb5f6fd3c7daca6e301925ec37c8dcef525763,4.0,4.0,COOLCAT107,coolcat
244,12759116,0x1A92f7381B9F03921564a437210bB9396471050C,0.029,0xbd0247706f8486aaa6b372d81ab4b85f6f4c57ef,2021-07-04,0xf05155f792819710da259c103d30e4b70178ea9f,1547,https://api.coolcatsnft.com/cat/1547,0x020715f0bb2a6cfe972d3e47873eca940a8fb142a35abccc18c4417394b2cb82,1.0,1.0,COOLCAT107,coolcat
25344,13233041,0x1A92f7381B9F03921564a437210bB9396471050C,5.45,0x342c6bfa287ce37b8b53eee0e5b6e6bcbea98c76,2021-09-15,0xb697b9455eeee9574ec5c5350cb10c8a5b752a39,1853,https://api.coolcatsnft.com/cat/1853,0xe9561b63cb026cc1bc9e1c2caaeb431f377ddc0d6c4e94edc4caa1d1aed25c31,6.0,6.0,COOLCAT108,coolcat
9119,13246464,0x1A92f7381B9F03921564a437210bB9396471050C,6.05,0xb697b9455eeee9574ec5c5350cb10c8a5b752a39,2021-09-18,0x342c6bfa287ce37b8b53eee0e5b6e6bcbea98c76,261,https://api.coolcatsnft.com/cat/261,0x53f77b6b88e826a95198d32fe21f76a6b344d089869fad71d8138ecd53d1b967,2.0,2.0,COOLCAT108,coolcat
5689,12759118,0x1A92f7381B9F03921564a437210bB9396471050C,0.029,0xc3f201186fd0e2a63b494b631a4f43e72b8957e6,2021-07-04,0xf05155f792819710da259c103d30e4b70178ea9f,1067,https://api.coolcatsnft.com/cat/1067,0x338fec605efc43f7b0df9d7deb1a1b72f3fc9d2585891b88b3643179d23b02f4,1.0,1.0,COOLCAT11,coolcat
6392,12745749,0x1A92f7381B9F03921564a437210bB9396471050C,0.07,0xf05155f792819710da259c103d30e4b70178ea9f,2021-07-02,0xc3f201186fd0e2a63b494b631a4f43e72b8957e6,9402,https://api.coolcatsnft.com/cat/9402,0x3a39b6d5d74543ec7a42dafbed703f4034e0b2433b2fc63cb22669f0ffa10357,5.0,5.0,COOLCAT11,coolcat
12648,12763080,0x1A92f7381B9F03921564a437210bB9396471050C,0.115,0x30e3e8de3732793cb7c8b67acca6b2bcadc58186,2021-07-04,0x92e9b91aa2171694d740e7066f787739ca1af9de,5151,https://api.coolcatsnft.com/cat/5151,0x73da71fa2500df2409f88a9ef262f93c6fb8065618e17e063ea2c32149c0b6d9,3.0,3.0,COOLCAT114,coolcat
19609,12776848,0x1A92f7381B9F03921564a437210bB9396471050C,0.1,0xaca3aaa88930c86975359e783474cb3e1662d674,2021-07-06,0x30e3e8de3732793cb7c8b67acca6b2bcadc58186,9179,https://api.coolcatsnft.com/cat/9179,0xb48a25706aa85dd52f8dc2c48cdabf5e47b42c65f9979c9ef20ea8c10d53b215,3.0,3.0,COOLCAT114,coolcat
2667,12745255,0x1A92f7381B9F03921564a437210bB9396471050C,0.02,0x92e9b91aa2171694d740e7066f787739ca1af9de,2021-07-02,0xaca3aaa88930c86975359e783474cb3e1662d674,9179,https://api.coolcatsnft.com/cat/9179,0x18743b618ad628666b2d6f74bc9544e6c0bfe69d4aa6f4d3d3740c35b803970c,1.0,1.0,COOLCAT114,coolcat
25141,12834180,0x1A92f7381B9F03921564a437210bB9396471050C,0.79,0x5b6b29620d5f226301626806925fd770e796dd69,2021-07-15,0x1cbc9af7b19c13d492f4375dfb5e65a8bd04b03d,6109,https://api.coolcatsnft.com/cat/6109,0xe7a4dfb92e4bf0438b50e32e7a95ee09ac56719291dc6f9be56d7910d46c26f7,5.0,5.0,COOLCAT115,coolcat
19355,12833817,0x1A92f7381B9F03921564a437210bB9396471050C,0.675,0x453721d8f20513944a0edc7230ec2709552f7e17,2021-07-15,0x5b6b29620d5f226301626806925fd770e796dd69,6109,https://api.coolcatsnft.com/cat/6109,0xb23330fe40add4f99edb928d47b20da549064ee3617a213fcc05e5bb191074eb,3.0,3.0,COOLCAT115,coolcat
9255,12833866,0x1A92f7381B9F03921564a437210bB9396471050C,1.2,0x1cbc9af7b19c13d492f4375dfb5e65a8bd04b03d,2021-07-15,0x453721d8f20513944a0edc7230ec2709552f7e17,9218,https://api.coolcatsnft.com/cat/9218,0x553b364fbb3ec8088c1bfbe8a1387a8d9b49c91c4323c81201369348fbf6336f,2.0,2.0,COOLCAT115,coolcat
6392,12745749,0x1A92f7381B9F03921564a437210bB9396471050C,0.07,0xf05155f792819710da259c103d30e4b70178ea9f,2021-07-02,0xc3f201186fd0e2a63b494b631a4f43e72b8957e6,9402,https://api.coolcatsnft.com/cat/9402,0x3a39b6d5d74543ec7a42dafbed703f4034e0b2433b2fc63cb22669f0ffa10357,5.0,5.0,COOLCAT116,coolcat
15511,12745290,0x1A92f7381B9F03921564a437210bB9396471050C,0.09,0xc3f201186fd0e2a63b494b631a4f43e72b8957e6,2021-07-02,0x15f7320adb990020956d29edb6ba17f3d468001e,42,https://api.coolcatsnft.com/cat/42,0x8eb5661bcd28aa76573e5128bdf1c978bf80cb59955e128e7e176592f9fd6f65,1.0,1.0,COOLCAT116,coolcat
10322,12795109,0x1A92f7381B9F03921564a437210bB9396471050C,1.5,0x15f7320adb990020956d29edb6ba17f3d468001e,2021-07-09,0xf05155f792819710da259c103d30e4b70178ea9f,2119,https://api.coolcatsnft.com/cat/2119,0x5ea360fd81e05b923f0ca7609221949d9d714f029a8a1df3000756cfe2a06124,1.0,1.0,COOLCAT116,coolcat
8505,12761407,0x1A92f7381B9F03921564a437210bB9396471050C,0.1,0x30e3e8de3732793cb7c8b67acca6b2bcadc58186,2021-07-04,0xfb30cdae07272c8a37929039200201926eba6428,5150,https://api.coolcatsnft.com/cat/5150,0x4e529506bd21a08701e49f7c9686bcc5fb78ed2f23dd77e3eee4c293b70c26d2,2.0,2.0,COOLCAT117,coolcat
27164,12771638,0x1A92f7381B9F03921564a437210bB9396471050C,0.14,0x94ef50afac9c04572813f36fb8d676eb400de278,2021-07-06,0x30e3e8de3732793cb7c8b67acca6b2bcadc58186,3674,https://api.coolcatsnft.com/cat/3674,0xf9abd091ecd3cd953e45672e26c8edff33392fe911af73c95c1bb7dc64636e7a,4.0,4.0,COOLCAT117,coolcat
16179,12793371,0x1A92f7381B9F03921564a437210bB9396471050C,0.42,0xfb30cdae07272c8a37929039200201926eba6428,2021-07-09,0x94ef50afac9c04572813f36fb8d676eb400de278,5150,https://api.coolcatsnft.com/cat/5150,0x946cad0291709da629ac7e669ecabfce00ac2cc770799e9a78ffc36d68c375b2,3.0,3.0,COOLCAT117,coolcat
24104,12745614,0x1A92f7381B9F03921564a437210bB9396471050C,0.02,0x178442bb4d0d479b63136b27ef92495381244a70,2021-07-02,0x8660fc7f741cb63d1bcca4d78e8ffb7a3a59f4f1,6295,https://api.coolcatsnft.com/cat/6295,0xde67478bc3cdff2c081f44ab47c5c8ff5451903523f73ee732422c9b4c749460,5.0,5.0,COOLCAT118,coolcat
7760,12759342,0x1A92f7381B9F03921564a437210bB9396471050C,0.032,0x8660fc7f741cb63d1bcca4d78e8ffb7a3a59f4f1,2021-07-04,0x433c8a73bec1273561e4e2201649de12f20b7d58,2573,https://api.coolcatsnft.com/cat/2573,0x471d257c8bfc9891a0a82da2bf697f61cce3e586e54ceae61efe55da3ca108dd,5.0,5.0,COOLCAT118,coolcat
3320,12775237,0x1A92f7381B9F03921564a437210bB9396471050C,0.0888,0x433c8a73bec1273561e4e2201649de12f20b7d58,2021-07-06,0x178442bb4d0d479b63136b27ef92495381244a70,2573,https://api.coolcatsnft.com/cat/2573,0x1e56d7ce06c45d4e18bf379708e0a7800e506ffcde471a97b9ccb7ad9827f112,3.0,3.0,COOLCAT118,coolcat
16369,12766145,0x1A92f7381B9F03921564a437210bB9396471050C,0.1,0x089ad55045fe72f1f77eaac7e166de9e277600a5,2021-07-05,0x88a72b209091f4a4ffa3514e520adbe124ca269a,2829,https://api.coolcatsnft.com/cat/2829,0x962d293f08f203a2716f08f2c0dae137438c2820d51ed5b4ac8721b24db33344,3.0,3.0,COOLCAT119,coolcat
25684,12782493,0x1A92f7381B9F03921564a437210bB9396471050C,0.88,0x88a72b209091f4a4ffa3514e520adbe124ca269a,2021-07-07,0x94ef50afac9c04572813f36fb8d676eb400de278,1456,https://api.coolcatsnft.com/cat/1456,0xec5ce0adfa46f5d14d9e23c66c87937bce348abdc5a2f8a9fdadf4c00608e732,6.0,6.0,COOLCAT119,coolcat
9070,12782232,0x1A92f7381B9F03921564a437210bB9396471050C,0.7,0x94ef50afac9c04572813f36fb8d676eb400de278,2021-07-07,0x089ad55045fe72f1f77eaac7e166de9e277600a5,3622,https://api.coolcatsnft.com/cat/3622,0x538b17379be3a6111f039cb6f1f8356ccf131ba876a458ec98800422de678929,1.0,1.0,COOLCAT119,coolcat
21797,12762046,0x1A92f7381B9F03921564a437210bB9396471050C,0.1,0xf05155f792819710da259c103d30e4b70178ea9f,2021-07-04,0x08d816526bdc9d077dd685bd9fa49f58a5ab8e48,1092,https://api.coolcatsnft.com/cat/1092,0xc88c084bd216a0a822b8c989270a69f02c659bbb2f92a52a10770aa48c9a2027,4.0,4.0,COOLCAT12,coolcat
25790,12761634,0x1A92f7381B9F03921564a437210bB9396471050C,0.1,0x08d816526bdc9d077dd685bd9fa49f58a5ab8e48,2021-07-04,0x0775a23372a9a1572b2138f0eb5069a60f6b8b05,7949,https://api.coolcatsnft.com/cat/7949,0xed398889b4e655dcb38bc6e8be92b259d2222b56d10bf7aea9bcc9a8a557b243,4.0,4.0,COOLCAT12,coolcat
9308,12759101,0x1A92f7381B9F03921564a437210bB9396471050C,0.027,0x0775a23372a9a1572b2138f0eb5069a60f6b8b05,2021-07-04,0xf05155f792819710da259c103d30e4b70178ea9f,8701,https://api.coolcatsnft.com/cat/8701,0x55c941902bb4d8600d5db8f0166e650ee75e626949c6ad1711131d6dff218616,2.0,2.0,COOLCAT12,coolcat
22241,12776941,0x1A92f7381B9F03921564a437210bB9396471050C,0.12,0xa958e6e90f570ca0293a01cdbbb6997de5848850,2021-07-06,0xbfe2a4c010dd3b352b77a18a58b654524aa456f2,2779,https://api.coolcatsnft.com/cat/2779,0xcca918f35b03c55b20904f21b1f978e0972d3cb6ef244fd51715346ab5d7a48f,6.0,6.0,COOLCAT123,coolcat
23076,12763028,0x1A92f7381B9F03921564a437210bB9396471050C,3.0,0x012b38ccb3ae97a32cd24088bf9426d4ee5442d3,2021-07-04,0xa958e6e90f570ca0293a01cdbbb6997de5848850,679,https://api.coolcatsnft.com/cat/679,0xd4c53c9c6e62b94a36b4d62303470947da610ceb9863473fc0c049d4e71467af,2.0,2.0,COOLCAT123,coolcat
25031,12763162,0x1A92f7381B9F03921564a437210bB9396471050C,0.098,0xbfe2a4c010dd3b352b77a18a58b654524aa456f2,2021-07-04,0x012b38ccb3ae97a32cd24088bf9426d4ee5442d3,6926,https://api.coolcatsnft.com/cat/6926,0xe6c34fe0b975cf1347fa90168df7e31a9409ef6dfc88a6593a66c4635cf4bf6b,7.0,7.0,COOLCAT124,coolcat
16979,12771563,0x1A92f7381B9F03921564a437210bB9396471050C,0.08,0xbf5c6d85510e491cd45d1264fffec0c2c4282564,2021-07-06,0xbfe2a4c010dd3b352b77a18a58b654524aa456f2,1592,https://api.coolcatsnft.com/cat/1592,0x9bee26b602d7995783da6ae602522d81631b980e64266a4eaee1979e6b78d2fa,4.0,4.0,COOLCAT124,coolcat
17181,12751696,0x1A92f7381B9F03921564a437210bB9396471050C,0.7,0x012b38ccb3ae97a32cd24088bf9426d4ee5442d3,2021-07-03,0xbf5c6d85510e491cd45d1264fffec0c2c4282564,4102,https://api.coolcatsnft.com/cat/4102,0x9dca9e6c8644e1b9b29133c8f301257e374c6ecc5f6900976cdbcb2fcd8196a8,1.0,1.0,COOLCAT124,coolcat
22782,12777910,0x1A92f7381B9F03921564a437210bB9396471050C,0.2,0xa33abfe42d2977e7ddef12608129311f3bd8f086,2021-07-07,0xbfe2a4c010dd3b352b77a18a58b654524aa456f2,9104,https://api.coolcatsnft.com/cat/9104,0xd1f810431adc499c213a0335c3d0d91b9b2e16d9dc1d2758456ba45941173079,6.0,6.0,COOLCAT125,coolcat
17591,12778030,0x1A92f7381B9F03921564a437210bB9396471050C,0.215,0xbfe2a4c010dd3b352b77a18a58b654524aa456f2,2021-07-07,0xa33abfe42d2977e7ddef12608129311f3bd8f086,2779,https://api.coolcatsnft.com/cat/2779,0xa17fb0689bf110c71e2d37218dc5ef0bb3f922782e8f1e7875fc12acc6f373fc,5.0,5.0,COOLCAT125,coolcat
22909,12777121,0x1A92f7381B9F03921564a437210bB9396471050C,0.109,0x3b3fc1f418bef741a954403e5c6cce50df4349e9,2021-07-07,0xbfe2a4c010dd3b352b77a18a58b654524aa456f2,9511,https://api.coolcatsnft.com/cat/9511,0xd323bf10f282126f6ee63c6b9cef807ad960223ff7bec7be69014d835608e855,6.0,6.0,COOLCAT127,coolcat
16555,12761201,0x1A92f7381B9F03921564a437210bB9396471050C,0.07,0xa958e6e90f570ca0293a01cdbbb6997de5848850,2021-07-04,0x3b3fc1f418bef741a954403e5c6cce50df4349e9,2459,https://api.coolcatsnft.com/cat/2459,0x97dc3d59bc75e01cf4e684f88f83715472c83e2087abc0be76f47bbc89ffc9af,8.0,8.0,COOLCAT127,coolcat
22241,12776941,0x1A92f7381B9F03921564a437210bB9396471050C,0.12,0xa958e6e90f570ca0293a01cdbbb6997de5848850,2021-07-06,0xbfe2a4c010dd3b352b77a18a58b654524aa456f2,2779,https://api.coolcatsnft.com/cat/2779,0xcca918f35b03c55b20904f21b1f978e0972d3cb6ef244fd51715346ab5d7a48f,6.0,6.0,COOLCAT128,coolcat
14502,12759177,0x1A92f7381B9F03921564a437210bB9396471050C,0.03,0xbfe2a4c010dd3b352b77a18a58b654524aa456f2,2021-07-04,0xa958e6e90f570ca0293a01cdbbb6997de5848850,9062,https://api.coolcatsnft.com/cat/9062,0x853202c5f35ce03a9ffd5beae1c97b4da25bc9739e921d64255afe2b925c0dc0,2.0,2.0,COOLCAT128,coolcat
13222,12745897,0x1A92f7381B9F03921564a437210bB9396471050C,0.035,0xbfe2a4c010dd3b352b77a18a58b654524aa456f2,2021-07-02,0x3b3fc1f418bef741a954403e5c6cce50df4349e9,5246,https://api.coolcatsnft.com/cat/5246,0x7938680547bc016203f074162504ee0558cbbc52f593f5281dd44a1c174d9072,2.0,2.0,COOLCAT129,coolcat
22909,12777121,0x1A92f7381B9F03921564a437210bB9396471050C,0.109,0x3b3fc1f418bef741a954403e5c6cce50df4349e9,2021-07-07,0xbfe2a4c010dd3b352b77a18a58b654524aa456f2,9511,https://api.coolcatsnft.com/cat/9511,0xd323bf10f282126f6ee63c6b9cef807ad960223ff7bec7be69014d835608e855,6.0,6.0,COOLCAT129,coolcat
14543,12761786,0x1A92f7381B9F03921564a437210bB9396471050C,0.195,0x88a72b209091f4a4ffa3514e520adbe124ca269a,2021-07-04,0xf05155f792819710da259c103d30e4b70178ea9f,7987,https://api.coolcatsnft.com/cat/7987,0x85970e4240dc8c2114cd6c89a4f491d921be06aa60f288d5583eda3a8233a02d,2.0,2.0,COOLCAT13,coolcat
23097,12759116,0x1A92f7381B9F03921564a437210bB9396471050C,0.1,0xf7e20ed715a0d83f89130796c44c3d36c724a0c4,2021-07-04,0x88a72b209091f4a4ffa3514e520adbe124ca269a,2832,https://api.coolcatsnft.com/cat/2832,0xd4f592467d014780d3c5a67d534773a3e37544bbf2b03d6d18a107a9fa942993,2.0,2.0,COOLCAT13,coolcat
646,12781212,0x1A92f7381B9F03921564a437210bB9396471050C,1.0,0xc543330faaea16cf42d2973658e0036285b2ee25,2021-07-07,0x343f18e39ab281bdd574834be26b32f3c75f42dc,5673,https://api.coolcatsnft.com/cat/5673,0x05fb25f373ddb9c3c6f2eecdf680bd3ceafee8ef2b4330141b538a2811849bc0,1.0,1.0,COOLCAT130,coolcat
2729,12778096,0x1A92f7381B9F03921564a437210bB9396471050C,0.24,0x343f18e39ab281bdd574834be26b32f3c75f42dc,2021-07-07,0xbfe2a4c010dd3b352b77a18a58b654524aa456f2,2757,https://api.coolcatsnft.com/cat/2757,0x1908014e3bcd3ba7158d396b10705e5ce824033c0981972c9f2c7b22885f5570,1.0,1.0,COOLCAT130,coolcat
7595,12777841,0x1A92f7381B9F03921564a437210bB9396471050C,0.189,0xbfe2a4c010dd3b352b77a18a58b654524aa456f2,2021-07-07,0xc543330faaea16cf42d2973658e0036285b2ee25,9511,https://api.coolcatsnft.com/cat/9511,0x458db0db47a25f972ddbd7a99bb0656905025209162fd244ed3e279e5ed59500,2.0,2.0,COOLCAT130,coolcat
8558,12744716,0x1A92f7381B9F03921564a437210bB9396471050C,0.015,0xbfe2a4c010dd3b352b77a18a58b654524aa456f2,2021-07-01,0x99540ae98d76b5630635abbec9f24c226fd29ffc,7239,https://api.coolcatsnft.com/cat/7239,0x4ec57f51c62e6c9edce7f3c90dc9de8319f29de6c511b92d20819c2ad21dc54b,1.0,1.0,COOLCAT132,coolcat
21091,12776948,0x1A92f7381B9F03921564a437210bB9396471050C,0.135,0x6d1f97038f6537410ed50456c4a1a9a174f19282,2021-07-06,0xbfe2a4c010dd3b352b77a18a58b654524aa456f2,1248,https://api.coolcatsnft.com/cat/1248,0xc1deae0908d017baed320f07740b9cd65ccd3ccfb2241154356e7b04cc24b1c5,4.0,4.0,COOLCAT132,coolcat
20482,12759827,0x1A92f7381B9F03921564a437210bB9396471050C,0.25,0x99540ae98d76b5630635abbec9f24c226fd29ffc,2021-07-04,0x6d1f97038f6537410ed50456c4a1a9a174f19282,8346,https://api.coolcatsnft.com/cat/8346,0xbc959edeb4dfc6534bc45f25e2079395489a508971c59ed2f62a0fba5311a404,3.0,3.0,COOLCAT132,coolcat
6121,12747018,0x1A92f7381B9F03921564a437210bB9396471050C,0.0349,0xbfe2a4c010dd3b352b77a18a58b654524aa456f2,2021-07-02,0xf14c883b4940e0f8c4257d72674f003d8b6cdb58,7401,https://api.coolcatsnft.com/cat/7401,0x37a8364cd1c025d719b759cb4d4d2a610fda5f48abf641190a6ca2935098018d,1.0,1.0,COOLCAT133,coolcat
15200,12746434,0x1A92f7381B9F03921564a437210bB9396471050C,0.035,0xf14c883b4940e0f8c4257d72674f003d8b6cdb58,2021-07-02,0x1f6411a05076cb13830ae9cb8531598c33bdb215,9850,https://api.coolcatsnft.com/cat/9850,0x8bc0d7fcf43543e1afb3ce3c25b2c17784beed8149dcfdf01b1242c223006428,5.0,5.0,COOLCAT133,coolcat
13182,12745991,0x1A92f7381B9F03921564a437210bB9396471050C,0.025,0x1f6411a05076cb13830ae9cb8531598c33bdb215,2021-07-02,0xbfe2a4c010dd3b352b77a18a58b654524aa456f2,5313,https://api.coolcatsnft.com/cat/5313,0x78dfedd4f09b090a91b37a3ee4941e0eec3e49f84e77e9bbf58c871f708d0124,1.0,1.0,COOLCAT133,coolcat
27529,12752141,0x1A92f7381B9F03921564a437210bB9396471050C,0.022,0x735ed02655bca15ec46491c0de4946591135459b,2021-07-03,0xa958e6e90f570ca0293a01cdbbb6997de5848850,1122,https://api.coolcatsnft.com/cat/1122,0xfd33358973ffeeda3092683984c3e6f3b74bb1c2bcad1d4a4b206a4db6a862a9,3.0,3.0,COOLCAT137,coolcat
3001,12760031,0x1A92f7381B9F03921564a437210bB9396471050C,0.23,0xa958e6e90f570ca0293a01cdbbb6997de5848850,2021-07-04,0xb53349160e38739b37e4bbfcf950ed26e26fcb41,4936,https://api.coolcatsnft.com/cat/4936,0x1b7e1eb61f30c7f9921dc2dccf40e7e3f7b98c6586574ac1730f920ed3c133ba,1.0,1.0,COOLCAT137,coolcat
3001,12760031,0x1A92f7381B9F03921564a437210bB9396471050C,0.23,0xa958e6e90f570ca0293a01cdbbb6997de5848850,2021-07-04,0xb53349160e38739b37e4bbfcf950ed26e26fcb41,4936,https://api.coolcatsnft.com/cat/4936,0x1b7e1eb61f30c7f9921dc2dccf40e7e3f7b98c6586574ac1730f920ed3c133ba,1.0,1.0,COOLCAT138,coolcat
18974,12746118,0x1A92f7381B9F03921564a437210bB9396471050C,0.03,0x735ed02655bca15ec46491c0de4946591135459b,2021-07-02,0xa958e6e90f570ca0293a01cdbbb6997de5848850,1132,https://api.coolcatsnft.com/cat/1132,0xae97b1efe5f31360640c39a958ec6b787d36322f4c576cebaca16426797fb3ac,1.0,1.0,COOLCAT138,coolcat
3001,12760031,0x1A92f7381B9F03921564a437210bB9396471050C,0.23,0xa958e6e90f570ca0293a01cdbbb6997de5848850,2021-07-04,0xb53349160e38739b37e4bbfcf950ed26e26fcb41,4936,https://api.coolcatsnft.com/cat/4936,0x1b7e1eb61f30c7f9921dc2dccf40e7e3f7b98c6586574ac1730f920ed3c133ba,1.0,1.0,COOLCAT139,coolcat
16190,12751460,0x1A92f7381B9F03921564a437210bB9396471050C,0.022,0x735ed02655bca15ec46491c0de4946591135459b,2021-07-03,0xa958e6e90f570ca0293a01cdbbb6997de5848850,1135,https://api.coolcatsnft.com/cat/1135,0x947d1c2e4f5d6b00efe60bc8ece15173e98c0aad02f4e38950cddd1afeb0e26d,1.0,1.0,COOLCAT139,coolcat
278,12759117,0x1A92f7381B9F03921564a437210bB9396471050C,0.029,0x6d5a7d96d86e6d93ecdf180624fd89f93f988ddd,2021-07-04,0xf05155f792819710da259c103d30e4b70178ea9f,1202,https://api.coolcatsnft.com/cat/1202,0x025d1a949c6aa09fc02bc5995ab58f39b2dac9dba70b49173fc662555b5b9744,1.0,1.0,COOLCAT14,coolcat
7688,12761410,0x1A92f7381B9F03921564a437210bB9396471050C,0.2,0xf7e20ed715a0d83f89130796c44c3d36c724a0c4,2021-07-04,0x6d5a7d96d86e6d93ecdf180624fd89f93f988ddd,9404,https://api.coolcatsnft.com/cat/9404,0x467b5a43a78ed1c074849b97e83e7fadbffc4817d1c602229457e4c424524b8c,2.0,2.0,COOLCAT14,coolcat
3001,12760031,0x1A92f7381B9F03921564a437210bB9396471050C,0.23,0xa958e6e90f570ca0293a01cdbbb6997de5848850,2021-07-04,0xb53349160e38739b37e4bbfcf950ed26e26fcb41,4936,https://api.coolcatsnft.com/cat/4936,0x1b7e1eb61f30c7f9921dc2dccf40e7e3f7b98c6586574ac1730f920ed3c133ba,1.0,1.0,COOLCAT140,coolcat
897,12758748,0x1A92f7381B9F03921564a437210bB9396471050C,0.025,0x735ed02655bca15ec46491c0de4946591135459b,2021-07-04,0xa958e6e90f570ca0293a01cdbbb6997de5848850,1175,https://api.coolcatsnft.com/cat/1175,0x0839aa413160a4d55ba4361168bb3f1646b1add758c8a9a69cbe1a36d12d62f2,1.0,1.0,COOLCAT140,coolcat
3001,12760031,0x1A92f7381B9F03921564a437210bB9396471050C,0.23,0xa958e6e90f570ca0293a01cdbbb6997de5848850,2021-07-04,0xb53349160e38739b37e4bbfcf950ed26e26fcb41,4936,https://api.coolcatsnft.com/cat/4936,0x1b7e1eb61f30c7f9921dc2dccf40e7e3f7b98c6586574ac1730f920ed3c133ba,1.0,1.0,COOLCAT141,coolcat
6238,12758647,0x1A92f7381B9F03921564a437210bB9396471050C,0.025,0x735ed02655bca15ec46491c0de4946591135459b,2021-07-04,0xa958e6e90f570ca0293a01cdbbb6997de5848850,1118,https://api.coolcatsnft.com/cat/1118,0x38ab5c0d838f2614b152b5c2638863d2bae5daee2955c30b1fb3a1dffbcb3ac8,1.0,1.0,COOLCAT141,coolcat
24953,12750764,0x1A92f7381B9F03921564a437210bB9396471050C,0.0295,0x2b977c3c7e18f9df4a6769203f8f81d95b8baff0,2021-07-02,0x4e74369c65a4f8d22f1f8505da98197f4cc1765f,9151,https://api.coolcatsnft.com/cat/9151,0xe61ef218ab657288c06d12eb2d979a783e99e90398e7ac72b306b734f69cbc9f,5.0,5.0,COOLCAT145,coolcat
5475,12757984,0x1A92f7381B9F03921564a437210bB9396471050C,0.049,0x4e74369c65a4f8d22f1f8505da98197f4cc1765f,2021-07-04,0xb53349160e38739b37e4bbfcf950ed26e26fcb41,9151,https://api.coolcatsnft.com/cat/9151,0x319c7b6591e861c2a9f700e02bfa48bd11e2edae842dcf3ba897bedcefc9937b,1.0,1.0,COOLCAT145,coolcat
12993,12762120,0x1A92f7381B9F03921564a437210bB9396471050C,0.21,0xf05155f792819710da259c103d30e4b70178ea9f,2021-07-04,0x59f1875986a5eac58bf4959789fd5a3a3cb36c6e,9578,https://api.coolcatsnft.com/cat/9578,0x7724ffae7028d9842a4d974975fc459fad6d991f60dde566b8b7ed99265014fa,3.0,3.0,COOLCAT148,coolcat
9972,12783843,0x1A92f7381B9F03921564a437210bB9396471050C,0.375,0x59f1875986a5eac58bf4959789fd5a3a3cb36c6e,2021-07-08,0xbc9947c8b019f57014f6b9cebe8571d7ace1d2ca,2577,https://api.coolcatsnft.com/cat/2577,0x5b504ca79eb77ae5ebd170c94f458e8c6e9437dd1882772a052faf0adbcc03d5,5.0,5.0,COOLCAT148,coolcat
24260,12777777,0x1A92f7381B9F03921564a437210bB9396471050C,0.1479,0xbc9947c8b019f57014f6b9cebe8571d7ace1d2ca,2021-07-07,0xf05155f792819710da259c103d30e4b70178ea9f,533,https://api.coolcatsnft.com/cat/533,0xdfda6d62a851e83beec6bf1a1d7906104013c0c5d5008b20adf7b171188974f6,4.0,4.0,COOLCAT148,coolcat
18800,12762407,0x1A92f7381B9F03921564a437210bB9396471050C,0.15,0x6d1f97038f6537410ed50456c4a1a9a174f19282,2021-07-04,0x59f1875986a5eac58bf4959789fd5a3a3cb36c6e,435,https://api.coolcatsnft.com/cat/435,0xacdf8ec793cc60ff3f1c6efb92162c83df04d9435ba3b740b83795b6a16cfa51,7.0,7.0,COOLCAT149,coolcat
20888,12771905,0x1A92f7381B9F03921564a437210bB9396471050C,0.19,0x59f1875986a5eac58bf4959789fd5a3a3cb36c6e,2021-07-06,0x668e961736454a2444adb485340cb7f0844ddd3d,7983,https://api.coolcatsnft.com/cat/7983,0xc01496a4188e92dff155d1dab7077ebad0734cbbc8caab1bd677617dd78d8912,4.0,4.0,COOLCAT149,coolcat
27021,12782650,0x1A92f7381B9F03921564a437210bB9396471050C,1.0,0x668e961736454a2444adb485340cb7f0844ddd3d,2021-07-07,0x6d1f97038f6537410ed50456c4a1a9a174f19282,6231,https://api.coolcatsnft.com/cat/6231,0xf89a6f22f94089f56bb5e5fa528811065255ea1f9d147acee66494a7a773e06f,6.0,6.0,COOLCAT149,coolcat
17921,12759099,0x1A92f7381B9F03921564a437210bB9396471050C,0.027,0xbd0247706f8486aaa6b372d81ab4b85f6f4c57ef,2021-07-04,0xf05155f792819710da259c103d30e4b70178ea9f,519,https://api.coolcatsnft.com/cat/519,0xa4810239555ea2346dae18d2c360c974462604e394282268cf8d2179b0bdf557,2.0,2.0,COOLCAT15,coolcat
10751,12750625,0x1A92f7381B9F03921564a437210bB9396471050C,0.06,0xf05155f792819710da259c103d30e4b70178ea9f,2021-07-02,0xf7e20ed715a0d83f89130796c44c3d36c724a0c4,9404,https://api.coolcatsnft.com/cat/9404,0x6304b261b8ee30fc82f30ef30cfb5f6fd3c7daca6e301925ec37c8dcef525763,4.0,4.0,COOLCAT15,coolcat
14819,12752469,0x1A92f7381B9F03921564a437210bB9396471050C,0.15,0xf7e20ed715a0d83f89130796c44c3d36c724a0c4,2021-07-03,0xbd0247706f8486aaa6b372d81ab4b85f6f4c57ef,2634,https://api.coolcatsnft.com/cat/2634,0x88249cbd07590c521c3774afe2d30b6de762496bf542d855ddfe2d691d708925,1.0,1.0,COOLCAT15,coolcat
7211,12759613,0x1A92f7381B9F03921564a437210bB9396471050C,0.38,0x45d2bafe56c85433e0b9f9b50dd124ea3041f223,2021-07-04,0x6d1f97038f6537410ed50456c4a1a9a174f19282,9795,https://api.coolcatsnft.com/cat/9795,0x421c35856d9b006acbd055398bb5de71adaaea7aa2baa1768f26d6d123efc6b0,2.0,2.0,COOLCAT150,coolcat
16502,12795983,0x1A92f7381B9F03921564a437210bB9396471050C,1.33,0x59f1875986a5eac58bf4959789fd5a3a3cb36c6e,2021-07-09,0x45d2bafe56c85433e0b9f9b50dd124ea3041f223,8873,https://api.coolcatsnft.com/cat/8873,0x9764ce224ac0c522fa93329179393c8829f1230360a3b51c790e527f005f06c9,2.0,2.0,COOLCAT150,coolcat
18800,12762407,0x1A92f7381B9F03921564a437210bB9396471050C,0.15,0x6d1f97038f6537410ed50456c4a1a9a174f19282,2021-07-04,0x59f1875986a5eac58bf4959789fd5a3a3cb36c6e,435,https://api.coolcatsnft.com/cat/435,0xacdf8ec793cc60ff3f1c6efb92162c83df04d9435ba3b740b83795b6a16cfa51,7.0,7.0,COOLCAT150,coolcat
12993,12762120,0x1A92f7381B9F03921564a437210bB9396471050C,0.21,0xf05155f792819710da259c103d30e4b70178ea9f,2021-07-04,0x59f1875986a5eac58bf4959789fd5a3a3cb36c6e,9578,https://api.coolcatsnft.com/cat/9578,0x7724ffae7028d9842a4d974975fc459fad6d991f60dde566b8b7ed99265014fa,3.0,3.0,COOLCAT151,coolcat
17921,12759099,0x1A92f7381B9F03921564a437210bB9396471050C,0.027,0xbd0247706f8486aaa6b372d81ab4b85f6f4c57ef,2021-07-04,0xf05155f792819710da259c103d30e4b70178ea9f,519,https://api.coolcatsnft.com/cat/519,0xa4810239555ea2346dae18d2c360c974462604e394282268cf8d2179b0bdf557,2.0,2.0,COOLCAT151,coolcat
18538,12777630,0x1A92f7381B9F03921564a437210bB9396471050C,0.39,0x59f1875986a5eac58bf4959789fd5a3a3cb36c6e,2021-07-07,0xbd0247706f8486aaa6b372d81ab4b85f6f4c57ef,6957,https://api.coolcatsnft.com/cat/6957,0xaa50c57b30769dd2b8ce7a4891598dab8c4f8e2d2fbc18d183c8986ba16a5cfb,2.0,2.0,COOLCAT152,coolcat
244,12759116,0x1A92f7381B9F03921564a437210bB9396471050C,0.029,0xbd0247706f8486aaa6b372d81ab4b85f6f4c57ef,2021-07-04,0xf05155f792819710da259c103d30e4b70178ea9f,1547,https://api.coolcatsnft.com/cat/1547,0x020715f0bb2a6cfe972d3e47873eca940a8fb142a35abccc18c4417394b2cb82,1.0,1.0,COOLCAT152,coolcat
12993,12762120,0x1A92f7381B9F03921564a437210bB9396471050C,0.21,0xf05155f792819710da259c103d30e4b70178ea9f,2021-07-04,0x59f1875986a5eac58bf4959789fd5a3a3cb36c6e,9578,https://api.coolcatsnft.com/cat/9578,0x7724ffae7028d9842a4d974975fc459fad6d991f60dde566b8b7ed99265014fa,3.0,3.0,COOLCAT152,coolcat
26597,12744222,0x1A92f7381B9F03921564a437210bB9396471050C,0.01,0x481db8e538f86dfd73889089d9408ca52f308ee5,2021-07-01,0xff1697cd18f03242ea521a80334a9060f0c25c7a,2556,https://api.coolcatsnft.com/cat/2556,0xf458d373b827cdb6a38123715c404b80bb965f7e9bcbd4e889d14c1c3c9d0b16,8.0,8.0,COOLCAT155,coolcat
23230,12782909,0x1A92f7381B9F03921564a437210bB9396471050C,0.5,0xff1697cd18f03242ea521a80334a9060f0c25c7a,2021-07-07,0xd9d1c2623fbb4377d9bf29075e610a9b8b4805b4,6471,https://api.coolcatsnft.com/cat/6471,0xd65a3188cc3e8ab9f265e1624de341b961e1724587bafb67a087e5bf41befbe3,7.0,7.0,COOLCAT155,coolcat
6592,12744578,0x1A92f7381B9F03921564a437210bB9396471050C,0.009,0x481db8e538f86dfd73889089d9408ca52f308ee5,2021-07-01,0xbfe2a4c010dd3b352b77a18a58b654524aa456f2,7240,https://api.coolcatsnft.com/cat/7240,0x3c53b3038690c2ffd908b427d3f9f0e0941ce1b80472f3d65cc3f1ef05ccac3b,3.0,3.0,COOLCAT156,coolcat
14120,12776031,0x1A92f7381B9F03921564a437210bB9396471050C,0.099,0xbfe2a4c010dd3b352b77a18a58b654524aa456f2,2021-07-06,0xd9d1c2623fbb4377d9bf29075e610a9b8b4805b4,1592,https://api.coolcatsnft.com/cat/1592,0x81d96d2b51f143c69d82ee4dd1a03769049ab5d70a1b2131fc3a4975b708100d,3.0,3.0,COOLCAT156,coolcat
17968,12759191,0x1A92f7381B9F03921564a437210bB9396471050C,0.0298,0x2b977c3c7e18f9df4a6769203f8f81d95b8baff0,2021-07-04,0xd9d1c2623fbb4377d9bf29075e610a9b8b4805b4,5856,https://api.coolcatsnft.com/cat/5856,0xa4ee57064cf9b1c42a505d7345d93361724ddec6f2994386756622fcfa2070b6,3.0,3.0,COOLCAT157,coolcat
22613,12744214,0x1A92f7381B9F03921564a437210bB9396471050C,0.01,0x481db8e538f86dfd73889089d9408ca52f308ee5,2021-07-01,0x2b977c3c7e18f9df4a6769203f8f81d95b8baff0,3163,https://api.coolcatsnft.com/cat/3163,0xd03ccfaff5e20e754c91bf50a718d9bea30af3fd8b9d0387f58ee382198dfd3e,2.0,2.0,COOLCAT157,coolcat
14120,12776031,0x1A92f7381B9F03921564a437210bB9396471050C,0.099,0xbfe2a4c010dd3b352b77a18a58b654524aa456f2,2021-07-06,0xd9d1c2623fbb4377d9bf29075e610a9b8b4805b4,1592,https://api.coolcatsnft.com/cat/1592,0x81d96d2b51f143c69d82ee4dd1a03769049ab5d70a1b2131fc3a4975b708100d,3.0,3.0,COOLCAT158,coolcat
18834,12744581,0x1A92f7381B9F03921564a437210bB9396471050C,0.009,0x481db8e538f86dfd73889089d9408ca52f308ee5,2021-07-01,0xbfe2a4c010dd3b352b77a18a58b654524aa456f2,7239,https://api.coolcatsnft.com/cat/7239,0xad3c344b545accc92ed3ba7092f3c7283fa2d5831d4922cc0f540a41b157d9c9,2.0,2.0,COOLCAT158,coolcat
13341,12760012,0x1A92f7381B9F03921564a437210bB9396471050C,0.08,0xf05155f792819710da259c103d30e4b70178ea9f,2021-07-04,0x6d1f97038f6537410ed50456c4a1a9a174f19282,435,https://api.coolcatsnft.com/cat/435,0x7a58fdc5b0687d6ecaca62f1869765c19417e1ce66084ae976a5b543246a498c,4.0,4.0,COOLCAT16,coolcat
9856,12780171,0x1A92f7381B9F03921564a437210bB9396471050C,0.8,0x6d1f97038f6537410ed50456c4a1a9a174f19282,2021-07-07,0x0775a23372a9a1572b2138f0eb5069a60f6b8b05,7435,https://api.coolcatsnft.com/cat/7435,0x5a3b680f7a1663ff051271ea7dd71ea3471977e4260362331629fcc4c6cd2f0a,3.0,3.0,COOLCAT16,coolcat
9308,12759101,0x1A92f7381B9F03921564a437210bB9396471050C,0.027,0x0775a23372a9a1572b2138f0eb5069a60f6b8b05,2021-07-04,0xf05155f792819710da259c103d30e4b70178ea9f,8701,https://api.coolcatsnft.com/cat/8701,0x55c941902bb4d8600d5db8f0166e650ee75e626949c6ad1711131d6dff218616,2.0,2.0,COOLCAT16,coolcat
23500,12833903,0x1A92f7381B9F03921564a437210bB9396471050C,0.7,0xaa12d5adb330a23dbd6c4b52b5e9aab2c6c57372,2021-07-15,0x31a89ded8d736ca8bb846653ab74573c2dbe7bf1,5773,https://api.coolcatsnft.com/cat/5773,0xd8dbbf20f96febeb47568c62f323f450375c1eb363e36ca7d69c97d1a302cab1,4.0,4.0,COOLCAT162,coolcat
8342,12799473,0x1A92f7381B9F03921564a437210bB9396471050C,0.85,0x31a89ded8d736ca8bb846653ab74573c2dbe7bf1,2021-07-10,0xaa12d5adb330a23dbd6c4b52b5e9aab2c6c57372,7191,https://api.coolcatsnft.com/cat/7191,0x4c9d8e94a80291f7def6a0ce41088e64b5e615ecc9d2202fc7308b4b162cb5d4,4.0,4.0,COOLCAT162,coolcat
8577,12789021,0x1A92f7381B9F03921564a437210bB9396471050C,0.389,0x81be7f475e335693fda594abc8b42bb0d873f9a0,2021-07-08,0x7afda74eece4092e63a6055c078544b6dd2ffad2,5231,https://api.coolcatsnft.com/cat/5231,0x4eea854ef5a263e0adfa0d0164a03697fde4744c417aeb91faf381ac90970144,4.0,4.0,COOLCAT164,coolcat
10171,12778712,0x1A92f7381B9F03921564a437210bB9396471050C,0.29,0x7afda74eece4092e63a6055c078544b6dd2ffad2,2021-07-07,0xaa12d5adb330a23dbd6c4b52b5e9aab2c6c57372,4544,https://api.coolcatsnft.com/cat/4544,0x5d4163b58322a22f821c3ef9f817bb891e15e432c6fb5e90c14014d8fac52787,2.0,2.0,COOLCAT164,coolcat
12404,12833865,0x1A92f7381B9F03921564a437210bB9396471050C,0.7,0xaa12d5adb330a23dbd6c4b52b5e9aab2c6c57372,2021-07-15,0x81be7f475e335693fda594abc8b42bb0d873f9a0,9457,https://api.coolcatsnft.com/cat/9457,0x718e699e4e6b23de3c48650a82b0febf7aba96f5070bbefb60edb00d67452cc9,3.0,3.0,COOLCAT165,coolcat
25020,12799481,0x1A92f7381B9F03921564a437210bB9396471050C,0.94,0x81be7f475e335693fda594abc8b42bb0d873f9a0,2021-07-10,0xaa12d5adb330a23dbd6c4b52b5e9aab2c6c57372,9114,https://api.coolcatsnft.com/cat/9114,0xe6a8a7ee5f2cf43ed05147fe9509de1f81e380e95604a77634528f073ab643de,2.0,2.0,COOLCAT165,coolcat
8398,12802217,0x1A92f7381B9F03921564a437210bB9396471050C,4.7036842917,0xe288a00df4b697606078876788e4d64633cd2e01,2021-07-10,0x46e449a3f88d0e35b4520bc36e8dfda195c896b0,5175,https://api.coolcatsnft.com/cat/5175,0x4d35785caf0b582f49e66f9b6d3ecee672311c01293876e514c3f691676e52b4,1.0,1.0,COOLCAT167,coolcat
12663,12778762,0x1A92f7381B9F03921564a437210bB9396471050C,0.329,0x46e449a3f88d0e35b4520bc36e8dfda195c896b0,2021-07-07,0xaa12d5adb330a23dbd6c4b52b5e9aab2c6c57372,7240,https://api.coolcatsnft.com/cat/7240,0x741a798b6f306f4973740707483141f4eac905aac3792a42b0c93e944dfb5c42,7.0,7.0,COOLCAT167,coolcat
3661,12759134,0x1A92f7381B9F03921564a437210bB9396471050C,0.029,0x09c34af24759281d4a078bc57c504e96eb912427,2021-07-04,0xf05155f792819710da259c103d30e4b70178ea9f,7771,https://api.coolcatsnft.com/cat/7771,0x216a0d444e5e23b8d4b9ff5194a478630f7778a2e8578fbbf2c0026e642a81fb,1.0,1.0,COOLCAT17,coolcat
19370,12758013,0x1A92f7381B9F03921564a437210bB9396471050C,0.1,0xf05155f792819710da259c103d30e4b70178ea9f,2021-07-04,0x012b38ccb3ae97a32cd24088bf9426d4ee5442d3,555,https://api.coolcatsnft.com/cat/555,0xb25d0c9451abbca149a29bce15c4510d0ff6da0de20c87ee674b2caa794c45cf,3.0,3.0,COOLCAT17,coolcat
11340,12778133,0x1A92f7381B9F03921564a437210bB9396471050C,0.22,0x012b38ccb3ae97a32cd24088bf9426d4ee5442d3,2021-07-07,0x09c34af24759281d4a078bc57c504e96eb912427,5014,https://api.coolcatsnft.com/cat/5014,0x683910db6889556c3a63855fb7df68afc99706343f66d849da299f09852bdb53,1.0,1.0,COOLCAT17,coolcat
19370,12758013,0x1A92f7381B9F03921564a437210bB9396471050C,0.1,0xf05155f792819710da259c103d30e4b70178ea9f,2021-07-04,0x012b38ccb3ae97a32cd24088bf9426d4ee5442d3,555,https://api.coolcatsnft.com/cat/555,0xb25d0c9451abbca149a29bce15c4510d0ff6da0de20c87ee674b2caa794c45cf,3.0,3.0,COOLCAT171,coolcat
11340,12778133,0x1A92f7381B9F03921564a437210bB9396471050C,0.22,0x012b38ccb3ae97a32cd24088bf9426d4ee5442d3,2021-07-07,0x09c34af24759281d4a078bc57c504e96eb912427,5014,https://api.coolcatsnft.com/cat/5014,0x683910db6889556c3a63855fb7df68afc99706343f66d849da299f09852bdb53,1.0,1.0,COOLCAT171,coolcat
3661,12759134,0x1A92f7381B9F03921564a437210bB9396471050C,0.029,0x09c34af24759281d4a078bc57c504e96eb912427,2021-07-04,0xf05155f792819710da259c103d30e4b70178ea9f,7771,https://api.coolcatsnft.com/cat/7771,0x216a0d444e5e23b8d4b9ff5194a478630f7778a2e8578fbbf2c0026e642a81fb,1.0,1.0,COOLCAT172,coolcat
10555,12778213,0x1A92f7381B9F03921564a437210bB9396471050C,0.4,0x09ba0d8c6e10147660714388d4857260d9bd7958,2021-07-07,0x09c34af24759281d4a078bc57c504e96eb912427,8787,https://api.coolcatsnft.com/cat/8787,0x60ddc496ebd5125fdfcb02c4f22bf359c27e7382f9f6268deacc8e7fc1fd0201,1.0,1.0,COOLCAT172,coolcat
2480,12750875,0x1A92f7381B9F03921564a437210bB9396471050C,0.055,0xf05155f792819710da259c103d30e4b70178ea9f,2021-07-02,0x09ba0d8c6e10147660714388d4857260d9bd7958,430,https://api.coolcatsnft.com/cat/430,0x16979721008cfb2ccbb0bc62657c64d9e6aba6c20caf4ad86ab8ef3edcbd9294,1.0,1.0,COOLCAT172,coolcat
3181,12777785,0x1A92f7381B9F03921564a437210bB9396471050C,0.1666,0x021edd67d43b365a6401a5ee704aa6f264f3f4e4,2021-07-07,0xf05155f792819710da259c103d30e4b70178ea9f,1282,https://api.coolcatsnft.com/cat/1282,0x1d47e985412fea1ed264429439c3de79609e29fcd3d74af91182f2dd0be30490,2.0,2.0,COOLCAT19,coolcat
22052,12772129,0x1A92f7381B9F03921564a437210bB9396471050C,0.15,0xf05155f792819710da259c103d30e4b70178ea9f,2021-07-06,0xfe5573c66273313034f7ff6050c54b5402553716,437,https://api.coolcatsnft.com/cat/437,0xcabb9a1f0f0ea05d1a56354071207f954b6a8ac3a8c8260c95b9f0fe086c5497,3.0,3.0,COOLCAT19,coolcat
16578,12761567,0x1A92f7381B9F03921564a437210bB9396471050C,0.1,0xfe5573c66273313034f7ff6050c54b5402553716,2021-07-04,0x021edd67d43b365a6401a5ee704aa6f264f3f4e4,673,https://api.coolcatsnft.com/cat/673,0x981dad48240eed45bed81d514967ae06d9d152740e1c3caf5b365a45ba6b6274,3.0,3.0,COOLCAT19,coolcat
9856,12780171,0x1A92f7381B9F03921564a437210bB9396471050C,0.8,0x6d1f97038f6537410ed50456c4a1a9a174f19282,2021-07-07,0x0775a23372a9a1572b2138f0eb5069a60f6b8b05,7435,https://api.coolcatsnft.com/cat/7435,0x5a3b680f7a1663ff051271ea7dd71ea3471977e4260362331629fcc4c6cd2f0a,3.0,3.0,COOLCAT2,coolcat
12087,12759477,0x1A92f7381B9F03921564a437210bB9396471050C,0.05,0xf05155f792819710da259c103d30e4b70178ea9f,2021-07-04,0x6d1f97038f6537410ed50456c4a1a9a174f19282,6559,https://api.coolcatsnft.com/cat/6559,0x6eb9b45d486dfe2b5ac8f484f425046ba7ac39909edc988d49713a58f9e91e1c,7.0,7.0,COOLCAT2,coolcat
9308,12759101,0x1A92f7381B9F03921564a437210bB9396471050C,0.027,0x0775a23372a9a1572b2138f0eb5069a60f6b8b05,2021-07-04,0xf05155f792819710da259c103d30e4b70178ea9f,8701,https://api.coolcatsnft.com/cat/8701,0x55c941902bb4d8600d5db8f0166e650ee75e626949c6ad1711131d6dff218616,2.0,2.0,COOLCAT2,coolcat
8684,12777839,0x1A92f7381B9F03921564a437210bB9396471050C,0.1711,0xfd1b8d2b036f7c78a794be2c6f9ba4de698459e8,2021-07-07,0x72fae93d08a060a7f0a8919708c0db74ca46cbb6,1408,https://api.coolcatsnft.com/cat/1408,0x4feeda9b9d7efcb2157fd7ee53bd57b12542196777a9da62a90eb6945b16c971,2.0,2.0,COOLCAT20,coolcat
10274,12762061,0x1A92f7381B9F03921564a437210bB9396471050C,0.09,0xf05155f792819710da259c103d30e4b70178ea9f,2021-07-04,0xfd1b8d2b036f7c78a794be2c6f9ba4de698459e8,1408,https://api.coolcatsnft.com/cat/1408,0x5e3e021fb38f1709f80a05cdf86b9a1dab54b663fc99fc4dd16905642f3e8022,3.0,3.0,COOLCAT20,coolcat
12393,12777776,0x1A92f7381B9F03921564a437210bB9396471050C,0.144,0x72fae93d08a060a7f0a8919708c0db74ca46cbb6,2021-07-07,0xf05155f792819710da259c103d30e4b70178ea9f,7703,https://api.coolcatsnft.com/cat/7703,0x717ce8a7a8f56a6ec173941fee75dd145e30e136d3bbef322fbbcb3ec26339b0,6.0,6.0,COOLCAT20,coolcat
8684,12777839,0x1A92f7381B9F03921564a437210bB9396471050C,0.1711,0xfd1b8d2b036f7c78a794be2c6f9ba4de698459e8,2021-07-07,0x72fae93d08a060a7f0a8919708c0db74ca46cbb6,1408,https://api.coolcatsnft.com/cat/1408,0x4feeda9b9d7efcb2157fd7ee53bd57b12542196777a9da62a90eb6945b16c971,2.0,2.0,COOLCAT22,coolcat
12393,12777776,0x1A92f7381B9F03921564a437210bB9396471050C,0.144,0x72fae93d08a060a7f0a8919708c0db74ca46cbb6,2021-07-07,0xf05155f792819710da259c103d30e4b70178ea9f,7703,https://api.coolcatsnft.com/cat/7703,0x717ce8a7a8f56a6ec173941fee75dd145e30e136d3bbef322fbbcb3ec26339b0,6.0,6.0,COOLCAT22,coolcat
19647,12762063,0x1A92f7381B9F03921564a437210bB9396471050C,0.096,0xf05155f792819710da259c103d30e4b70178ea9f,2021-07-04,0xfd1b8d2b036f7c78a794be2c6f9ba4de698459e8,8236,https://api.coolcatsnft.com/cat/8236,0xb4f6b3aa236f738b935d6774c2912b0c5e631e235f271025e5aff477fc995928,3.0,3.0,COOLCAT22,coolcat
9972,12783843,0x1A92f7381B9F03921564a437210bB9396471050C,0.375,0x59f1875986a5eac58bf4959789fd5a3a3cb36c6e,2021-07-08,0xbc9947c8b019f57014f6b9cebe8571d7ace1d2ca,2577,https://api.coolcatsnft.com/cat/2577,0x5b504ca79eb77ae5ebd170c94f458e8c6e9437dd1882772a052faf0adbcc03d5,5.0,5.0,COOLCAT23,coolcat
24260,12777777,0x1A92f7381B9F03921564a437210bB9396471050C,0.1479,0xbc9947c8b019f57014f6b9cebe8571d7ace1d2ca,2021-07-07,0xf05155f792819710da259c103d30e4b70178ea9f,533,https://api.coolcatsnft.com/cat/533,0xdfda6d62a851e83beec6bf1a1d7906104013c0c5d5008b20adf7b171188974f6,4.0,4.0,COOLCAT23,coolcat
12993,12762120,0x1A92f7381B9F03921564a437210bB9396471050C,0.21,0xf05155f792819710da259c103d30e4b70178ea9f,2021-07-04,0x59f1875986a5eac58bf4959789fd5a3a3cb36c6e,9578,https://api.coolcatsnft.com/cat/9578,0x7724ffae7028d9842a4d974975fc459fad6d991f60dde566b8b7ed99265014fa,3.0,3.0,COOLCAT24,coolcat
17921,12759099,0x1A92f7381B9F03921564a437210bB9396471050C,0.027,0xbd0247706f8486aaa6b372d81ab4b85f6f4c57ef,2021-07-04,0xf05155f792819710da259c103d30e4b70178ea9f,519,https://api.coolcatsnft.com/cat/519,0xa4810239555ea2346dae18d2c360c974462604e394282268cf8d2179b0bdf557,2.0,2.0,COOLCAT24,coolcat
18538,12777630,0x1A92f7381B9F03921564a437210bB9396471050C,0.39,0x59f1875986a5eac58bf4959789fd5a3a3cb36c6e,2021-07-07,0xbd0247706f8486aaa6b372d81ab4b85f6f4c57ef,6957,https://api.coolcatsnft.com/cat/6957,0xaa50c57b30769dd2b8ce7a4891598dab8c4f8e2d2fbc18d183c8986ba16a5cfb,2.0,2.0,COOLCAT24,coolcat
9308,12759101,0x1A92f7381B9F03921564a437210bB9396471050C,0.027,0x0775a23372a9a1572b2138f0eb5069a60f6b8b05,2021-07-04,0xf05155f792819710da259c103d30e4b70178ea9f,8701,https://api.coolcatsnft.com/cat/8701,0x55c941902bb4d8600d5db8f0166e650ee75e626949c6ad1711131d6dff218616,2.0,2.0,COOLCAT25,coolcat
5303,12777471,0x1A92f7381B9F03921564a437210bB9396471050C,0.16,0x3a8ba184032ea515167bc3f6e19914f95c3c2ec5,2021-07-07,0x0775a23372a9a1572b2138f0eb5069a60f6b8b05,8863,https://api.coolcatsnft.com/cat/8863,0x30159258dd03f8e47c064a2439ccb8e2db1a294e6aeb25b3250a268c1041829b,1.0,1.0,COOLCAT25,coolcat
14299,12774497,0x1A92f7381B9F03921564a437210bB9396471050C,0.2,0xf05155f792819710da259c103d30e4b70178ea9f,2021-07-06,0x3a8ba184032ea515167bc3f6e19914f95c3c2ec5,6562,https://api.coolcatsnft.com/cat/6562,0x83851b8446c53794ff668702c0221575c03d98251a9b230b0025f78dd3331a38,2.0,2.0,COOLCAT25,coolcat
11306,12760441,0x1A92f7381B9F03921564a437210bB9396471050C,0.07,0xf05155f792819710da259c103d30e4b70178ea9f,2021-07-04,0x5c324717224ab76d82d3ff1a86f0d0fe20fed856,3793,https://api.coolcatsnft.com/cat/3793,0x67f04c2de22af82348ecacc34a176c9014aab77da73dcc7f07721ed42026e718,2.0,2.0,COOLCAT26,coolcat
12393,12777776,0x1A92f7381B9F03921564a437210bB9396471050C,0.144,0x72fae93d08a060a7f0a8919708c0db74ca46cbb6,2021-07-07,0xf05155f792819710da259c103d30e4b70178ea9f,7703,https://api.coolcatsnft.com/cat/7703,0x717ce8a7a8f56a6ec173941fee75dd145e30e136d3bbef322fbbcb3ec26339b0,6.0,6.0,COOLCAT26,coolcat
15469,12759983,0x1A92f7381B9F03921564a437210bB9396471050C,0.045,0x5c324717224ab76d82d3ff1a86f0d0fe20fed856,2021-07-04,0x72fae93d08a060a7f0a8919708c0db74ca46cbb6,7703,https://api.coolcatsnft.com/cat/7703,0x8e3cf6882a6f687088fcb217190640d86e5c07323cea5d700f5cde744ccc80cc,7.0,7.0,COOLCAT26,coolcat
19432,12778135,0x1A92f7381B9F03921564a437210bB9396471050C,0.25,0x029a3507136ec97a0f2481274598a76f439bbd15,2021-07-07,0x0775a23372a9a1572b2138f0eb5069a60f6b8b05,429,https://api.coolcatsnft.com/cat/429,0xb2fb17900cbe441815f589c7a210e943f4f710b2fb0a0ccef786eca3f1ef7828,3.0,3.0,COOLCAT28,coolcat
9308,12759101,0x1A92f7381B9F03921564a437210bB9396471050C,0.027,0x0775a23372a9a1572b2138f0eb5069a60f6b8b05,2021-07-04,0xf05155f792819710da259c103d30e4b70178ea9f,8701,https://api.coolcatsnft.com/cat/8701,0x55c941902bb4d8600d5db8f0166e650ee75e626949c6ad1711131d6dff218616,2.0,2.0,COOLCAT28,coolcat
15426,12759915,0x1A92f7381B9F03921564a437210bB9396471050C,0.05,0xf05155f792819710da259c103d30e4b70178ea9f,2021-07-04,0x029a3507136ec97a0f2481274598a76f439bbd15,429,https://api.coolcatsnft.com/cat/429,0x8dd1928401d3412f53e849093be764b976437927dfd3fc3a3561eda03c4cc880,2.0,2.0,COOLCAT28,coolcat
9682,12761920,0x1A92f7381B9F03921564a437210bB9396471050C,0.09,0xf05155f792819710da259c103d30e4b70178ea9f,2021-07-04,0x08d816526bdc9d077dd685bd9fa49f58a5ab8e48,2359,https://api.coolcatsnft.com/cat/2359,0x58aaf66553614df9e99bae079cb2db4d3ff4a4fa1d809d6ff43ea6968f2413c2,2.0,2.0,COOLCAT29,coolcat
25790,12761634,0x1A92f7381B9F03921564a437210bB9396471050C,0.1,0x08d816526bdc9d077dd685bd9fa49f58a5ab8e48,2021-07-04,0x0775a23372a9a1572b2138f0eb5069a60f6b8b05,7949,https://api.coolcatsnft.com/cat/7949,0xed398889b4e655dcb38bc6e8be92b259d2222b56d10bf7aea9bcc9a8a557b243,4.0,4.0,COOLCAT29,coolcat
9308,12759101,0x1A92f7381B9F03921564a437210bB9396471050C,0.027,0x0775a23372a9a1572b2138f0eb5069a60f6b8b05,2021-07-04,0xf05155f792819710da259c103d30e4b70178ea9f,8701,https://api.coolcatsnft.com/cat/8701,0x55c941902bb4d8600d5db8f0166e650ee75e626949c6ad1711131d6dff218616,2.0,2.0,COOLCAT29,coolcat
9308,12759101,0x1A92f7381B9F03921564a437210bB9396471050C,0.027,0x0775a23372a9a1572b2138f0eb5069a60f6b8b05,2021-07-04,0xf05155f792819710da259c103d30e4b70178ea9f,8701,https://api.coolcatsnft.com/cat/8701,0x55c941902bb4d8600d5db8f0166e650ee75e626949c6ad1711131d6dff218616,2.0,2.0,COOLCAT3,coolcat
19814,12762517,0x1A92f7381B9F03921564a437210bB9396471050C,0.099,0xf05155f792819710da259c103d30e4b70178ea9f,2021-07-04,0x6d1f97038f6537410ed50456c4a1a9a174f19282,7771,https://api.coolcatsnft.com/cat/7771,0xb667964f2082be625b27e845908e218400c1a90513e96905cf907d29a4035578,7.0,7.0,COOLCAT3,coolcat
9856,12780171,0x1A92f7381B9F03921564a437210bB9396471050C,0.8,0x6d1f97038f6537410ed50456c4a1a9a174f19282,2021-07-07,0x0775a23372a9a1572b2138f0eb5069a60f6b8b05,7435,https://api.coolcatsnft.com/cat/7435,0x5a3b680f7a1663ff051271ea7dd71ea3471977e4260362331629fcc4c6cd2f0a,3.0,3.0,COOLCAT3,coolcat
24249,12760535,0x1A92f7381B9F03921564a437210bB9396471050C,0.05,0xf05155f792819710da259c103d30e4b70178ea9f,2021-07-04,0x235cc1815f11cdeb941ddb342ba57f8bed806841,3796,https://api.coolcatsnft.com/cat/3796,0xdfc3ecbae7a5b0008a67e4f70e123308f0742feb9efac6cfe701500b4dd8865a,2.0,2.0,COOLCAT30,coolcat
13869,12761347,0x1A92f7381B9F03921564a437210bB9396471050C,0.069,0x235cc1815f11cdeb941ddb342ba57f8bed806841,2021-07-04,0x1b6284b63ad8e0b0e254500869896153a2260d1c,7430,https://api.coolcatsnft.com/cat/7430,0x7f98d4baa7c3f3c40432534f3f7f1ebbb952a9ffa4b6ae0f71de24f864f4ff71,1.0,1.0,COOLCAT30,coolcat
2254,12777790,0x1A92f7381B9F03921564a437210bB9396471050C,0.15,0x1b6284b63ad8e0b0e254500869896153a2260d1c,2021-07-07,0xf05155f792819710da259c103d30e4b70178ea9f,1620,https://api.coolcatsnft.com/cat/1620,0x14b94b4a01fb057f41413a441f69834e4eb78ce873745b0567890fe6a8aa28ef,2.0,2.0,COOLCAT30,coolcat
21881,12759804,0x1A92f7381B9F03921564a437210bB9396471050C,0.05,0xf05155f792819710da259c103d30e4b70178ea9f,2021-07-04,0xb630abd9a5367763b7cba316e870c4a54064cc9f,552,https://api.coolcatsnft.com/cat/552,0xc9459cbabefc691ab412cd52a7f45e73777f67bf62807ca1928c2385287a62ce,2.0,2.0,COOLCAT31,coolcat
11397,12783846,0x1A92f7381B9F03921564a437210bB9396471050C,0.4,0xb630abd9a5367763b7cba316e870c4a54064cc9f,2021-07-08,0x88a72b209091f4a4ffa3514e520adbe124ca269a,5260,https://api.coolcatsnft.com/cat/5260,0x68a49171f85301fdb115bcab2d8dd4e2c4ee2050a2c99e0fabdf40aa27f31882,1.0,1.0,COOLCAT31,coolcat
14543,12761786,0x1A92f7381B9F03921564a437210bB9396471050C,0.195,0x88a72b209091f4a4ffa3514e520adbe124ca269a,2021-07-04,0xf05155f792819710da259c103d30e4b70178ea9f,7987,https://api.coolcatsnft.com/cat/7987,0x85970e4240dc8c2114cd6c89a4f491d921be06aa60f288d5583eda3a8233a02d,2.0,2.0,COOLCAT31,coolcat
21732,12759378,0x1A92f7381B9F03921564a437210bB9396471050C,0.055,0xf05155f792819710da259c103d30e4b70178ea9f,2021-07-04,0xb630abd9a5367763b7cba316e870c4a54064cc9f,9503,https://api.coolcatsnft.com/cat/9503,0xc80b262025717b1f0236a1829baf1da91208510c705716ffcfd6b25a87be4ef4,2.0,2.0,COOLCAT32,coolcat
14543,12761786,0x1A92f7381B9F03921564a437210bB9396471050C,0.195,0x88a72b209091f4a4ffa3514e520adbe124ca269a,2021-07-04,0xf05155f792819710da259c103d30e4b70178ea9f,7987,https://api.coolcatsnft.com/cat/7987,0x85970e4240dc8c2114cd6c89a4f491d921be06aa60f288d5583eda3a8233a02d,2.0,2.0,COOLCAT32,coolcat
11397,12783846,0x1A92f7381B9F03921564a437210bB9396471050C,0.4,0xb630abd9a5367763b7cba316e870c4a54064cc9f,2021-07-08,0x88a72b209091f4a4ffa3514e520adbe124ca269a,5260,https://api.coolcatsnft.com/cat/5260,0x68a49171f85301fdb115bcab2d8dd4e2c4ee2050a2c99e0fabdf40aa27f31882,1.0,1.0,COOLCAT32,coolcat
9308,12759101,0x1A92f7381B9F03921564a437210bB9396471050C,0.027,0x0775a23372a9a1572b2138f0eb5069a60f6b8b05,2021-07-04,0xf05155f792819710da259c103d30e4b70178ea9f,8701,https://api.coolcatsnft.com/cat/8701,0x55c941902bb4d8600d5db8f0166e650ee75e626949c6ad1711131d6dff218616,2.0,2.0,COOLCAT33,coolcat
21277,12761802,0x1A92f7381B9F03921564a437210bB9396471050C,0.09,0xf05155f792819710da259c103d30e4b70178ea9f,2021-07-04,0x08d816526bdc9d077dd685bd9fa49f58a5ab8e48,2624,https://api.coolcatsnft.com/cat/2624,0xc39da2ea87eab028912b35c4936e985161617ee4e8b207171d1499b67243e6e4,2.0,2.0,COOLCAT33,coolcat
25790,12761634,0x1A92f7381B9F03921564a437210bB9396471050C,0.1,0x08d816526bdc9d077dd685bd9fa49f58a5ab8e48,2021-07-04,0x0775a23372a9a1572b2138f0eb5069a60f6b8b05,7949,https://api.coolcatsnft.com/cat/7949,0xed398889b4e655dcb38bc6e8be92b259d2222b56d10bf7aea9bcc9a8a557b243,4.0,4.0,COOLCAT33,coolcat
22388,12745850,0x1A92f7381B9F03921564a437210bB9396471050C,0.025,0xe54cf30a3f31f3076e9ab5bd122379545a137b4c,2021-07-02,0x30965b30bbbd150d634ca46d5c9b38b2fb9c2f53,1017,https://api.coolcatsnft.com/cat/1017,0xce081472014dab050cdba2a6821e5f104b3476853ac99761298cec5e6a3eda0e,7.0,7.0,COOLCAT34,coolcat
18718,12759117,0x1A92f7381B9F03921564a437210bB9396471050C,0.029,0x30965b30bbbd150d634ca46d5c9b38b2fb9c2f53,2021-07-04,0xf05155f792819710da259c103d30e4b70178ea9f,1017,https://api.coolcatsnft.com/cat/1017,0xac1e1a8ed67881997831700495c60edca712e697465a1d005c5049b56b9e64ee,6.0,6.0,COOLCAT34,coolcat
22797,12761803,0x1A92f7381B9F03921564a437210bB9396471050C,0.09,0xf05155f792819710da259c103d30e4b70178ea9f,2021-07-04,0x08d816526bdc9d077dd685bd9fa49f58a5ab8e48,8365,https://api.coolcatsnft.com/cat/8365,0xd22034aa5f74e7a16b36a038e293b900fcdf69fb7581a35cf9f5b11fc7085067,2.0,2.0,COOLCAT36,coolcat
9308,12759101,0x1A92f7381B9F03921564a437210bB9396471050C,0.027,0x0775a23372a9a1572b2138f0eb5069a60f6b8b05,2021-07-04,0xf05155f792819710da259c103d30e4b70178ea9f,8701,https://api.coolcatsnft.com/cat/8701,0x55c941902bb4d8600d5db8f0166e650ee75e626949c6ad1711131d6dff218616,2.0,2.0,COOLCAT36,coolcat
25790,12761634,0x1A92f7381B9F03921564a437210bB9396471050C,0.1,0x08d816526bdc9d077dd685bd9fa49f58a5ab8e48,2021-07-04,0x0775a23372a9a1572b2138f0eb5069a60f6b8b05,7949,https://api.coolcatsnft.com/cat/7949,0xed398889b4e655dcb38bc6e8be92b259d2222b56d10bf7aea9bcc9a8a557b243,4.0,4.0,COOLCAT36,coolcat
9308,12759101,0x1A92f7381B9F03921564a437210bB9396471050C,0.027,0x0775a23372a9a1572b2138f0eb5069a60f6b8b05,2021-07-04,0xf05155f792819710da259c103d30e4b70178ea9f,8701,https://api.coolcatsnft.com/cat/8701,0x55c941902bb4d8600d5db8f0166e650ee75e626949c6ad1711131d6dff218616,2.0,2.0,COOLCAT37,coolcat
2939,12759944,0x1A92f7381B9F03921564a437210bB9396471050C,0.07,0xf05155f792819710da259c103d30e4b70178ea9f,2021-07-04,0xdabdfde5776d579fd415392e0caff7e555040065,568,https://api.coolcatsnft.com/cat/568,0x1ae801b2eed9feccf05693aa91dd764d87cfb4fb9876b333217f4783dd0056c2,2.0,2.0,COOLCAT37,coolcat
379,12777180,0x1A92f7381B9F03921564a437210bB9396471050C,0.18,0xdabdfde5776d579fd415392e0caff7e555040065,2021-07-07,0x0775a23372a9a1572b2138f0eb5069a60f6b8b05,568,https://api.coolcatsnft.com/cat/568,0x03892cb6ef308ae8bf5f1baed310503d0ced3213a8265b4fbdb3b08042dcb1ba,1.0,1.0,COOLCAT37,coolcat
7197,12762676,0x1A92f7381B9F03921564a437210bB9396471050C,0.09,0xf05155f792819710da259c103d30e4b70178ea9f,2021-07-04,0x08d816526bdc9d077dd685bd9fa49f58a5ab8e48,7468,https://api.coolcatsnft.com/cat/7468,0x41e8ef06e1e579dbf2ff5cb3decaf3c52f925b310820d819ce7471db0473b34d,1.0,1.0,COOLCAT38,coolcat
25790,12761634,0x1A92f7381B9F03921564a437210bB9396471050C,0.1,0x08d816526bdc9d077dd685bd9fa49f58a5ab8e48,2021-07-04,0x0775a23372a9a1572b2138f0eb5069a60f6b8b05,7949,https://api.coolcatsnft.com/cat/7949,0xed398889b4e655dcb38bc6e8be92b259d2222b56d10bf7aea9bcc9a8a557b243,4.0,4.0,COOLCAT38,coolcat
9308,12759101,0x1A92f7381B9F03921564a437210bB9396471050C,0.027,0x0775a23372a9a1572b2138f0eb5069a60f6b8b05,2021-07-04,0xf05155f792819710da259c103d30e4b70178ea9f,8701,https://api.coolcatsnft.com/cat/8701,0x55c941902bb4d8600d5db8f0166e650ee75e626949c6ad1711131d6dff218616,2.0,2.0,COOLCAT38,coolcat
24506,12778321,0x1A92f7381B9F03921564a437210bB9396471050C,0.15,0x9082159a1bac36198eba8ec87816e8a195f22f56,2021-07-07,0xbc9947c8b019f57014f6b9cebe8571d7ace1d2ca,7704,https://api.coolcatsnft.com/cat/7704,0xe22e9c4ee40d590ce6ae8e17546124a48b01287227863c71a88ebb8e1eeeb95e,4.0,4.0,COOLCAT39,coolcat
4255,12762795,0x1A92f7381B9F03921564a437210bB9396471050C,0.09,0xf05155f792819710da259c103d30e4b70178ea9f,2021-07-04,0x9082159a1bac36198eba8ec87816e8a195f22f56,8047,https://api.coolcatsnft.com/cat/8047,0x26970c52082b5147be414d0a0922085dea796b06c2e232908f8112abfc098e85,1.0,1.0,COOLCAT39,coolcat
24260,12777777,0x1A92f7381B9F03921564a437210bB9396471050C,0.1479,0xbc9947c8b019f57014f6b9cebe8571d7ace1d2ca,2021-07-07,0xf05155f792819710da259c103d30e4b70178ea9f,533,https://api.coolcatsnft.com/cat/533,0xdfda6d62a851e83beec6bf1a1d7906104013c0c5d5008b20adf7b171188974f6,4.0,4.0,COOLCAT39,coolcat
19771,12761359,0x1A92f7381B9F03921564a437210bB9396471050C,0.089,0x5348cfff841dd4e97ae422136a3a97520ac4074d,2021-07-04,0x6d5a7d96d86e6d93ecdf180624fd89f93f988ddd,8196,https://api.coolcatsnft.com/cat/8196,0xb60c7c67241d7b4e3c0d7f8dfed18009a844a3489013acd3e944e07e4df83301,6.0,6.0,COOLCAT4,coolcat
278,12759117,0x1A92f7381B9F03921564a437210bB9396471050C,0.029,0x6d5a7d96d86e6d93ecdf180624fd89f93f988ddd,2021-07-04,0xf05155f792819710da259c103d30e4b70178ea9f,1202,https://api.coolcatsnft.com/cat/1202,0x025d1a949c6aa09fc02bc5995ab58f39b2dac9dba70b49173fc662555b5b9744,1.0,1.0,COOLCAT4,coolcat
20570,12760329,0x1A92f7381B9F03921564a437210bB9396471050C,0.05,0xf05155f792819710da259c103d30e4b70178ea9f,2021-07-04,0x5348cfff841dd4e97ae422136a3a97520ac4074d,567,https://api.coolcatsnft.com/cat/567,0xbd470de1d25851fb607562d8d9a3bc09011351f899214eadc10b55b217848e06,7.0,7.0,COOLCAT4,coolcat
3269,12760268,0x1A92f7381B9F03921564a437210bB9396471050C,0.05,0xf05155f792819710da259c103d30e4b70178ea9f,2021-07-04,0x1b6284b63ad8e0b0e254500869896153a2260d1c,3792,https://api.coolcatsnft.com/cat/3792,0x1e033b56972906d844649a46e551f3483c8fb82596e212d7c09c66472b292b5e,1.0,1.0,COOLCAT40,coolcat
2254,12777790,0x1A92f7381B9F03921564a437210bB9396471050C,0.15,0x1b6284b63ad8e0b0e254500869896153a2260d1c,2021-07-07,0xf05155f792819710da259c103d30e4b70178ea9f,1620,https://api.coolcatsnft.com/cat/1620,0x14b94b4a01fb057f41413a441f69834e4eb78ce873745b0567890fe6a8aa28ef,2.0,2.0,COOLCAT40,coolcat
22543,12759135,0x1A92f7381B9F03921564a437210bB9396471050C,0.0299,0x188408ef0c26225705f6cdea6148f3f8ed802348,2021-07-04,0xf05155f792819710da259c103d30e4b70178ea9f,8450,https://api.coolcatsnft.com/cat/8450,0xcf9a41ee29ab8695c3e68fd0c91a7c5f02e6a45b2a1cf5ab16b74a1e7a11ff5c,9.0,9.0,COOLCAT41,coolcat
2911,12762999,0x1A92f7381B9F03921564a437210bB9396471050C,0.09,0xf05155f792819710da259c103d30e4b70178ea9f,2021-07-04,0x188408ef0c26225705f6cdea6148f3f8ed802348,8701,https://api.coolcatsnft.com/cat/8701,0x1ab1548b0b30d5873eff6161ad6da7b45165b04171329bcdf81b8e89ba6f8584,1.0,1.0,COOLCAT41,coolcat
21333,12770461,0x1A92f7381B9F03921564a437210bB9396471050C,0.07,0x4d00dbed69c8d706300e2e30d3d0eb32214cce91,2021-07-05,0xd83fcd0ce05895acae34519bec5dae8686608e0a,8147,https://api.coolcatsnft.com/cat/8147,0xc434136c2b14d05374e856123838600a942f26c9083ca349eac998ae8904e2de,6.0,6.0,COOLCAT42,coolcat
1138,12760386,0x1A92f7381B9F03921564a437210bB9396471050C,0.05,0xf05155f792819710da259c103d30e4b70178ea9f,2021-07-04,0x4d00dbed69c8d706300e2e30d3d0eb32214cce91,9399,https://api.coolcatsnft.com/cat/9399,0x0a625494604230fee0a7ea7291065e91b5aa5eba25bf79ef829c80535bda7765,1.0,1.0,COOLCAT42,coolcat
1062,12777784,0x1A92f7381B9F03921564a437210bB9396471050C,0.165,0xd83fcd0ce05895acae34519bec5dae8686608e0a,2021-07-07,0xf05155f792819710da259c103d30e4b70178ea9f,8147,https://api.coolcatsnft.com/cat/8147,0x09ac5c4e6aa6afac8eaddabcbdadf8a8835edcce9c27af4deba8046d6ba33915,1.0,1.0,COOLCAT42,coolcat
24260,12777777,0x1A92f7381B9F03921564a437210bB9396471050C,0.1479,0xbc9947c8b019f57014f6b9cebe8571d7ace1d2ca,2021-07-07,0xf05155f792819710da259c103d30e4b70178ea9f,533,https://api.coolcatsnft.com/cat/533,0xdfda6d62a851e83beec6bf1a1d7906104013c0c5d5008b20adf7b171188974f6,4.0,4.0,COOLCAT43,coolcat
16053,12778230,0x1A92f7381B9F03921564a437210bB9396471050C,0.23,0x09ba0d8c6e10147660714388d4857260d9bd7958,2021-07-07,0xbc9947c8b019f57014f6b9cebe8571d7ace1d2ca,3483,https://api.coolcatsnft.com/cat/3483,0x93618f8e5647808e0a397ae174185946c2642836bc0742686fe90ad970794b59,2.0,2.0,COOLCAT43,coolcat
10555,12778213,0x1A92f7381B9F03921564a437210bB9396471050C,0.4,0x09ba0d8c6e10147660714388d4857260d9bd7958,2021-07-07,0x09c34af24759281d4a078bc57c504e96eb912427,8787,https://api.coolcatsnft.com/cat/8787,0x60ddc496ebd5125fdfcb02c4f22bf359c27e7382f9f6268deacc8e7fc1fd0201,1.0,1.0,COOLCAT44,coolcat
3661,12759134,0x1A92f7381B9F03921564a437210bB9396471050C,0.029,0x09c34af24759281d4a078bc57c504e96eb912427,2021-07-04,0xf05155f792819710da259c103d30e4b70178ea9f,7771,https://api.coolcatsnft.com/cat/7771,0x216a0d444e5e23b8d4b9ff5194a478630f7778a2e8578fbbf2c0026e642a81fb,1.0,1.0,COOLCAT44,coolcat
2480,12750875,0x1A92f7381B9F03921564a437210bB9396471050C,0.055,0xf05155f792819710da259c103d30e4b70178ea9f,2021-07-02,0x09ba0d8c6e10147660714388d4857260d9bd7958,430,https://api.coolcatsnft.com/cat/430,0x16979721008cfb2ccbb0bc62657c64d9e6aba6c20caf4ad86ab8ef3edcbd9294,1.0,1.0,COOLCAT45,coolcat
1380,12761500,0x1A92f7381B9F03921564a437210bB9396471050C,0.08,0x09ba0d8c6e10147660714388d4857260d9bd7958,2021-07-04,0x6d5a7d96d86e6d93ecdf180624fd89f93f988ddd,8783,https://api.coolcatsnft.com/cat/8783,0x0cc5bf61e047800478d09d3517a84cd6d3d851d95d12b78526fc37e1f58cdd86,1.0,1.0,COOLCAT45,coolcat
278,12759117,0x1A92f7381B9F03921564a437210bB9396471050C,0.029,0x6d5a7d96d86e6d93ecdf180624fd89f93f988ddd,2021-07-04,0xf05155f792819710da259c103d30e4b70178ea9f,1202,https://api.coolcatsnft.com/cat/1202,0x025d1a949c6aa09fc02bc5995ab58f39b2dac9dba70b49173fc662555b5b9744,1.0,1.0,COOLCAT45,coolcat
857,12759199,0x1A92f7381B9F03921564a437210bB9396471050C,0.06,0xf05155f792819710da259c103d30e4b70178ea9f,2021-07-04,0x80a40db7895dce583344b87453ece862e4affa1b,557,https://api.coolcatsnft.com/cat/557,0x07cf14ecc123fe80634d8a9cdfbe6581dfbde29411119d7d8b2739c0a0b6d798,1.0,1.0,COOLCAT46,coolcat
1086,12777126,0x1A92f7381B9F03921564a437210bB9396471050C,0.15,0x80a40db7895dce583344b87453ece862e4affa1b,2021-07-07,0x0775a23372a9a1572b2138f0eb5069a60f6b8b05,8672,https://api.coolcatsnft.com/cat/8672,0x09e5e3d3fdf051d0244f81003ddbd2d5bab43c18a73a5bb9e0c84c3869fffc06,1.0,1.0,COOLCAT46,coolcat
9308,12759101,0x1A92f7381B9F03921564a437210bB9396471050C,0.027,0x0775a23372a9a1572b2138f0eb5069a60f6b8b05,2021-07-04,0xf05155f792819710da259c103d30e4b70178ea9f,8701,https://api.coolcatsnft.com/cat/8701,0x55c941902bb4d8600d5db8f0166e650ee75e626949c6ad1711131d6dff218616,2.0,2.0,COOLCAT46,coolcat
22468,12759135,0x1A92f7381B9F03921564a437210bB9396471050C,0.0299,0x8e9714bce0cff0b54e22faf54f970dd7d58adc3a,2021-07-04,0xf05155f792819710da259c103d30e4b70178ea9f,1790,https://api.coolcatsnft.com/cat/1790,0xcee17b4db24288d37b36b28f55c324d6289b9045155f397ba2e7e01abe6c96f6,7.0,7.0,COOLCAT47,coolcat
17124,12744771,0x1A92f7381B9F03921564a437210bB9396471050C,0.02,0xb4c374f1837ef355ca308b8024fd4555aef3bbe7,2021-07-01,0x8e9714bce0cff0b54e22faf54f970dd7d58adc3a,1438,https://api.coolcatsnft.com/cat/1438,0x9d35e6cefdd81c8ffeab1d6bbb56abf7b7777c9f416edabedd90c6e68de683c4,7.0,7.0,COOLCAT47,coolcat
19355,12833817,0x1A92f7381B9F03921564a437210bB9396471050C,0.675,0x453721d8f20513944a0edc7230ec2709552f7e17,2021-07-15,0x5b6b29620d5f226301626806925fd770e796dd69,6109,https://api.coolcatsnft.com/cat/6109,0xb23330fe40add4f99edb928d47b20da549064ee3617a213fcc05e5bb191074eb,3.0,3.0,COOLCAT49,coolcat
9255,12833866,0x1A92f7381B9F03921564a437210bB9396471050C,1.2,0x1cbc9af7b19c13d492f4375dfb5e65a8bd04b03d,2021-07-15,0x453721d8f20513944a0edc7230ec2709552f7e17,9218,https://api.coolcatsnft.com/cat/9218,0x553b364fbb3ec8088c1bfbe8a1387a8d9b49c91c4323c81201369348fbf6336f,2.0,2.0,COOLCAT49,coolcat
25141,12834180,0x1A92f7381B9F03921564a437210bB9396471050C,0.79,0x5b6b29620d5f226301626806925fd770e796dd69,2021-07-15,0x1cbc9af7b19c13d492f4375dfb5e65a8bd04b03d,6109,https://api.coolcatsnft.com/cat/6109,0xe7a4dfb92e4bf0438b50e32e7a95ee09ac56719291dc6f9be56d7910d46c26f7,5.0,5.0,COOLCAT49,coolcat
9308,12759101,0x1A92f7381B9F03921564a437210bB9396471050C,0.027,0x0775a23372a9a1572b2138f0eb5069a60f6b8b05,2021-07-04,0xf05155f792819710da259c103d30e4b70178ea9f,8701,https://api.coolcatsnft.com/cat/8701,0x55c941902bb4d8600d5db8f0166e650ee75e626949c6ad1711131d6dff218616,2.0,2.0,COOLCAT5,coolcat
17514,12777346,0x1A92f7381B9F03921564a437210bB9396471050C,0.2,0x3d7f610fdcac111f0b7c16384c2792e7e0abb589,2021-07-07,0x0775a23372a9a1572b2138f0eb5069a60f6b8b05,4631,https://api.coolcatsnft.com/cat/4631,0xa0f51cdb791058349269863b9eccf28facc1f8e97b572ca61d89c5ecbc4e31a5,2.0,2.0,COOLCAT5,coolcat
26692,12761710,0x1A92f7381B9F03921564a437210bB9396471050C,0.16,0xf05155f792819710da259c103d30e4b70178ea9f,2021-07-04,0x3d7f610fdcac111f0b7c16384c2792e7e0abb589,564,https://api.coolcatsnft.com/cat/564,0xf5506f525d96023ad84b0362c79e7e0e90255621e32220806ede50280df321f6,6.0,6.0,COOLCAT5,coolcat
12513,13116998,0x1A92f7381B9F03921564a437210bB9396471050C,5.0,0x9ff8c1d0fc01f42036b47a87810f876946d825d8,2021-08-28,0x9930afbe9b5ee2ac63acfba2403be1ea780b95fd,9561,https://api.coolcatsnft.com/cat/9561,0x729bb55853568ffbbba0f48c7cde6ed7f1ee2a31a901682d20adab1fbecb5083,8.0,8.0,COOLCAT50,coolcat
20040,13117032,0x1A92f7381B9F03921564a437210bB9396471050C,7.8,0x9930afbe9b5ee2ac63acfba2403be1ea780b95fd,2021-08-29,0x9ff8c1d0fc01f42036b47a87810f876946d825d8,9561,https://api.coolcatsnft.com/cat/9561,0xb87b2d54611b0a256c1f46006ba5026fb4797460cc1351e0043d2fe0822239d5,13.0,13.0,COOLCAT50,coolcat
2076,13116066,0x1A92f7381B9F03921564a437210bB9396471050C,4.49,0x413e81d8f46cd69733f7714ce6f5d6c8f47c5843,2021-08-28,0x9930afbe9b5ee2ac63acfba2403be1ea780b95fd,8017,https://api.coolcatsnft.com/cat/8017,0x132fde98305fb026e2542c04421fc0b5017b7770c04cb206ff13da1ba63b17ae,2.0,2.0,COOLCAT52,coolcat
2968,13116101,0x1A92f7381B9F03921564a437210bB9396471050C,5.05,0x9930afbe9b5ee2ac63acfba2403be1ea780b95fd,2021-08-28,0x413e81d8f46cd69733f7714ce6f5d6c8f47c5843,8017,https://api.coolcatsnft.com/cat/8017,0x1b2e1af1fa812d6cc2b3ed17d1e93ae0caef17aca12767746cd0f4cc114c25bb,3.0,3.0,COOLCAT52,coolcat
23644,12759368,0x1A92f7381B9F03921564a437210bB9396471050C,0.035,0x6d1f97038f6537410ed50456c4a1a9a174f19282,2021-07-04,0x38a4d889a1979133fbc1d58f970f0953e3715c26,8417,https://api.coolcatsnft.com/cat/8417,0xda2a3457cb34c8d794b1208ef51f8ccc80280eea0c6d5a57ace35273a543d4ce,6.0,6.0,COOLCAT53,coolcat
26037,12778482,0x1A92f7381B9F03921564a437210bB9396471050C,0.4,0x38a4d889a1979133fbc1d58f970f0953e3715c26,2021-07-07,0x969b4c148f459b3353a869531b5b5cc6c0fab3b4,1316,https://api.coolcatsnft.com/cat/1316,0xef583c7266c0d2801860e5a4dc62cc250c0c227aa8dfad743c33d8030f2a8d70,4.0,4.0,COOLCAT53,coolcat
7535,12782772,0x1A92f7381B9F03921564a437210bB9396471050C,1.27,0x969b4c148f459b3353a869531b5b5cc6c0fab3b4,2021-07-07,0x6d1f97038f6537410ed50456c4a1a9a174f19282,1302,https://api.coolcatsnft.com/cat/1302,0x45151e07fc236abd0ff5a29bc29a4089ed12bd29c2f044152aa7710fd17fea75,4.0,4.0,COOLCAT53,coolcat
26195,12745557,0x1A92f7381B9F03921564a437210bB9396471050C,0.02,0x178442bb4d0d479b63136b27ef92495381244a70,2021-07-02,0xf14c883b4940e0f8c4257d72674f003d8b6cdb58,2878,https://api.coolcatsnft.com/cat/2878,0xf0907203d589a151214ac7d8fd8bbcacf8bb02e8526d34ac1fe7a4a1cc48cad6,6.0,6.0,COOLCAT54,coolcat
13136,12759357,0x1A92f7381B9F03921564a437210bB9396471050C,0.035,0xf14c883b4940e0f8c4257d72674f003d8b6cdb58,2021-07-04,0x38a4d889a1979133fbc1d58f970f0953e3715c26,1481,https://api.coolcatsnft.com/cat/1481,0x788406c741604070d6738e432b4fe9f605e8dae99c42743b59c14cbe42faf5db,2.0,2.0,COOLCAT54,coolcat
13627,12745727,0x1A92f7381B9F03921564a437210bB9396471050C,0.02,0x178442bb4d0d479b63136b27ef92495381244a70,2021-07-02,0xf14c883b4940e0f8c4257d72674f003d8b6cdb58,1481,https://api.coolcatsnft.com/cat/1481,0x7d350b9db5ff4f1bb750843d02551527b1091a8fd1fcb6e4856b88b3c98eaab3,3.0,3.0,COOLCAT55,coolcat
13136,12759357,0x1A92f7381B9F03921564a437210bB9396471050C,0.035,0xf14c883b4940e0f8c4257d72674f003d8b6cdb58,2021-07-04,0x38a4d889a1979133fbc1d58f970f0953e3715c26,1481,https://api.coolcatsnft.com/cat/1481,0x788406c741604070d6738e432b4fe9f605e8dae99c42743b59c14cbe42faf5db,2.0,2.0,COOLCAT55,coolcat
16935,12745514,0x1A92f7381B9F03921564a437210bB9396471050C,0.02,0x178442bb4d0d479b63136b27ef92495381244a70,2021-07-02,0xf14c883b4940e0f8c4257d72674f003d8b6cdb58,6300,https://api.coolcatsnft.com/cat/6300,0x9b6000429df0691c22814ec654ed401149e6f03d19b1668f488dc4069f5420cc,2.0,2.0,COOLCAT56,coolcat
13136,12759357,0x1A92f7381B9F03921564a437210bB9396471050C,0.035,0xf14c883b4940e0f8c4257d72674f003d8b6cdb58,2021-07-04,0x38a4d889a1979133fbc1d58f970f0953e3715c26,1481,https://api.coolcatsnft.com/cat/1481,0x788406c741604070d6738e432b4fe9f605e8dae99c42743b59c14cbe42faf5db,2.0,2.0,COOLCAT56,coolcat
23459,12768977,0x1A92f7381B9F03921564a437210bB9396471050C,0.1,0x38a4d889a1979133fbc1d58f970f0953e3715c26,2021-07-05,0x178442bb4d0d479b63136b27ef92495381244a70,3292,https://api.coolcatsnft.com/cat/3292,0xd8607c3073d631b17ded08dbc351f14734dae3ebc716e246b96157da1201229b,3.0,3.0,COOLCAT57,coolcat
1569,12745298,0x1A92f7381B9F03921564a437210bB9396471050C,0.02,0x178442bb4d0d479b63136b27ef92495381244a70,2021-07-02,0xf14c883b4940e0f8c4257d72674f003d8b6cdb58,1516,https://api.coolcatsnft.com/cat/1516,0x0e897a7b06ac1306d175f4990f8fdbc39047095977cd65ea9a624e64ee9cf6b8,1.0,1.0,COOLCAT57,coolcat
13136,12759357,0x1A92f7381B9F03921564a437210bB9396471050C,0.035,0xf14c883b4940e0f8c4257d72674f003d8b6cdb58,2021-07-04,0x38a4d889a1979133fbc1d58f970f0953e3715c26,1481,https://api.coolcatsnft.com/cat/1481,0x788406c741604070d6738e432b4fe9f605e8dae99c42743b59c14cbe42faf5db,2.0,2.0,COOLCAT57,coolcat
13869,12761347,0x1A92f7381B9F03921564a437210bB9396471050C,0.069,0x235cc1815f11cdeb941ddb342ba57f8bed806841,2021-07-04,0x1b6284b63ad8e0b0e254500869896153a2260d1c,7430,https://api.coolcatsnft.com/cat/7430,0x7f98d4baa7c3f3c40432534f3f7f1ebbb952a9ffa4b6ae0f71de24f864f4ff71,1.0,1.0,COOLCAT6,coolcat
27807,12760465,0x1A92f7381B9F03921564a437210bB9396471050C,0.05,0xf05155f792819710da259c103d30e4b70178ea9f,2021-07-04,0x235cc1815f11cdeb941ddb342ba57f8bed806841,427,https://api.coolcatsnft.com/cat/427,0xff7d9efbf14897be7fec7c03a305c10090f85aebb6fbc905b0840f8f84883ddc,6.0,6.0,COOLCAT6,coolcat
2254,12777790,0x1A92f7381B9F03921564a437210bB9396471050C,0.15,0x1b6284b63ad8e0b0e254500869896153a2260d1c,2021-07-07,0xf05155f792819710da259c103d30e4b70178ea9f,1620,https://api.coolcatsnft.com/cat/1620,0x14b94b4a01fb057f41413a441f69834e4eb78ce873745b0567890fe6a8aa28ef,2.0,2.0,COOLCAT6,coolcat
17032,12759540,0x1A92f7381B9F03921564a437210bB9396471050C,0.05,0xf05155f792819710da259c103d30e4b70178ea9f,2021-07-04,0x30e3e8de3732793cb7c8b67acca6b2bcadc58186,446,https://api.coolcatsnft.com/cat/446,0x9c73563fc4e6a05fc34389dc37f86ee043db31430e88b462e99359ff683c834a,5.0,5.0,COOLCAT7,coolcat
9308,12759101,0x1A92f7381B9F03921564a437210bB9396471050C,0.027,0x0775a23372a9a1572b2138f0eb5069a60f6b8b05,2021-07-04,0xf05155f792819710da259c103d30e4b70178ea9f,8701,https://api.coolcatsnft.com/cat/8701,0x55c941902bb4d8600d5db8f0166e650ee75e626949c6ad1711131d6dff218616,2.0,2.0,COOLCAT7,coolcat
17377,12761865,0x1A92f7381B9F03921564a437210bB9396471050C,0.125,0x30e3e8de3732793cb7c8b67acca6b2bcadc58186,2021-07-04,0x0775a23372a9a1572b2138f0eb5069a60f6b8b05,3753,https://api.coolcatsnft.com/cat/3753,0x9fb2c52a3a921290c41f88d8ae5be7aa98fef5fe5e9fcf25bb2b73c263c4c7a4,5.0,5.0,COOLCAT7,coolcat
22621,12750554,0x1A92f7381B9F03921564a437210bB9396471050C,0.023,0xe6b221eb84084cbf557465cb8972ce2eaca59382,2021-07-02,0xa958e6e90f570ca0293a01cdbbb6997de5848850,3522,https://api.coolcatsnft.com/cat/3522,0xd04d2552a251f9cd72027e295bb9b66976f208807ceaceac049f8fce66b6cb1b,1.0,1.0,COOLCAT72,coolcat
961,12765660,0x1A92f7381B9F03921564a437210bB9396471050C,0.14,0xa958e6e90f570ca0293a01cdbbb6997de5848850,2021-07-05,0x3458fd8f327f270b32092cd406ed8ba97405d9f5,7540,https://api.coolcatsnft.com/cat/7540,0x08ce8103bcb72ad92543ee125ea69d2bd91d6cd8961992edf8a7989b5857c647,1.0,1.0,COOLCAT72,coolcat
22124,12746952,0x1A92f7381B9F03921564a437210bB9396471050C,0.031,0x3458fd8f327f270b32092cd406ed8ba97405d9f5,2021-07-02,0xe6b221eb84084cbf557465cb8972ce2eaca59382,2973,https://api.coolcatsnft.com/cat/2973,0xcb713192411a4716e7e15ab2ca6e27f7bede8e8022e6f330915175aae4ce3249,2.0,2.0,COOLCAT72,coolcat
9688,12750630,0x1A92f7381B9F03921564a437210bB9396471050C,0.0233,0x09ba0d8c6e10147660714388d4857260d9bd7958,2021-07-02,0xa958e6e90f570ca0293a01cdbbb6997de5848850,8786,https://api.coolcatsnft.com/cat/8786,0x58b5b91dd60c937ffa32ea7e0c729e2f5d86e3203fdea1a082989b8028e34e4e,1.0,1.0,COOLCAT73,coolcat
961,12765660,0x1A92f7381B9F03921564a437210bB9396471050C,0.14,0xa958e6e90f570ca0293a01cdbbb6997de5848850,2021-07-05,0x3458fd8f327f270b32092cd406ed8ba97405d9f5,7540,https://api.coolcatsnft.com/cat/7540,0x08ce8103bcb72ad92543ee125ea69d2bd91d6cd8961992edf8a7989b5857c647,1.0,1.0,COOLCAT73,coolcat
8850,12750602,0x1A92f7381B9F03921564a437210bB9396471050C,0.022,0x09ba0d8c6e10147660714388d4857260d9bd7958,2021-07-02,0xa958e6e90f570ca0293a01cdbbb6997de5848850,8776,https://api.coolcatsnft.com/cat/8776,0x51897579c7be55250f3aaa6168fed3b01d3637874a740b6fd8098c1af2f2db4f,1.0,1.0,COOLCAT74,coolcat
961,12765660,0x1A92f7381B9F03921564a437210bB9396471050C,0.14,0xa958e6e90f570ca0293a01cdbbb6997de5848850,2021-07-05,0x3458fd8f327f270b32092cd406ed8ba97405d9f5,7540,https://api.coolcatsnft.com/cat/7540,0x08ce8103bcb72ad92543ee125ea69d2bd91d6cd8961992edf8a7989b5857c647,1.0,1.0,COOLCAT74,coolcat
5970,12750704,0x1A92f7381B9F03921564a437210bB9396471050C,0.021,0x09ba0d8c6e10147660714388d4857260d9bd7958,2021-07-02,0xa958e6e90f570ca0293a01cdbbb6997de5848850,8785,https://api.coolcatsnft.com/cat/8785,0x3633403cf527f5247d63f7884919959bb721a3c47c277317c03237442c4dbcd4,1.0,1.0,COOLCAT75,coolcat
961,12765660,0x1A92f7381B9F03921564a437210bB9396471050C,0.14,0xa958e6e90f570ca0293a01cdbbb6997de5848850,2021-07-05,0x3458fd8f327f270b32092cd406ed8ba97405d9f5,7540,https://api.coolcatsnft.com/cat/7540,0x08ce8103bcb72ad92543ee125ea69d2bd91d6cd8961992edf8a7989b5857c647,1.0,1.0,COOLCAT75,coolcat
961,12765660,0x1A92f7381B9F03921564a437210bB9396471050C,0.14,0xa958e6e90f570ca0293a01cdbbb6997de5848850,2021-07-05,0x3458fd8f327f270b32092cd406ed8ba97405d9f5,7540,https://api.coolcatsnft.com/cat/7540,0x08ce8103bcb72ad92543ee125ea69d2bd91d6cd8961992edf8a7989b5857c647,1.0,1.0,COOLCAT76,coolcat
16980,12750602,0x1A92f7381B9F03921564a437210bB9396471050C,0.022,0x09ba0d8c6e10147660714388d4857260d9bd7958,2021-07-02,0xa958e6e90f570ca0293a01cdbbb6997de5848850,8790,https://api.coolcatsnft.com/cat/8790,0x9befd22805ae97b481924f8a3be824b1207f7a5912725801bf64fbec4c0761cb,1.0,1.0,COOLCAT76,coolcat
961,12765660,0x1A92f7381B9F03921564a437210bB9396471050C,0.14,0xa958e6e90f570ca0293a01cdbbb6997de5848850,2021-07-05,0x3458fd8f327f270b32092cd406ed8ba97405d9f5,7540,https://api.coolcatsnft.com/cat/7540,0x08ce8103bcb72ad92543ee125ea69d2bd91d6cd8961992edf8a7989b5857c647,1.0,1.0,COOLCAT77,coolcat
17871,12781160,0x1A92f7381B9F03921564a437210bB9396471050C,1.0,0x09ba0d8c6e10147660714388d4857260d9bd7958,2021-07-07,0xa958e6e90f570ca0293a01cdbbb6997de5848850,2913,https://api.coolcatsnft.com/cat/2913,0xa404224b9e130b02e71644502ffb1de620385977c7fefc34b7a306002169d3fc,1.0,1.0,COOLCAT77,coolcat
961,12765660,0x1A92f7381B9F03921564a437210bB9396471050C,0.14,0xa958e6e90f570ca0293a01cdbbb6997de5848850,2021-07-05,0x3458fd8f327f270b32092cd406ed8ba97405d9f5,7540,https://api.coolcatsnft.com/cat/7540,0x08ce8103bcb72ad92543ee125ea69d2bd91d6cd8961992edf8a7989b5857c647,1.0,1.0,COOLCAT78,coolcat
2215,12746753,0x1A92f7381B9F03921564a437210bB9396471050C,0.028,0x3458fd8f327f270b32092cd406ed8ba97405d9f5,2021-07-02,0x09ba0d8c6e10147660714388d4857260d9bd7958,5328,https://api.coolcatsnft.com/cat/5328,0x145c33cf6ba2b5adcdfc4c9727d4d6db5c788b9386d247721ac7886d59b72ad2,2.0,2.0,COOLCAT78,coolcat
6605,12751319,0x1A92f7381B9F03921564a437210bB9396471050C,0.022,0x09ba0d8c6e10147660714388d4857260d9bd7958,2021-07-03,0xa958e6e90f570ca0293a01cdbbb6997de5848850,1313,https://api.coolcatsnft.com/cat/1313,0x3c6fc7cc385ec8f73a05248a71e647b40b6abab8212c22cb8eaf5a5ad966aed2,1.0,1.0,COOLCAT78,coolcat
2433,12746641,0x1A92f7381B9F03921564a437210bB9396471050C,0.06,0x3458fd8f327f270b32092cd406ed8ba97405d9f5,2021-07-02,0x711df27b298e67dfb7ed2ea143e5bb535dca2e86,3491,https://api.coolcatsnft.com/cat/3491,0x16201d895aecaaffaa451ea31f3024cfa303467e7fc8d7743899b89d9dd0787e,2.0,2.0,COOLCAT79,coolcat
21024,12782173,0x1A92f7381B9F03921564a437210bB9396471050C,0.56,0x72fae93d08a060a7f0a8919708c0db74ca46cbb6,2021-07-07,0x3458fd8f327f270b32092cd406ed8ba97405d9f5,1042,https://api.coolcatsnft.com/cat/1042,0xc14bb9300983ad26dbde751562cbc9f491c14a17038579e95fa971dbc19d11a5,4.0,4.0,COOLCAT79,coolcat
26027,12759989,0x1A92f7381B9F03921564a437210bB9396471050C,0.045,0x711df27b298e67dfb7ed2ea143e5bb535dca2e86,2021-07-04,0x72fae93d08a060a7f0a8919708c0db74ca46cbb6,2785,https://api.coolcatsnft.com/cat/2785,0xef4158ccbcdc7a9cb9f319134b7c7fea054bef6ccbefdeb677408d651863aaca,4.0,4.0,COOLCAT79,coolcat
17745,12762430,0x1A92f7381B9F03921564a437210bB9396471050C,0.099,0xf05155f792819710da259c103d30e4b70178ea9f,2021-07-04,0x9082159a1bac36198eba8ec87816e8a195f22f56,8715,https://api.coolcatsnft.com/cat/8715,0xa2daa20747c8edfe50b990bfc9bab36cbd04e7d9573b1a7e0448f09f9018da43,5.0,5.0,COOLCAT8,coolcat
24506,12778321,0x1A92f7381B9F03921564a437210bB9396471050C,0.15,0x9082159a1bac36198eba8ec87816e8a195f22f56,2021-07-07,0xbc9947c8b019f57014f6b9cebe8571d7ace1d2ca,7704,https://api.coolcatsnft.com/cat/7704,0xe22e9c4ee40d590ce6ae8e17546124a48b01287227863c71a88ebb8e1eeeb95e,4.0,4.0,COOLCAT8,coolcat
24260,12777777,0x1A92f7381B9F03921564a437210bB9396471050C,0.1479,0xbc9947c8b019f57014f6b9cebe8571d7ace1d2ca,2021-07-07,0xf05155f792819710da259c103d30e4b70178ea9f,533,https://api.coolcatsnft.com/cat/533,0xdfda6d62a851e83beec6bf1a1d7906104013c0c5d5008b20adf7b171188974f6,4.0,4.0,COOLCAT8,coolcat
12319,12743894,0x1A92f7381B9F03921564a437210bB9396471050C,0.08,0xbafae6afa1f7b0001860f627354130c859031b76,2021-07-01,0x3458fd8f327f270b32092cd406ed8ba97405d9f5,420,https://api.coolcatsnft.com/cat/420,0x70c541de55487b71225adf84720bfafafe11c091e1dcd095071f3fe44886385d,1.0,1.0,COOLCAT80,coolcat
15202,12761744,0x1A92f7381B9F03921564a437210bB9396471050C,0.64,0xa958e6e90f570ca0293a01cdbbb6997de5848850,2021-07-04,0xbafae6afa1f7b0001860f627354130c859031b76,5796,https://api.coolcatsnft.com/cat/5796,0x8bc65144fd4db49078dbca680f38802d27baec5cca1473e38b774e67c561e0f1,2.0,2.0,COOLCAT80,coolcat
961,12765660,0x1A92f7381B9F03921564a437210bB9396471050C,0.14,0xa958e6e90f570ca0293a01cdbbb6997de5848850,2021-07-05,0x3458fd8f327f270b32092cd406ed8ba97405d9f5,7540,https://api.coolcatsnft.com/cat/7540,0x08ce8103bcb72ad92543ee125ea69d2bd91d6cd8961992edf8a7989b5857c647,1.0,1.0,COOLCAT81,coolcat
12488,12759177,0x1A92f7381B9F03921564a437210bB9396471050C,0.03,0x3458fd8f327f270b32092cd406ed8ba97405d9f5,2021-07-04,0xa958e6e90f570ca0293a01cdbbb6997de5848850,4593,https://api.coolcatsnft.com/cat/4593,0x726028b75434c0bef42a9f876c924bc17eb7454f9c1468119c2d6c6caa61d53c,1.0,1.0,COOLCAT81,coolcat
17845,13116408,0x1A92f7381B9F03921564a437210bB9396471050C,6.5,0x4c4a5490deefefa16f49a1a48c9acdc60f4117d0,2021-08-28,0xac431575c4d47ee348ce6d271c7ff1cb64442bb3,3209,https://api.coolcatsnft.com/cat/3209,0xa3c6df92bbace4fdd85ef53dbb526081921c501ab71a7605521a442184553731,8.0,8.0,COOLCAT90,coolcat
5328,13139911,0x1A92f7381B9F03921564a437210bB9396471050C,3.7,0xac431575c4d47ee348ce6d271c7ff1cb64442bb3,2021-09-01,0x46e449a3f88d0e35b4520bc36e8dfda195c896b0,2884,https://api.coolcatsnft.com/cat/2884,0x304ac9a7ea177d14454d88008cb1ef91297188756ab46b017a57181d43938a3f,1.0,1.0,COOLCAT90,coolcat
5328,13139911,0x1A92f7381B9F03921564a437210bB9396471050C,3.7,0xac431575c4d47ee348ce6d271c7ff1cb64442bb3,2021-09-01,0x46e449a3f88d0e35b4520bc36e8dfda195c896b0,2884,https://api.coolcatsnft.com/cat/2884,0x304ac9a7ea177d14454d88008cb1ef91297188756ab46b017a57181d43938a3f,1.0,1.0,COOLCAT91,coolcat
13898,13116409,0x1A92f7381B9F03921564a437210bB9396471050C,6.5,0x4c4a5490deefefa16f49a1a48c9acdc60f4117d0,2021-08-28,0xac431575c4d47ee348ce6d271c7ff1cb64442bb3,1264,https://api.coolcatsnft.com/cat/1264,0x7fd159692732803e456c51164adb3b8f95fa711d7dfaf8a246e47211da66a2dc,2.0,2.0,COOLCAT91,coolcat
22053,12777340,0x1A92f7381B9F03921564a437210bB9396471050C,0.1199,0xedec3a7d41be809df55225c2c8069bf2e57c79f9,2021-07-07,0x46e449a3f88d0e35b4520bc36e8dfda195c896b0,7286,https://api.coolcatsnft.com/cat/7286,0xcabdae525395c9f8f325303a003f3c11f36b2ac6cfe3b15af2d3f3c72fc67e28,2.0,2.0,COOLCAT94,coolcat
17280,12782022,0x1A92f7381B9F03921564a437210bB9396471050C,0.489,0x46e449a3f88d0e35b4520bc36e8dfda195c896b0,2021-07-07,0x7133bcf458f9e5c1d5c13b88daeddb0c0aa0c3ea,4295,https://api.coolcatsnft.com/cat/4295,0x9eb25a720885e639ac374e030e8792fda6d1b48671ad55ca82df97bf14d865fa,2.0,2.0,COOLCAT94,coolcat
568,12782216,0x1A92f7381B9F03921564a437210bB9396471050C,0.65,0x7133bcf458f9e5c1d5c13b88daeddb0c0aa0c3ea,2021-07-07,0xedec3a7d41be809df55225c2c8069bf2e57c79f9,3669,https://api.coolcatsnft.com/cat/3669,0x05507e395efe1b3da13a9e1c377b64016fa6050cbdf6f834a761eb67c81596dd,1.0,1.0,COOLCAT94,coolcat
