8.000000119209289551e-01,8.340000033378600630e-01
1.200000047683715820e+00,1.101100015640258833e+00
1.500000000000000000e+00,1.687599968910217241e+00
9.499999880790710449e-01,1.027621078491210982e+00
7.900000214576721191e-01,8.571799874305725542e-01
8.999999761581420898e-01,9.160000205039977583e-01
8.299999833106994629e-01,9.709746837615966797e-01
8.899999856948852539e-01,1.125800013542175293e+00
1.150000000000000000e+01,1.121800003051757777e+01
4.199999809265136719e+00,4.367999982833862482e+00
1.470000028610229492e+00,1.705799984931945845e+00
3.500000000000000000e+00,3.636000013351440519e+00
4.000000000000000000e+00,4.357999992370605646e+00
4.550000190734863281e+00,4.995800018310546875e+00
1.929999947547912598e+00,1.690000033378601163e+00
6.900000095367431641e+00,7.889799785614013850e+00
1.998999977111816406e+01,2.317599983215331960e+01
1.950000047683715820e+00,2.672000026702880948e+00
2.799999952316284180e+00,2.920000028610229670e+00
6.489999771118164062e+00,6.419999980926514027e+00
9.699999809265136719e+00,9.475999832153320312e+00
1.250000000000000000e+01,1.193599987030029297e+01
2.750000000000000000e+00,3.227379989624023615e+00
7.500000000000000000e-01,9.375599861145019753e-01
3.244999885559082031e+00,5.677999973297119141e+00
3.750000000000000000e+00,2.957999992370605291e+00
5.000000000000000000e+00,4.483999967575073242e+00
8.999999761581420898e-01,9.179999947547912154e-01
5.400000095367431641e+00,5.726527976989745916e+00
6.300000190734863281e+00,6.617357730865478516e+00
6.899999976158142090e-01,8.090000033378601518e-01
3.000000119209289551e-01,3.535999870300293058e+00
2.109999895095825195e+00,3.863999891281127752e+00
6.941999816894531250e+01,6.648600006103515625e+01
7.500000000000000000e-01,9.490000009536743164e-01
6.000000000000000000e+00,5.791999912261962535e+00
2.900000095367431641e+00,3.007800054550171076e+00
2.179999947547912598e-01,2.060000032186508068e-01
1.490000009536743164e+00,1.541199994087219194e+00
3.099999904632568359e+00,2.980000019073486328e+00
2.649999856948852539e-01,2.550000011920928733e-01
2.109999954700469971e-01,2.059999972581863514e-01
2.329999953508377075e-01,1.858000010251998901e-01
9.499999880790710449e-01,1.024000000953674272e+00
7.420000076293945312e+00,6.846000099182129262e+00
2.220000028610229492e-01,1.778000012040138189e-01
2.000000000000000000e+00,2.159999966621398981e-01
9.499999880790710449e-01,9.940000057220459428e-01
1.500000000000000000e+00,1.415999984741211026e+00
4.949999809265136719e+00,5.500000000000000000e+00
5.500000119209289551e-01,4.077799975872039573e-01
6.600000262260437012e-01,6.279999971389770286e-01
1.139000034332275391e+01,1.267799987792968786e+01
5.699999928474426270e-01,4.974420547485351451e-01
2.879999876022338867e-01,2.901999950408935547e-01
8.100000023841857910e-01,9.960000157356262429e-01
1.809999942779541016e+00,1.771799993515014604e+00
5.899999737739562988e-01,6.240000009536743608e-01
1.168999958038330078e+01,1.341999988555908274e+01
3.330000042915344238e-01,3.885999977588653342e-01
1.649999976158142090e+00,2.109980010986328036e+00
2.500000000000000000e+00,3.407600021362304776e+00
6.690000057220458984e+00,9.031999969482422230e+00
2.899999916553497314e-01,2.990000009536742942e-01
6.800000071525573730e-01,6.498000144958495650e-01
2.109999895095825195e+00,2.209899997711181729e+00
2.899999916553497314e-01,2.193800002336502020e-01
6.499999761581420898e-01,6.357800006866455300e-01
8.100000023841857910e-01,8.537999987602233887e-01
5.000000000000000000e+00,4.980000019073486328e+00
6.250000000000000000e+00,6.615999889373779475e+00
1.000000000000000000e+00,1.217999994754791260e+00
4.000000000000000000e+00,4.009360027313232600e+00
5.000000000000000000e+00,4.957999992370605291e+00
5.099999904632568359e+00,5.982021903991698863e+00
2.799999952316284180e+00,2.508000040054321200e+00
1.649999976158142090e+00,1.915329980850219771e+00
1.400000000000000000e+01,1.446800003051757777e+01
3.000000119209289551e-01,1.989799976348876898e-01
1.250000000000000000e+00,1.656000018119812012e+00
1.888000011444091797e+00,1.920000028610229448e+00
2.500000000000000000e+00,2.716999959945678889e+00
8.500000000000000000e+00,8.095999908447264914e+00
1.350000000000000000e+01,1.610040245056152486e+01
4.059999942779541016e+00,4.485999965667724965e+00
2.858999967575073242e-01,2.958000063896178977e-01
8.899999856948852539e-01,8.197800040245055708e-01
2.788999974727630615e-01,2.139600008726119940e-01
3.500000000000000000e+00,1.904220008850097567e+00
1.999000012874603271e-01,2.392000019550323542e-01
1.490000039339065552e-01,1.478000044822692927e-01
5.219999790191650391e+00,5.027979946136474254e+00
3.250000000000000000e+00,4.009380006790161488e+00
2.500000000000000000e-01,2.139999955892562811e-01
8.629000186920166016e-01,8.193800091743469460e-01
2.500000000000000000e-01,2.277799999713897849e-01
4.690000116825103760e-01,4.859800040721893311e-01
2.220000028610229492e+00,1.974000000953674228e+00
3.200000047683715820e+00,3.051999998092651545e+00
2.199999988079071045e-01,1.816000014543533436e-01
6.529999971389770508e-01,8.279999971389770952e-01
3.500000000000000000e+00,3.603999996185302646e+00
2.199999988079071045e-01,2.710000038146972434e-01
2.000000000000000000e+00,1.724000000953674228e+00
5.000000000000000000e+00,5.339799976348876598e+00
6.500000000000000000e+00,6.517679977416992010e+00
4.000000000000000000e+00,4.115360021591186523e+00
3.599999904632568359e+00,4.700000000000000178e+00
2.000000000000000000e+00,1.925799989700317294e+00
4.000000000000000000e+00,3.870000028610229403e+00
4.900000095367431641e+00,5.431000041961669744e+00
2.410000085830688477e+00,2.561999940872192294e+00
5.500000000000000000e+00,5.556499958038330078e+00
4.399999976158142090e-01,4.469999969005584717e-01
1.355000019073486328e+01,1.907599983215332173e+01
7.690000057220458984e+00,6.305999946594238459e+00
4.900000095367431641e-01,4.072000056505203358e-01
4.500000000000000000e+00,6.274000024795531871e+00
1.100000000000000000e+01,1.401600017547607457e+01
4.399999976158142090e-01,4.739800035953521951e-01
9.990000128746032715e-01,9.171799898147583452e-01
4.399999976158142090e-01,4.360000014305114857e-01
8.000000119209289551e-01,8.899999976158141646e-01
4.399999976158142090e-01,4.738000035285949707e-01
1.399999976158142090e+00,1.749800014495849654e+00
1.710000038146972656e+00,1.841999983787536710e+00
1.397999954223632812e+01,1.511999988555908203e+01
2.949999868869781494e-01,3.248000025749206432e-01
4.499999880790710449e-01,4.819999992847442405e-01
6.999999880790710449e-01,8.780000209808349609e-01
8.489999771118164062e-01,8.173799991607666460e-01
9.689999580383300781e+00,1.250413799285888672e+01
1.179899978637695312e+01,1.384400005340576101e+01
8.000000119209289551e-01,7.899999976158141868e-01
3.000000000000000000e+00,2.763600015640258700e+00
1.750000000000000000e+00,1.091600012779235795e+00
5.000000000000000000e+00,5.985380077362060902e+00
8.500000238418579102e-01,8.648000121116637962e-01
1.500000000000000000e+00,1.007380008697509766e+00
3.499999940395355225e-01,3.166000008583068626e-01
2.300000041723251343e-01,2.469999998807907160e-01
9.750000238418579102e-01,1.113760018348693759e+00
2.049999982118606567e-01,2.069999963045120184e-01
2.300000041723251343e-01,2.489999949932098500e-01
7.998999953269958496e-01,8.260000109672546165e-01
1.955000042915344238e+00,2.131579995155334473e+00
1.047000026702880859e+01,1.121691989898681641e+01
7.500000000000000000e-01,1.714000022411346524e+00
1.500000000000000000e+00,2.680000019073486506e+00
4.889999866485595703e+00,4.698000001907348455e+00
2.399999946355819702e-01,2.508000016212463268e-01
4.889999926090240479e-01,4.398000061511993519e-01
1.288799953460693359e+01,9.595999908447264914e+00
2.249999940395355225e-01,2.133799970149993785e-01
2.899999916553497314e-01,2.936000049114227406e-01
6.200000047683715820e-01,7.700000047683716042e-01
2.800000011920928955e-01,2.316000014543533325e-01
1.200000047683715820e+00,1.499000012874603271e+00
4.000000059604644775e-01,4.187999904155731423e-01
8.700000047683715820e-01,9.353600025177002397e-01
2.099999904632568359e+00,1.762225008010864347e+00
9.499999880790710449e-01,9.405999898910522017e-01
9.599999785423278809e-01,9.886000037193298784e-01
1.250000000000000000e+00,1.307999992370605380e+00
2.450000047683715820e-01,2.645999997854232566e-01
1.000000000000000000e+00,1.056999993324279741e+00
1.649999976158142090e+00,1.745800018310546875e+00
9.900000095367431641e-01,7.206799983978271484e-01
1.000000000000000000e+01,1.087159976959228480e+01
9.000000000000000000e+00,6.171999835968017933e+00
6.499999761581420898e-01,6.668599963188170943e-01
3.450000047683715820e+00,3.619980049133300959e+00
3.099999904632568359e+00,2.484000039100647150e+00
6.000000238418579102e-01,5.952000021934509277e-01
8.999999761581420898e-01,1.076999998092651456e+00
5.199999809265136719e+00,5.769999980926513672e+00
6.968999862670898438e+00,7.591647052764892933e+00
2.450000047683715820e+00,2.447379970550537021e+00
3.000000119209289551e-01,3.129999995231628196e-01
3.000000000000000000e+00,1.259800004959106490e+00
6.900000000000000000e+01,1.309399986267089844e+01
1.800000071525573730e-01,2.067999958992004506e-01
9.900000095367431641e-01,5.810000061988830344e-01
6.500000000000000000e+00,3.173800015449523837e+00
2.000000029802322388e-01,2.237999945878982599e-01
1.049999952316284180e+00,9.540000081062316450e-01
2.949999868869781494e-01,2.208000034093856867e-01
3.400000035762786865e-01,3.000000119209289551e-01
1.490000009536743164e+00,1.414000010490417569e+00
2.299999952316284180e+00,2.001999998092651278e+00
2.000000000000000000e+00,1.104000008106231778e+00
3.500000000000000000e+00,1.549000024795532227e+00
9.449999928474426270e-01,9.799999952316283958e-01
5.067173957824707031e+00,5.656000041961670277e+00
5.750000000000000000e+00,6.298000049591064631e+00
1.850000023841857910e-01,2.519599997997283847e-01
4.000000059604644775e-01,3.980000019073486328e-01
4.399999976158142090e-01,3.960000038146972434e-01
8.899999856948852539e-01,8.700000047683715820e-01
9.599999785423278809e-01,9.594085733095806257e-01
8.060000419616699219e+00,8.383959770202636719e+00
2.325000047683715820e+00,2.473639965057373047e+00
2.089999914169311523e+00,2.123799920082092285e+00
2.888000011444091797e-01,2.710000038146972434e-01
3.000000119209289551e-01,3.760000050067901500e-01
8.500000238418579102e-01,8.797800064086913618e-01
2.200000047683715820e+00,2.293847322463989258e+00
7.690000057220458984e+00,7.395999908447265625e+00
1.698999977111816406e+01,1.574759979248046804e+01
1.499000042676925659e-01,1.794000029563903864e-01
8.000000119209289551e-01,8.595999956130981889e-01
7.950000166893005371e-01,8.758000016212463823e-01
1.970000028610229492e+00,1.766600012779235840e+00
2.098999977111816406e+00,1.750000000000000000e+00
3.499999940395355225e-01,3.180000066757202037e-01
8.799999952316284180e-01,9.620000123977661133e-01
4.900000095367431641e-01,5.738000094890594038e-01
7.400000095367431641e-01,8.259999990463257058e-01
5.699999928474426270e-01,8.197999954223632590e-01
6.899999976158142090e-01,8.120000004768371804e-01
7.968999743461608887e-01,8.500000119209289995e-01
4.000000059604644775e-01,3.780000030994415394e-01
7.599999904632568359e-01,7.659200072288513406e-01
3.000000119209289551e-01,2.744000077247619740e-01
8.000000119209289551e-01,8.340000033378600630e-01
2.500000000000000000e-01,3.346000075340270774e-01
1.000000000000000000e+00,6.528000086545944214e-01
2.500000000000000000e-01,2.469799965620040894e-01
9.490000009536743164e-01,9.329800009727478027e-01
2.500000000000000000e-01,2.175999999046325795e-01
2.000000029802322388e-01,2.360000044107437023e-01
6.000000000000000000e+00,5.065999984741210938e+00
6.530000209808349609e+00,7.364000034332275568e+00
5.150000095367431641e+00,5.284899997711181463e+00
3.490000009536743164e+00,3.851800060272216886e+00
3.789999961853027344e+00,3.675999975204467862e+00
2.300000041723251343e-01,4.200000107288360818e-01
4.799999892711639404e-01,6.980000078678131326e-01
6.500000000000000000e+00,3.607999992370605646e+00
1.068999958038330078e+01,4.560000038146972301e+00
5.690000057220458984e+00,3.243599987030029386e+00
8.399999737739562988e-01,8.799999952316284180e-01
1.250000000000000000e+00,1.233600020408630371e+00
1.684999942779541016e+00,1.752799987792968750e+00
6.280000209808349609e+00,6.103999996185303090e+00
4.199999809265136719e+00,5.113800048828125000e+00
5.199999809265136719e+00,5.236000061035156250e+00
3.990000009536743164e+00,4.781379985809325994e+00
7.900000214576721191e-01,8.340000033378600630e-01
1.620000004768371582e+00,1.651960015296936035e+00
9.100000262260437012e-01,9.045600056648254172e-01
1.498999953269958496e+00,1.486000037193298429e+00
3.000000000000000000e+00,2.980000019073486328e+00
3.950000047683715820e+00,4.538413810729980291e+00
3.499999940395355225e-01,2.980000048875808827e-01
8.399999737739562988e-01,8.499999999999999778e-01
8.500000238418579102e-01,9.576000213623047097e-01
1.060000038146972656e+01,1.136800003051757812e+01
9.489999771118164062e+00,9.389999771118164418e+00
4.000000000000000000e+00,3.933999967575073420e+00
8.399999737739562988e-01,8.923599839210509810e-01
1.289999961853027344e+00,1.141760015487670810e+00
8.299999833106994629e-01,8.390000104904175027e-01
1.990000009536743164e+00,2.167800021171570002e+00
3.480000019073486328e+00,3.628000020980834961e+00
3.660000085830688477e+00,4.382000017166137518e+00
3.700000047683715820e+00,3.734999942779540838e+00
2.670000076293945312e+00,2.790000009536742986e+00
4.000000000000000000e+00,4.241379928588867365e+00
8.000000119209289551e-01,8.088800072669982688e-01
2.000000000000000000e+00,2.038000011444091708e+00
2.200000047683715820e+00,2.534000015258789151e+00
2.769999980926513672e+00,2.981999969482421964e+00
3.000000000000000000e+01,4.784138031005859659e+01
1.688999938964843750e+01,2.373600006103515625e+01
7.000000000000000000e+00,7.197995948791503729e+00
9.800000190734863281e-01,9.737999916076660600e-01
8.000000119209289551e-01,7.210000157356262207e-01
3.500000000000000000e+00,2.140999984741211115e+00
8.999999761581420898e-01,9.118000030517577903e-01
8.500000238418579102e-01,9.460000038146972878e-01
9.499999880790710449e-01,9.569999933242797630e-01
1.969599962234497070e+00,1.966000008583068892e+00
5.159999847412109375e+00,5.163999938964844105e+00
5.480000019073486328e+00,5.473999881744385121e+00
1.899999976158142090e-01,2.324000030755996593e-01
5.708292722702026367e-01,5.360000073909759744e-01
1.200000047683715820e+00,1.232400012016296342e+00
2.000000000000000000e+00,1.646000003814697354e+00
6.690000057220458984e+00,6.165999984741210582e+00
6.599999904632568359e+00,6.639799976348877308e+00
1.899999976158142090e-01,3.313400030136108287e-01
5.070000171661376953e+00,5.061999988555908381e+00
2.268999963998794556e-01,2.195999979972839411e-01
8.899999856948852539e-01,8.917999982833861861e-01
8.468999862670898438e-01,8.177999973297118697e-01
1.968999952077865601e-01,1.698000013828277477e-01
4.199999809265136719e+00,3.903999996185302912e+00
3.500000000000000000e+00,3.496000003814697443e+00
2.940000057220458984e+00,3.051999998092651545e+00
1.700000017881393433e-01,2.040000081062317006e-01
6.999999880790710449e-01,7.917999982833862083e-01
1.500000000000000000e+00,1.582780003547668457e+00
4.690000116825103760e-01,5.098000109195709451e-01
8.880000114440917969e-01,8.909799933433533159e-01
9.398999810218811035e-01,1.003565725258418473e+00
7.799999713897705078e-01,7.860000133514404297e-01
9.380000233650207520e-01,9.179999947547912154e-01
1.049999952316284180e+00,1.034000015258789151e+00
5.000000000000000000e+00,5.069999980926513494e+00
2.000000000000000000e+00,1.898000001907348633e+00
8.999999761581420898e-01,9.023999929428100364e-01
9.499999880790710449e-01,1.027359986305236728e+00
3.000000000000000000e+00,2.916000032424926669e+00
5.699999809265136719e+00,5.988000011444091442e+00
1.468999981880187988e+00,2.138999986648559393e+00
6.200000047683715820e-01,6.080000042915344460e-01
1.490000009536743164e+00,1.490000009536743164e+00
1.700000047683715820e+00,1.898000001907348633e+00
2.099999904632568359e+00,2.444999980926513494e+00
2.487999916076660156e+00,2.494000005722045721e+00
6.000000238418579102e-01,6.057999968528747781e-01
6.869000196456909180e-01,5.957999825477600098e-01
4.800000190734863281e+00,5.280000019073486150e+00
3.990000009536743164e+00,5.109799861907958984e+00
9.499999880790710449e-01,9.322000026702881303e-01
1.700000047683715820e+00,1.750000023841857821e+00
1.789999961853027344e+00,1.830000019073486417e+00
2.400000095367431641e+00,2.096000003814697088e+00
3.696899890899658203e+00,4.134000062942504883e+00
2.740000009536743164e+00,3.272000026702881037e+00
3.500000000000000000e+00,3.484000015258788885e+00
7.900000214576721191e-01,7.038400053977966753e-01
9.969000220298767090e-01,9.639999866485595703e-01
1.330000042915344238e+00,1.317000007629394620e+00
7.400000095367431641e-01,7.418400049209594727e-01
1.679067969322204590e+00,1.666000008583068848e+00
1.799999952316284180e+00,1.791799998283386319e+00
3.299999952316284180e+00,3.907800006866454900e+00
3.940000057220458984e+00,4.134980106353760121e+00
5.996900081634521484e+00,6.110000038146973012e+00
6.449999809265136719e+00,6.677999973297119141e+00
7.500000000000000000e+00,7.735947036743164418e+00
8.799999952316284180e-01,9.363799929618835671e-01
1.889999985694885254e+00,1.708000040054321378e+00
2.099999904632568359e+00,1.967999982833862349e+00
1.580000042915344238e+00,2.026000022888183594e+00
3.200000047683715820e+00,3.305999946594238459e+00
1.990000009536743164e+00,5.660000038146972834e+00
6.880000114440917969e+00,5.051360034942627308e+00
1.580000042915344238e+00,3.559999990463256658e+00
1.500000000000000000e+00,1.729999995231628507e+00
9.399999976158142090e-01,9.498000025749206987e-01
3.500000000000000000e+00,3.015999984741211115e+00
9.900000095367431641e-01,9.551999926567077415e-01
5.820000171661376953e+00,7.058715629577636541e+00
6.999999880790710449e-01,6.193799942731856856e-01
7.599999904632568359e-01,8.516000032424926314e-01
9.279999732971191406e-01,1.045980000495910556e+00
1.990000009536743164e+00,2.006666660308837891e+00
1.548999977111816406e+01,1.550800018310546946e+01
2.000000029802322388e-01,2.459800004959106501e-01
8.489999771118164062e+00,8.067979812622070312e+00
2.000000029802322388e-01,1.498000055551528820e-01
7.699999809265136719e-01,7.759999990463256614e-01
6.899999976158142090e-01,5.660000026226044145e-01
1.399999976158142090e+00,8.675999879837036355e-01
2.899999916553497314e-01,1.811800017952918951e-01
6.899999976158142090e-01,7.299999952316283958e-01
9.498999714851379395e-01,1.086000013351440474e+00
5.000000000000000000e-01,2.960000038146972656e-01
7.500000000000000000e-01,4.789800047874450684e-01
1.000000000000000000e+00,9.000000000000000222e-01
3.000000000000000000e+00,2.444759988784789950e+00
2.479999959468841553e-01,2.729799985885620339e-01
8.399999737739562988e-01,8.559999942779541460e-01
8.999999761581420898e-01,8.540000081062316672e-01
7.968999743461608887e-01,8.247999906539916770e-01
5.840000152587890625e+00,6.305999946594238459e+00
1.399999976158142090e+00,2.749379992485046387e+00
8.000000000000000000e+00,1.099980001449585032e+01
8.199999928474426270e-01,6.433800101280212624e-01
2.470000028610229492e+00,1.782800006866455123e+00
4.900000095367431641e+00,2.494200005731545211e+00
3.100000023841857910e-01,3.440000057220459206e-01
8.500000238418579102e-01,1.139999997615814165e+00
2.500000000000000000e+00,2.550199985504150391e+00
1.950000047683715820e+00,1.941000008583068759e+00
1.799999952316284180e+00,1.763999986648559615e+00
6.000000000000000000e+00,6.209999942779541371e+00
5.989999771118164062e+00,6.152000045776366832e+00
2.450000047683715820e+00,1.929999995231628462e+00
6.999999880790710449e-01,7.400000095367431641e-01
7.599999904632568359e-01,7.261799931526183860e-01
6.769899845123291016e+00,7.589799976348876598e+00
2.049999952316284180e+00,2.083999967575073331e+00
1.950000047683715820e+00,1.859980010986328036e+00
5.000000000000000000e-01,3.960000038146972434e-01
6.000000238418579102e-01,5.759999871253966841e-01
1.200000000000000000e+01,3.064138031005859375e+01
5.000000000000000000e+00,4.523999977111816229e+00
2.199999988079071045e-01,2.419999986886978149e-01
3.900000095367431641e+00,3.857999992370605646e+00
4.900000095367431641e-01,4.599999904632568470e-01
3.989999890327453613e-01,5.695999979972838911e-01
9.490000009536743164e-01,1.214760005474090576e+00
2.099999904632568359e+00,2.204079971313476882e+00
6.199999809265136719e+00,7.000000000000000000e+00
4.900000095367431641e-01,4.879999935626983532e-01
6.899999976158142090e-01,7.279999971389770064e-01
3.690000057220458984e+00,3.757999992370605558e+00
3.989999890327453613e-01,3.997800052165985107e-01
3.700000047683715820e+00,4.315000057220458984e+00
3.989999890327453613e-01,4.407999932765960804e-01
7.990000247955322266e-01,8.767799854278564009e-01
8.600000143051147461e-01,8.597600102424621804e-01
9.700000286102294922e-01,8.185800075531005637e-01
4.900000095367431641e-01,5.400000095367432085e-01
6.899999976158142090e-01,5.080000102519989236e-01
8.000000119209289551e-01,7.933800101280212846e-01
9.668999910354614258e-01,8.986600041389465332e-01
6.899999976158142090e-01,6.512000083923339400e-01
9.241999983787536621e-01,9.320000052452087624e-01
4.499999880790710449e-01,4.009999990463256614e-01
6.499999761581420898e-01,5.920000076293945312e-01
7.500000000000000000e-01,7.976000070571899192e-01
3.000000000000000000e+00,1.990000057220459029e+00
9.490000009536743164e-01,9.537799954414367676e-01
1.000000000000000000e+00,7.113113403320312500e-01
9.642000198364257812e+00,8.751999855041503906e+00
1.274999976158142090e+00,1.611360025405883745e+00
1.799999952316284180e+00,1.788000035285949751e+00
6.189899921417236328e+00,6.314000034332275746e+00
3.029999971389770508e+00,3.096000051498413175e+00
1.990000009536743164e+00,1.761599993705749601e+00
1.350000000000000000e+01,1.160338001251220774e+01
2.000000000000000000e+00,2.394400024414062411e+00
1.000000000000000000e+00,9.869199991226196289e-01
9.499999880790710449e-01,8.825999975204468218e-01
1.968999981880187988e+00,1.398199987411498979e+00
1.000000000000000000e+00,1.017980003356933505e+00
1.700000047683715820e+00,1.869999980926513761e+00
8.999999761581420898e-01,8.933799982070922407e-01
1.000000000000000000e+00,1.149400007724761918e+00
4.199999809265136719e+00,3.697760009765624911e+00
1.000000000000000000e+00,1.299532556533813388e+00
1.990000009536743164e+00,2.111999988555908203e+00
2.599999904632568359e+00,2.429999995231628240e+00
3.990000009536743164e+00,4.436000013351440785e+00
3.000000119209289551e-01,3.140000104904174805e-01
8.700000047683715820e-01,9.559999942779541238e-01
4.499999880790710449e-01,5.539999961853027122e-01
8.000000119209289551e-01,8.291800022125244141e-01
9.900000095367431641e-01,1.033540010452270508e+00
2.414000034332275391e-01,2.438000023365020641e-01
1.000000000000000000e+00,1.061999988555908159e+00
1.792999982833862305e+00,2.253999996185302557e+00
2.220000028610229492e-01,2.419999986886978149e-01
8.000000119209289551e-01,6.959999918937682661e-01
2.220000028610229492e-01,2.460000038146972767e-01
9.900000095367431641e-01,1.086000001430511563e+00
1.200000047683715820e+00,1.166000008583068848e+00
3.990000009536743164e+00,4.723999977111816406e+00
5.900000095367431641e+00,5.529599952697753729e+00
2.220000028610229492e-01,1.635999977588653564e-01
6.399999856948852539e-01,6.273999929428100142e-01
9.800000190734863281e-01,9.307999968528747337e-01
5.968999862670898438e-01,9.798000216484069602e-01
3.329999923706054688e+00,1.438000011444091841e+00
1.480000019073486328e+00,1.526399993896484286e+00
2.099999904632568359e+00,2.099999976158142267e+00
1.500000000000000000e+01,1.497337989807128977e+01
4.750000000000000000e+00,4.931179904937744496e+00
3.996900081634521484e+00,4.063999986648559215e+00
8.799999952316284180e-01,7.950000047683716264e-01
6.599999904632568359e+00,5.609000015258788885e+00
9.800000190734863281e-01,8.434000015258789062e-01
4.500000000000000000e+00,4.579999923706054688e+00
1.480000019073486328e+00,1.591799998283386142e+00
8.899999856948852539e-01,7.715999960899353471e-01
1.248999953269958496e+00,1.205980038642883390e+00
1.695000052452087402e+00,1.716000032424926713e+00
2.000000000000000000e+00,1.838000011444091752e+00
4.500000000000000000e+00,5.387999916076660512e+00
4.989999771118164062e+00,5.161999797821044567e+00
3.967999935150146484e+00,4.118000030517578125e+00
4.989999771118164062e+00,5.197999954223632812e+00
3.250000000000000000e+00,3.350000000000000089e+00
7.900000214576721191e-01,7.400000214576720747e-01
1.750000000000000000e+00,2.151379990577697576e+00
2.899999916553497314e-01,4.049800097942352073e-01
2.400000095367431641e+00,1.619000029563903764e+00
1.490000039339065552e-01,1.548000022768974415e-01
1.399999976158142090e+00,1.444000053405761763e+00
1.720000028610229492e+00,2.248000001907348722e+00
1.970000028610229492e+00,1.911599993705749512e+00
2.000000029802322388e-01,2.865999996662139671e-01
7.599999904632568359e-01,7.600000143051147683e-01
8.080000281333923340e-01,9.646666765213012251e-01
3.000000000000000000e+00,2.941600036621093928e+00
3.448999881744384766e+00,3.774000024795532315e+00
1.519999951124191284e-01,1.556000053882598821e-01
8.000000119209289551e-01,2.116760051250457852e+00
1.450000000000000000e+01,1.519400005340576243e+01
1.500000059604644775e-01,1.742000013589858898e-01
4.499999880790710449e-01,4.593800008296966553e-01
7.089999914169311523e-01,8.660000085830688032e-01
1.510000038146972656e+01,1.596299991607665980e+01
8.000000119209289551e-01,9.279999852180480513e-01
4.500000000000000000e+00,6.653360080718994318e+00
5.000000000000000000e+00,7.390000152587890447e+00
8.880000114440917969e-01,1.216560018062591508e+00
1.899999976158142090e-01,1.754200011491775513e-01
1.397000026702880859e+01,1.365599994659423899e+01
1.800000071525573730e-01,1.730000019073486273e-01
8.899999856948852539e-01,8.078000068664550337e-01
4.000000000000000000e+00,4.275999975204467951e+00
3.000000000000000000e+00,8.355999827384948953e-01
1.700000017881393433e-01,1.698000013828277477e-01
9.900000095367431641e-01,8.270000174641609636e-01
1.000000000000000000e+00,9.680000066757201704e-01
6.999999880790710449e-01,7.210000038146973100e-01
1.889999985694885254e+00,1.874000000953674361e+00
9.499999880790710449e-01,8.529999852180480957e-01
6.999999880790710449e-01,7.279999971389770064e-01
1.059999942779541016e+00,9.972514254706247305e-01
1.299999952316284180e+00,1.380999994277954057e+00
1.500000000000000000e+00,1.556000018119811923e+00
2.199999988079071045e-01,2.379999995231628362e-01
7.770000100135803223e-01,7.240000009536743386e-01
9.599999785423278809e-01,9.202033162117004839e-01
2.349999994039535522e-01,2.299999952316284235e-01
1.250000000000000000e+00,1.255999994277954057e+00
1.870000004768371582e+00,1.874799990653991610e+00
2.249999940395355225e-01,2.118000000715255793e-01
1.950000047683715820e+00,1.940000009536743120e+00
1.500000059604644775e-01,1.703999996185302790e-01
9.200000166893005371e-01,9.555999994277953880e-01
1.600000023841857910e+00,1.578000044822692960e+00
5.689899921417236328e+00,6.593999958038329723e+00
1.500000059604644775e-01,1.538000017404556330e-01
8.349999785423278809e-01,8.376000046730041060e-01
1.554999947547912598e-01,1.632899969816207775e-01
8.899999856948852539e-01,8.629800081253051758e-01
6.899999976158142090e-01,5.150000035762787309e-01
8.598999977111816406e-01,9.244713306427001509e-01
7.889999747276306152e-01,9.442978978157043901e-01
8.000000119209289551e-01,1.159160029888153032e+00
8.500000238418579102e-01,1.029379987716674716e+00
6.899999976158142090e-01,5.800000190734863059e-01
6.899999976158142090e-01,6.839999914169311301e-01
1.799999952316284180e+00,1.603600001335144132e+00
2.500000000000000000e+00,2.420000076293945312e+00
3.899999856948852539e-01,2.070000022649765015e-01
1.950000047683715820e+00,1.989800000190734774e+00
2.500000000000000000e+00,2.557380008697509588e+00
2.500000000000000000e-01,2.580000013113021851e-01
9.800000190734863281e-01,9.095999956130981223e-01
6.700000166893005371e-01,8.458456277847290483e-01
2.750000000000000000e+00,2.224000024795532049e+00
6.420000076293945312e+00,5.400000000000000355e+00
5.000000000000000000e+00,3.522000026702881037e+00
1.750000000000000000e+02,3.884999961853027628e+01
9.689999818801879883e-01,1.063379979133606046e+00
1.332999944686889648e+00,7.531800150871277300e-01
3.799999952316284180e+00,3.855800056457519442e+00
5.000000000000000000e+00,4.115359926223755238e+00
6.000000000000000000e+00,6.198000049591064098e+00
2.890000045299530029e-01,2.879999935626983421e-01
1.049999952316284180e+00,9.675999999046325240e-01
3.000000000000000000e+00,3.058000040054321467e+00
5.000000000000000000e-01,4.529999971389770397e-01
6.499999761581420898e-01,6.833799958229065385e-01
1.299999952316284180e-01,1.851800054311752430e-01
8.199999928474426270e-01,8.243799924850463423e-01
8.999999761581420898e-01,8.775799870491027832e-01
1.286999940872192383e+00,1.316000008583068759e+00
1.720000028610229492e+00,1.542000031471252530e+00
1.500000059604644775e-01,2.040000021457672175e-01
8.000000119209289551e-01,8.939999938011169434e-01
9.200000166893005371e-01,5.349999964237213135e-01
1.800000071525573730e-01,2.018000006675720326e-01
2.500000000000000000e-01,1.932200014591217152e-01
1.850000023841857910e+00,1.792399978637695401e+00
2.900000095367431641e+00,2.892000102996826083e+00
3.499999940395355225e-01,4.460000067949295155e-01
2.000000029802322388e-01,2.290799975395202692e-01
8.500000238418579102e-01,8.720000147819518821e-01
9.300000071525573730e-01,9.900000095367431641e-01
1.950000047683715820e+00,1.917999982833862305e+00
5.000000000000000000e+00,4.950000000000000178e+00
3.599999904632568359e+00,3.853999996185302646e+00
2.400000095367431641e+00,2.500000000000000000e+00
9.500000000000000000e+00,1.159999999999999964e+01
9.776999950408935547e-01,9.651199936866760032e-01
4.987500190734863281e+00,5.353999900817870916e+00
4.949999809265136719e+00,5.215999984741211293e+00
1.432100057601928711e+00,1.358340001106262296e+00
5.980000019073486328e+00,5.939999961853027699e+00
4.000000000000000000e+00,4.099999999999999645e+00
2.289999961853027344e+00,2.914640045166015714e+00
4.199999809265136719e+00,3.924000072479247869e+00
1.432100057601928711e+00,1.401399993896484286e+00
2.000000000000000000e+00,2.102000021934509189e+00
3.480000019073486328e+00,3.036000013351440430e+00
9.431999921798706055e-01,9.099999904632568581e-01
1.769999980926513672e+00,1.818000006675720259e+00
5.900000095367431641e+00,5.346519947052001953e+00
1.776999950408935547e+00,1.145739996433257968e+00
9.869999885559082031e-01,9.628600001335143599e-01
1.850000023841857910e+00,1.879999995231628418e+00
1.139999961853027344e+01,1.187329998016357457e+01
9.531999826431274414e-01,1.004000008106231689e+00
1.990000009536743164e+00,1.974000000953674228e+00
3.940000057220458984e+00,1.003137969970703125e+01
5.889999866485595703e+00,8.210000038146972656e+00
1.986999988555908203e+00,1.677999997138976962e+00
2.500000000000000000e+00,3.309800004959106534e+00
1.100000000000000000e+01,1.143399982452392649e+01
1.888000011444091797e+00,1.909000039100646973e+00
2.199999988079071045e-01,2.590000003576278798e-01
2.000000029802322388e-01,1.950000017881393377e-01
2.849999904632568359e+00,3.200000000000000178e+00
8.000000000000000000e+00,7.897999954223632990e+00
1.698999977111816406e+01,1.679800014495849680e+01
1.899999976158142090e-01,2.559400022029876820e-01
9.499999880790710449e-01,1.043999993801116855e+00
3.099999904632568359e+00,3.130000019073486239e+00
1.799999952316284180e+00,2.079799985885620206e+00
2.069999933242797852e+00,2.051519989967346191e+00
9.890000343322753906e+00,1.200000000000000000e+01
2.500000000000000000e-01,2.590000003576278798e-01
6.100000143051147461e-01,7.489799976348876509e-01
7.789999842643737793e-01,8.120000123977660911e-01
8.389999717473983765e-02,8.711600065231323020e-01
5.500000119209289551e-01,6.667999982833862083e-01
6.369000077247619629e-01,6.648000001907348189e-01
8.999999761581420898e-01,8.499999999999999778e-01
9.499999880790710449e-01,9.472000002861022949e-01
2.000000000000000000e+00,1.616199994087219149e+00
6.000000000000000000e+00,7.039999961853027344e+00
2.000000029802322388e-01,2.340000003576278576e-01
9.499999880790710449e-01,9.297999978065490945e-01
4.920000076293945312e+00,5.263999938964843750e+00
7.300000190734863281e+00,7.756999969482421875e+00
4.900000095367431641e+00,5.049799919128417969e+00
2.500000000000000000e-01,1.920000046491622814e-01
6.000000238418579102e-01,6.016000032424926314e-01
5.000000000000000000e+00,5.307999992370605824e+00
3.990000009536743164e+00,4.792000007629394709e+00
1.700000047683715820e+00,1.968303060531616300e+00
2.990000009536743164e+00,2.083999991416931152e+00
4.000000000000000000e+00,3.311800003051757812e+00
7.299000024795532227e-01,7.991799950599670632e-01
7.500000000000000000e-01,7.521289467811584917e-01
9.499999880790710449e-01,9.497200131416321245e-01
1.149999976158142090e+00,1.136000013351440519e+00
1.190000057220458984e+00,1.225200009346008256e+00
1.250000000000000000e+00,1.233600020408630371e+00
1.960000038146972656e+00,1.998399972915649414e+00
5.090000152587890625e+00,5.369799995422363637e+00
2.250000000000000000e+00,1.060980010032653853e+00
1.600000000000000000e+01,1.436000003814697301e+01
4.500000000000000000e+00,4.206900119781494141e+00
6.900000095367431641e+00,7.389799880981445135e+00
1.600000000000000000e+01,8.322518253326416371e+00
7.799999713897705078e-01,7.206400036811828613e-01
7.490000128746032715e-01,8.059999942779541016e-01
7.799999713897705078e-01,8.133000016212463823e-01
3.690000057220458984e+00,3.220000028610229492e+00
1.250000000000000000e+00,1.365599989891052246e+00
1.330000042915344238e+00,1.299760007858276278e+00
3.759999990463256836e+00,3.623999977111816317e+00
3.789000034332275391e+00,3.584000015258788974e+00
3.000000000000000000e+00,2.865999984741210760e+00
3.660000085830688477e+00,3.557999992370605380e+00
4.199999809265136719e+00,3.852980041503906161e+00
8.799999952316284180e-01,7.928000092506408691e-01
1.250000000000000000e+00,9.290000081062317339e-01
7.900000095367431641e+00,8.481999969482421520e+00
9.900000095367431641e-01,9.920000076293945535e-01
8.700000047683715820e-01,8.411800146102905718e-01
2.500000000000000000e+00,2.826000022888183416e+00
7.000000000000000000e+00,6.917000007629394709e+00
1.500000000000000000e+00,1.486000013351440385e+00
5.821599960327148438e-01,6.638000011444091797e-01
1.669999957084655762e+00,2.008000040054321200e+00
1.789000034332275391e+00,2.008000040054321200e+00
1.950000047683715820e+00,1.937180018424987882e+00
2.000000000000000000e+00,1.991799998283386275e+00
3.849999904632568359e+00,3.657999944686889826e+00
1.440000057220458984e+00,1.584000015258788974e+00
2.000000000000000000e+00,2.527847313880920321e+00
5.300000190734863281e+00,5.966528034210204723e+00
5.449999809265136719e+00,5.802000045776367188e+00
7.469999790191650391e+00,7.630000019073486683e+00
1.350000023841857910e+00,1.043199992179870694e+00
1.250000000000000000e+00,1.366799998283386275e+00
1.850000023841857910e+00,2.608799982070922674e+00
4.000000000000000000e+00,3.558000040054321467e+00
1.649999976158142090e+00,1.727999997138977006e+00
1.889999985694885254e+00,1.991699981689453169e+00
1.050000000000000000e+01,1.149999980926513743e+01
1.155000019073486328e+01,1.164999980926513601e+01
1.350000023841857910e+00,1.678000020980835005e+00
1.222000026702880859e+01,9.750000000000000000e+00
5.500000000000000000e+00,5.019999980926513672e+00
1.500000000000000000e+01,8.490000152587890980e+00
6.941999816894531250e+01,6.573800048828124432e+01
7.500000000000000000e-01,7.170000076293945312e-01
7.900000214576721191e-01,8.704200029373169167e-01
8.100000023841857910e-01,8.239799976348877175e-01
2.099999904632568359e+00,1.909999990463256747e+00
1.800000071525573730e-01,1.865999996662139893e-01
4.800000190734863281e+00,4.908800029754639027e+00
2.099999934434890747e-01,1.989799976348876898e-01
1.850000023841857910e+00,2.422000026702880948e+00
3.000000000000000000e+00,5.049999999999999822e+00
5.769999980926513672e+00,6.377884674072265447e+00
7.000000000000000000e+00,5.349999999999999645e+00
8.999999761581420898e-01,8.939799904823303445e-01
1.100000023841857910e+00,1.194000005722045898e+00
9.279999732971191406e+00,1.002800006866455007e+01
8.999999761581420898e-01,9.080000162124634011e-01
1.000000000000000000e+00,1.053205859661102251e+00
4.000000000000000000e+00,5.011999940872192028e+00
4.157999992370605469e+00,4.227999973297118963e+00
8.000000119209289551e-01,8.200000047683715376e-01
8.299999833106994629e-01,9.580000042915344238e-01
1.220000028610229492e+00,1.200000047683715820e+00
1.549999952316284180e+00,1.495980000495910733e+00
1.889999985694885254e+00,1.891799974441528365e+00
1.000000000000000000e+00,9.919600129127502663e-01
1.049999952316284180e+00,9.960000038146972212e-01
2.750000000000000000e+00,2.774000024795532315e+00
8.999999761581420898e-01,8.695800065994262473e-01
6.000000238418579102e-01,9.677600085735320601e-01
1.350000023841857910e+00,9.460000038146972878e-01
4.000000000000000000e+00,3.787099981307983310e+00
7.400000095367431641e-01,7.101800084114074929e-01
8.500000238418579102e-01,9.344373106956481712e-01
1.690000057220458984e+00,1.850000000000000089e+00
1.690000057220458984e+00,1.372847628593444780e+00
3.500000000000000000e+00,3.444000053405761541e+00
1.000000000000000000e+00,6.559999942779540794e-01
7.250000000000000000e+00,5.609779930114745738e+00
8.999999761581420898e-01,8.859999895095824751e-01
7.949999809265136719e+00,6.897000026702881037e+00
1.388000011444091797e+00,1.300200009346008212e+00
6.899999976158142090e-01,7.559799969196319136e-01
7.689999938011169434e-01,1.115600013732910067e+00
3.690000057220458984e+00,4.117999982833862482e+00
6.000000000000000000e+00,5.306360626220703480e+00
1.148900032043457031e+00,1.005999994277954057e+00
1.600000023841857910e+00,1.487779998779296786e+00
1.679999947547912598e+00,1.769799995422363326e+00
3.690000057220458984e+00,3.547000026702880948e+00
2.200000047683715820e+00,2.683800029754638494e+00
5.500000000000000000e+00,5.837999916076659801e+00
8.999999761581420898e-01,8.989799857139587624e-01
5.000000000000000000e-01,6.060000061988830566e-01
1.649999976158142090e+00,1.596420001983642534e+00
1.649999976158142090e+00,1.779999995231628329e+00
1.950000047683715820e+00,1.681780004501342685e+00
2.599999904632568359e-01,2.904000043869018333e-01
1.810999959707260132e-01,1.732566682000954983e-01
2.180000066757202148e+00,2.025599980354308993e+00
2.199999988079071045e-01,2.157999992370605580e-01
2.300000041723251343e-01,2.674800008535385132e-01
7.699999809265136719e-01,9.296000123023986372e-01
8.299999833106994629e-01,9.951000094413757768e-01
7.500000000000000000e+00,7.238000011444091442e+00
9.499999880790710449e-01,9.200000047683716264e-01
1.899999976158142090e-01,1.875600039958953968e-01
6.399999856948852539e-01,7.159999966621398704e-01
1.696499943733215332e+00,1.869979977607727051e+00
2.000000000000000000e+00,2.318000030517578303e+00
1.200000000000000000e+01,1.266711997985839844e+01
1.690000057220458984e+00,8.000000000000000444e-01
2.199999988079071045e-01,3.367800056934356911e-01
6.660000085830688477e-01,6.120000123977661355e-01
8.000000119209289551e-01,8.940000057220458540e-01
4.900000095367431641e+00,5.169999980926514027e+00
8.880000114440917969e-01,8.650000095367431641e-01
1.200000000000000000e+01,1.433199996948242116e+01
3.400000095367431641e+00,3.563880062103271573e+00
4.199999809265136719e+00,4.181380176544189808e+00
4.999499797821044922e+00,5.334580039978026988e+00
5.880000114440917969e+00,5.977600002288818715e+00
6.899999976158142090e-01,7.067600011825561079e-01
1.990000009536743164e+00,2.071999931335449130e+00
1.500000000000000000e+00,1.584000015258788974e+00
1.858000040054321289e+00,1.711800003051757724e+00
6.499999761581420898e-01,7.940000057220458762e-01
6.800000071525573730e-01,6.619799852371215376e-01
7.699999809265136719e-01,7.397800087928771973e-01
1.500000000000000000e+00,1.586399984359741167e+00
1.789999961853027344e+00,1.761999988555908114e+00
8.800000190734863281e+00,9.349380111694335582e+00
5.000000000000000000e+00,5.198000049591064098e+00
5.000000000000000000e+00,5.439999961853027699e+00
2.990000009536743164e+00,2.749800014495849432e+00
4.690000057220458984e+00,4.218000030517577770e+00
4.690000057220458984e+00,4.950000000000000178e+00
5.989999771118164062e+00,4.989800071716308238e+00
8.988999724388122559e-01,8.679999828338622603e-01
7.449999809265136719e+00,8.373999881744385476e+00
4.199999809265136719e+00,4.453999996185302734e+00
4.690000057220458984e+00,3.803999996185302823e+00
4.980000019073486328e+00,4.193800067901610973e+00
6.899999976158142090e-01,6.389999985694885254e-01
6.200000047683715820e-01,6.799999952316284624e-01
7.950000166893005371e-01,8.879999995231628862e-01
9.499999880790710449e-01,9.466000080108643022e-01
7.500000000000000000e+00,1.314599971771240305e+01
8.500000238418579102e-01,8.664000034332275391e-01
2.200000047683715820e+00,2.665800046920776545e+00
3.980000019073486328e+00,4.300760078430175604e+00
2.000000000000000000e+00,2.396000003814697354e+00
9.499999880790710449e-01,8.919999837875366433e-01
3.000000000000000000e+00,4.500000000000000000e+00
7.000000000000000000e+00,6.731919956207275568e+00
1.450000000000000000e+01,1.816000022888183452e+01
8.500000238418579102e-01,7.100000023841858132e-01
1.099900007247924805e+00,1.001999998092651278e+00
1.490000009536743164e+00,1.470000028610229492e+00
1.950000047683715820e+00,1.911599969863891690e+00
7.250000000000000000e+00,6.645999908447265625e+00
7.500000000000000000e-01,8.060000061988830122e-01
9.199999809265136719e+00,1.204599971771240163e+01
5.969999790191650391e+00,6.348000049591064453e+00
4.499999880790710449e-01,4.840000033378600852e-01
6.499999761581420898e-01,5.359800040721893755e-01
6.800000071525573730e-01,7.939999938011169656e-01
6.998999714851379395e-01,6.729999899864196333e-01
8.500000238418579102e-01,6.099999964237212691e-01
1.320000052452087402e+00,1.083779990673065186e+00
3.000000119209289551e-01,3.020000100135803445e-01
1.950000047683715820e+00,1.836000013351440474e+00
2.000000000000000000e+00,9.175999879837035689e-01
1.696900010108947754e+00,1.638000011444091797e+00
1.768999993801116943e-01,1.823599994182586725e-01
6.999999880790710449e-01,7.253999948501587136e-01
8.989999890327453613e-01,8.077999949455261230e-01
1.899999976158142090e-01,2.110000044107437078e-01
8.029665350914001465e-01,1.043519985675811723e+00
1.399999976158142090e+00,1.994000029563903764e+00
2.400000095367431641e+00,2.514000034332275479e+00
3.789999961853027344e+00,4.394000005722046076e+00
1.899999976158142090e-01,1.987599998712539784e-01
9.800000190734863281e-01,9.695200085639953391e-01
2.390000104904174805e+00,2.159999990463256747e+00
3.490000009536743164e+00,4.046000003814697266e+00
8.499000072479248047e-01,8.678000092506408247e-01
1.999000012874603271e-01,2.297999978065490834e-01
2.199999988079071045e-01,2.285721004009246826e-01
8.899999856948852539e-01,8.760000109672546609e-01
2.299000024795532227e-01,2.381999999284744318e-01
8.799999952316284180e-01,8.679999828338622603e-01
1.220000028610229492e+00,1.237400031089782804e+00
1.940000057220458984e+00,1.825399994850158691e+00
1.610000014305114746e+00,1.751299977302551270e+00
7.800000190734863281e+00,8.253999900817870383e+00
5.000000000000000000e-01,4.621999979019165150e-01
7.200000286102294922e-01,7.420000076293945535e-01
4.199999809265136719e+00,3.913999986648559748e+00
2.899999916553497314e-01,3.354000002145767212e-01
1.899999976158142090e+00,1.442999982833862216e+00
5.500000000000000000e+00,3.498000001907348722e+00
7.489999771118164062e+00,6.039799880981445490e+00
1.000000000000000000e+01,5.039199924468993785e+00
2.389999926090240479e-01,2.409999966621398926e-01
2.489999979734420776e-01,2.639999955892562977e-01
3.689999878406524658e-01,4.115999937057495117e-01
1.600000023841857910e+00,3.196000003814697177e+00
2.299999952316284180e+00,4.699800014495849609e+00
9.000000000000000000e+00,9.067999839782714844e+00
9.900000095367431641e-01,8.259999990463257058e-01
4.000000000000000000e+00,3.578000020980835139e+00
2.389999926090240479e-01,2.980000048875808827e-01
3.199999928474426270e-01,3.120000064373016357e-01
3.560000061988830566e-01,3.460000038146972656e+00
3.249000072479248047e+00,3.177159929275512606e+00
3.750000000000000000e+00,3.874000024795532404e+00
6.700000166893005371e-01,7.298000156879425049e-01
1.800000000000000000e+01,1.546380004882812464e+01
9.989999771118164062e+00,5.360000038146973012e+00
1.899999976158142090e-01,2.028873661631032110e-01
8.999999761581420898e-01,9.557999968528747559e-01
2.000000000000000000e+00,3.295999974012374656e-01
2.489999979734420776e-01,2.005999982357025146e-01
7.990000247955322266e-01,7.980000138282775657e-01
6.549999713897705078e-01,6.489999890327453613e-01
6.600000262260437012e-01,6.787999987602233443e-01
1.486999988555908203e+00,1.400679969787597567e+00
4.690000057220458984e+00,3.115100002288818448e+00
3.199800014495849609e+00,3.146000003814697354e+00
3.888000011444091797e+00,3.898000049591064275e+00
5.000000000000000000e-01,5.819999933242797630e-01
6.999999880790710449e-01,6.917999982833862305e-01
6.899999976158142090e-01,7.828000068664551225e-01
1.228999996185302734e+01,1.026619987487793040e+01
8.500000000000000000e+00,6.351799964904785156e+00
9.200000166893005371e-01,9.911600112915038840e-01
5.989999771118164062e+00,5.227999877929687678e+00
5.250000000000000000e+00,4.997799968719482067e+00
7.200000286102294922e-01,7.356000185012817605e-01
1.898100018501281738e+00,1.676999998092651323e+00
9.200000166893005371e-01,1.026899993419647217e+00
1.000000000000000000e+00,9.360000014305114302e-01
6.499999761581420898e-01,6.838400006294250710e-01
7.799999713897705078e-01,7.583999991416930930e-01
6.999999880790710449e-01,6.983800053596496138e-01
8.000000119209289551e-01,8.129999995231628196e-01
4.206900119781494141e+00,4.689999961853027699e+00
5.750000000000000000e+00,5.329360008239746094e+00
9.200000166893005371e-01,1.035999989509582608e+00
8.790000081062316895e-01,8.200000047683715376e-01
1.350000023841857910e+00,1.425999999046325684e+00
6.200000047683715820e-01,6.438000082969665971e-01
6.899999976158142090e-01,7.001600027084350364e-01
1.990000009536743164e+00,1.953999996185302734e+00
3.099999904632568359e+00,3.109999990463256925e+00
3.349999904632568359e+00,3.685380029678344549e+00
1.000000000000000000e+00,3.917999982833862416e-01
3.500000000000000000e+00,2.952800035476684570e+00
6.499999761581420898e-01,5.593800067901610884e-01
1.649999976158142090e+00,2.009999990463256836e+00
6.000000000000000000e+00,6.507999897003173828e+00
4.206900119781494141e+00,4.353800010681152521e+00
2.400000000000000000e+01,2.247999992370605327e+01
7.400000095367431641e-01,7.353851079940796343e-01
8.999999761581420898e-01,1.016759991645812988e+00
1.068999958038330078e+01,9.549999809265136363e+00
9.100000381469726562e+00,1.078599987030029261e+01
1.933300018310546875e+00,1.918000006675720126e+00
5.329999923706054688e+00,6.300000095367431996e+00
1.813500046730041504e+00,1.867599987983703524e+00
1.000000000000000000e+01,9.919999885559082742e+00
1.750000000000000000e+00,1.797999978065490723e+00
1.649999976158142090e+00,1.498000001907348722e+00
1.223999977111816406e+01,1.169199981689453161e+01
8.750000000000000000e+00,4.698000001907348455e+00
7.400000095367431641e-01,7.137000083923339400e-01
5.900000095367431641e+00,6.386641979217529297e+00
6.670562624931335449e-01,7.240000009536743386e-01
4.690000057220458984e+00,5.500500011444091619e+00
5.690000057220458984e+00,6.099999904632568359e+00
4.702499866485595703e+00,5.141999912261963068e+00
4.199999809265136719e+00,4.207999897003174006e+00
2.799999952316284180e+00,2.674000024795532227e+00
2.099999934434890747e-01,2.403800010681152455e-01
6.899999976158142090e-01,5.916000127792357954e-01
2.000000000000000000e+00,2.515600061416626065e+00
1.250000000000000000e+01,1.671599979400634695e+01
3.500000000000000000e+00,9.276000022888183372e-01
8.800000190734863281e+00,8.723999977111816406e+00
9.399999618530273438e+00,9.978199958801269531e+00
2.199999988079071045e-01,1.965999990701675360e-01
9.689999818801879883e-01,1.091728884643978548e+00
7.000000000000000000e+00,7.515999984741211115e+00
2.099999934434890747e-01,2.580000013113021851e-01
3.400000035762786865e-01,2.999800086021423562e-01
7.689999938011169434e-01,7.840000033378601296e-01
1.250000000000000000e+00,7.253800153732299361e-01
7.490000128746032715e-01,7.740000128746032937e-01
8.489999771118164062e-01,8.635599970817565696e-01
3.420000076293945312e+00,3.491400003433227539e+00
4.199999809265136719e+00,4.350719928741455078e+00
7.300000190734863281e-01,7.059999942779541238e-01
7.940000295639038086e-01,7.878000140190124512e-01
2.450000047683715820e+00,2.594000005722045810e+00
6.657999992370605469e+00,6.089999961853027166e+00
9.000000000000000000e+00,1.023375587463378977e+01
2.380000114440917969e+00,2.137639975547790616e+00
7.300000190734863281e-01,7.324000000953674316e-01
8.999999761581420898e-01,9.651000142097473367e-01
1.200000000000000000e+01,8.039999961853027344e+00
1.500000000000000000e+01,1.285199966430664098e+01
3.490000009536743164e+00,2.734000015258788885e+00
6.090000152587890625e+00,6.799200057983398438e+00
7.750000000000000000e+00,8.800000000000000711e+00
4.499999880790710449e-01,4.453799962997436745e-01
9.399999976158142090e-01,9.159999847412109153e-01
8.999999761581420898e-01,9.519999980926513450e-01
6.850000023841857910e-01,7.153799891471862571e-01
1.230000019073486328e+00,1.455999994277954013e+00
1.299900054931640625e+00,1.389999961853027433e+00
1.500000000000000000e+00,1.558000016212463423e+00
1.850000023841857910e+00,2.003379988670348943e+00
1.799999952316284180e+00,1.835799980163574263e+00
1.200000000000000000e+01,1.267799987792968786e+01
1.899999976158142090e-01,1.925673673027440136e-01
6.999999880790710449e-01,6.078000068664550781e-01
1.388000011444091797e+00,2.040000009536742986e+00
1.242689990997314453e+01,9.998000001907348278e+00
1.250000000000000000e+01,9.978000020980834606e+00
9.499999880790710449e-01,9.402085701624554037e-01
3.690000057220458984e+00,3.247800016403198153e+00
9.900000095367431641e-01,1.003857132366725358e+00
1.430999994277954102e+00,1.474600028991699174e+00
1.879999995231628418e+00,1.777600002288818315e+00
1.068999958038330078e+01,9.626000022888183238e+00
1.149999976158142090e+00,9.740000128746032493e-01
9.499999880790710449e-01,1.279759979248046964e+00
9.998999834060668945e-01,1.015380001068115323e+00
1.899999976158142090e+00,2.134303045272827326e+00
1.620000004768371582e+00,1.633980011940002530e+00
8.999999761581420898e-01,8.981999874114989790e-01
1.550000011920928955e-01,1.484000027179717962e-01
5.110000133514404297e+00,5.368000030517578125e+00
6.550000190734863281e+00,6.936000061035156428e+00
2.684000134468078613e-01,1.916966674228509082e-01
5.199999809265136719e+00,5.022999954223632990e+00
1.710000038146972656e-01,1.674699991941452082e-01
1.400000000000000000e+01,1.538778018951416016e+01
2.099999904632568359e+00,1.990000009536743164e+00
3.180000066757202148e+00,3.220000028610229492e+00
6.499999761581420898e-01,4.181999981403350941e-01
1.695999950170516968e-01,1.897799998521804699e-01
9.900000095367431641e-01,8.417999982833862527e-01
2.899000048637390137e-01,2.447999954223632757e-01
8.000000119209289551e-01,7.188000082969665527e-01
2.187000066041946411e-01,1.976000010967254583e-01
2.899999916553497314e-01,3.229999989271163940e-01
2.899999916553497314e-01,3.050000071525573730e-01
6.000000000000000000e+00,6.377884674072265447e+00
1.000000000000000000e+00,5.335999906063080278e-01
2.000000029802322388e-01,2.404000014066696167e-01
1.759999990463256836e+00,1.730000019073486328e+00
3.000000119209289551e-01,3.010000109672546498e-01
1.450000047683715820e+00,1.117999994754791171e+00
5.000000000000000000e-01,4.500000000000000111e-01
7.450000047683715820e-01,7.433799982070923296e-01
9.599999785423278809e-01,5.951999902725220171e-01
1.000000000000000000e+00,1.119799995422363192e+00
8.500000238418579102e-01,9.633999943733215776e-01
7.900000095367431641e+00,6.365979957580566229e+00
1.988999992609024048e-01,2.479999989271163829e-01
4.499999880790710449e-01,4.649999916553497203e-01
2.890000045299530029e-01,2.980000078678131104e-01
6.899999976158142090e-01,6.417999982833861861e-01
1.879999995231628418e+00,1.991540026664733842e+00
1.699000000953674316e+00,1.858000016212463468e+00
4.127309799194335938e+00,4.862000036239623846e+00
3.980000019073486328e+00,4.089800024032593129e+00
4.000000000000000000e+00,4.035800027847289861e+00
4.739999771118164062e+00,4.925959968566894887e+00
2.500000000000000000e+00,2.766000032424926758e+00
4.525099754333496094e+00,3.876979970932006747e+00
3.900000000000000000e+01,3.879600067138672159e+01
2.280000001192092896e-01,2.654000043869018666e-01
7.889999747276306152e-01,7.819999814033508079e-01
1.500000000000000000e+00,1.505999994277954057e+00
2.000000000000000000e+00,2.145774745941162021e+00
3.549999952316284180e+00,3.490000009536743164e+00
1.280000019073486328e+01,1.367599983215331960e+01
1.389999985694885254e-01,1.678000032901763861e-01
1.289999961853027344e+00,1.228000020980835050e+00
1.490000039339065552e-01,1.638000041246414074e-01
6.000000238418579102e-01,5.860000014305114524e-01
8.000000119209289551e-01,8.226600050926208274e-01
8.696900367736816406e+00,7.844000053405761896e+00
2.220000028610229492e-01,1.794966695209344043e-01
1.700000017881393433e-01,1.720000028610229603e-01
6.499999761581420898e-01,6.559999942779540794e-01
8.641999959945678711e-01,1.068000006675720259e+00
2.450000047683715820e-01,2.535799986124038785e-01
2.450000047683715820e-01,2.600000023841858021e-01
4.499999880790710449e-01,4.839999973773956299e-01
4.989999771118164062e+00,5.530000019073486150e+00
2.450000047683715820e-01,2.480000048875808660e-01
8.899999856948852539e-01,8.672999978065490945e-01
1.950000047683715820e+00,1.963999962806701749e+00
3.499999940395355225e-01,7.240000009536743386e-01
9.499999880790710449e-01,7.240000009536743386e-01
2.489999979734420776e-01,2.657770603895187600e-01
6.700000166893005371e-01,6.900000095367431197e-01
8.500000238418579102e-01,9.860000014305114746e-01
2.089999914169311523e+00,2.188000035285949885e+00
1.950000047683715820e+00,1.966000008583068892e+00
2.489999979734420776e-01,2.344000011682510487e-01
2.989999949932098389e-01,2.929999947547912709e-01
8.600000143051147461e-01,8.720000028610229714e-01
6.899999976158142090e-01,5.980000048875808716e-01
5.690000057220458984e+00,4.026000022888183594e+00
6.766999816894531250e+01,4.093118038177490092e+01
2.500000000000000000e-01,3.173799932003021351e-01
3.450000047683715820e+00,4.186100006103515625e+00
3.579999923706054688e+00,4.617999982833862482e+00
4.050000190734863281e+00,5.077999973297119496e+00
2.990000009536743164e+00,2.549799990653991877e+00
2.999900102615356445e+00,3.139979982376098544e+00
1.000000000000000000e+00,1.045000016689300537e+00
1.549999952316284180e+00,1.748000016808509915e+00
1.879999995231628418e+00,1.748000016808509915e+00
3.000000119209289551e-01,3.379999935626983865e-01
4.199999809265136719e+00,4.324040031433105113e+00
4.000000059604644775e-01,4.579999983310699685e-01
6.660000085830688477e-01,5.093800067901611550e-01
8.799999952316284180e-01,7.713800072669982910e-01
1.000000000000000000e+00,1.024800002574920654e+00
6.469999790191650391e+00,7.127999973297119318e+00
1.400000000000000000e+01,1.627399997711181712e+01
5.000000000000000000e-01,4.970000028610229714e-01
6.999999880790710449e-01,7.418000102043151855e-01
1.700000047683715820e+00,1.775999999046325772e+00
1.697000026702880859e+00,1.846000027656555131e+00
7.250000238418579102e-01,7.239999890327453169e-01
6.999999880790710449e-01,7.291999936103821245e-01
8.489999771118164062e-01,8.718000054359436035e-01
2.099999904632568359e+00,1.923980021476745517e+00
8.500000238418579102e-01,8.177999973297118697e-01
8.989999890327453613e-01,8.417837381362914817e-01
3.400000095367431641e+00,3.681380081176757635e+00
7.500000000000000000e-01,8.078000068664550337e-01
8.500000238418579102e-01,9.019999861717223899e-01
9.900000095367431641e-01,9.821799874305725542e-01
6.500000000000000000e+00,6.243200016021728693e+00
8.999999761581420898e-01,9.393800139427185281e-01
8.500000238418579102e-01,9.100000143051147905e-01
8.999999761581420898e-01,8.929999947547913042e-01
9.180000305175781250e+00,1.050600013732910121e+01
8.880000114440917969e-01,8.620000123977661355e-01
1.250000000000000000e+00,1.035999989509582608e+00
3.694200134277343750e+01,2.253800010681152344e+01
8.880000114440917969e-01,9.219999909400939941e-01
1.750000000000000000e+00,2.115999984741210760e+00
2.089999914169311523e+00,2.083999991416931152e+00
1.399999976158142090e+00,1.639980006217956587e+00
1.899999976158142090e+00,1.711980009078979403e+00
3.500000000000000000e+00,3.641900062561035156e+00
7.000000000000000000e+00,6.821999931335449574e+00
7.440000057220458984e+00,3.863999986648559481e+00
5.500000000000000000e+00,5.365960025787353871e+00
1.400000000000000000e+01,1.792600002288818217e+01
4.199999809265136719e+00,6.225799846649169744e+00
5.000000000000000000e+00,5.680577754974365234e+00
9.399999976158142090e-01,1.035000014305114791e+00
1.549999952316284180e+00,1.646646380424499512e+00
1.988999962806701660e+00,1.888599967956543058e+00
1.493999958038330078e+00,1.611500000953674405e+00
9.800000190734863281e-01,1.037999999523162797e+00
7.300000190734863281e+00,7.251799964904785512e+00
8.399999618530273438e+00,8.475979995727538352e+00
3.650000095367431641e+00,4.440000057220458984e+00
3.700000000000000000e+01,3.515400009155273153e+01
4.400000095367431641e+00,5.106000041961669567e+00
4.199999809265136719e+00,4.767000007629394354e+00
3.390000104904174805e+00,3.015799999237060547e+00
1.629999995231628418e+00,1.839540004730224609e+00
9.100000262260437012e-01,9.420000076293945090e-01
4.599999904632568359e+00,4.859999942779540838e+00
4.800000190734863281e+00,5.013999938964843750e+00
1.629999995231628418e+00,2.397000002861022772e+00
3.799999952316284180e+00,3.930000019073486506e+00
1.800000071525573730e-01,2.303999990224838146e-01
5.699999928474426270e-01,5.879999876022339311e-01
1.000000000000000000e+00,1.013540005683899015e+00
1.289999961853027344e+00,1.222000026702880771e+00
1.750000000000000000e+00,1.892000007629394576e+00
1.942999958992004395e+00,2.009799981117248446e+00
5.599999904632568359e+00,6.507799911499023260e+00
5.199999809265136719e-01,8.253800034523010032e-01
1.799999952316284180e+00,1.699999999999999956e+00
3.199999928474426270e-01,2.117600023746490367e-01
1.110000014305114746e+00,8.891999959945678933e-01
8.000000000000000000e+00,6.245779991149902344e+00
3.199999928474426270e-01,4.799999952316283958e-01
1.449999958276748657e-01,1.675799995660781916e-01
6.899999976158142090e-01,4.737999901175499184e-01
1.599999964237213135e-01,1.830000042915344294e-01
2.700000107288360596e-01,2.490000039339065607e-01
8.500000238418579102e-01,8.920000076293945757e-01
2.049999952316284180e+00,1.882424998283386275e+00
1.420000046491622925e-01,1.626000016927719172e-01
7.500000000000000000e-01,9.499999999999999556e-01
1.650000065565109253e-01,2.050000011920928844e-01
5.159999847412109375e+00,4.981599986553192139e+00
9.100000381469726562e+00,9.470000076293946023e+00
1.599999964237213135e-01,1.658000022172927967e-01
8.600000143051147461e-01,9.527600049972534402e-01
1.399999976158142090e+00,1.597799992561340421e+00
1.449999958276748657e-01,1.629999995231628529e-01
1.200000047683715820e+00,1.718000006675720170e+00
2.000000000000000000e+00,1.770000004768371493e+00
2.099999904632568359e+00,1.860999989509582564e+00
1.000000000000000000e+00,1.338699984550476119e+00
3.900000095367431641e+00,5.167999982833862305e+00
1.000000000000000000e+00,8.795799970626830833e-01
1.500000000000000000e+00,1.703600001335143999e+00
2.368999958038330078e+00,2.416000032424926669e+00
2.099999904632568359e+00,2.418000030517577947e+00
3.900000095367431641e+00,3.850000000000000089e+00
1.669999957084655762e+00,1.813000011444091841e+00
8.799999952316284180e-01,8.593799948692322221e-01
6.499999761581420898e-01,6.439999938011169434e-01
1.649999976158142090e+00,1.846000003814697310e+00
1.850000023841857910e+00,2.005999994277954279e+00
1.600000023841857910e+00,1.704999995231628374e+00
5.500000000000000000e+00,6.560000038146972301e+00
6.250000000000000000e+00,6.153999900817870738e+00
7.099999904632568359e+00,7.645999908447265625e+00
9.689999818801879883e-01,1.094600009918212935e+00
1.100000023841857910e+00,1.022000002861022994e+00
9.900000095367431641e-01,8.969799995422362837e-01
1.110000014305114746e+00,8.077999949455261230e-01
1.139999985694885254e+00,6.845599889755249468e-01
6.600000262260437012e-01,5.180000066757202148e-01
1.250000000000000000e+00,1.126000022888183683e+00
1.750000000000000000e+00,1.492000007629394442e+00
2.250000000000000000e+00,2.293800044059753240e+00
8.899999856948852539e-01,9.680000066757201704e-01
1.148999977111816406e+01,1.211800003051757812e+01
4.239999771118164062e+00,3.753980064392089755e+00
1.500000000000000000e+00,1.303799998760223344e+00
6.968999862670898438e+00,9.055999946594237571e+00
8.299999833106994629e-01,8.234747052192687988e-01
8.000000119209289551e-01,8.200000047683715376e-01
9.200000166893005371e-01,9.209999918937683550e-01
5.900000095367431641e+00,7.017800045013427912e+00
1.400000000000000000e+01,1.336799983978271555e+01
3.220000028610229492e+00,2.680000019073486506e+00
9.499999880790710449e-01,8.634747147560120073e-01
8.450000286102294922e-01,8.658000111579895464e-01
2.000000000000000000e+00,1.837560009956359819e+00
2.700000047683715820e+00,3.144000005722046076e+00
3.690000057220458984e+00,3.682999992370605380e+00
8.000000119209289551e-01,8.540000081062316672e-01
2.900000095367431641e+00,2.926000022888183505e+00
8.999999761581420898e-01,1.070000016689300448e+00
1.299999952316284180e+00,1.211599993705749556e+00
2.599999904632568359e+00,2.701800012588500888e+00
8.999999761581420898e-01,9.579800128936767356e-01
1.500000000000000000e+00,1.290000009536743208e+00
4.400000095367431641e+00,2.923800039291381658e+00
1.498999977111816406e+01,9.842800140380859375e+00
1.500000000000000000e+00,2.331760060787201105e+00
8.399999737739562988e-01,8.300000071525573953e-01
5.199999809265136719e+00,5.577999973297119496e+00
8.000000000000000000e+00,7.689999961853027699e+00
2.700000107288360596e-01,2.754000037908553855e-01
1.990000009536743164e-01,1.887999981641769465e-01
8.880000114440917969e+00,9.985579872131348012e+00
5.449999809265136719e+00,6.142000102996826527e+00
4.489999771118164062e+00,4.380000019073486683e+00
1.159999966621398926e+00,9.340000033378601518e-01
8.000000119209289551e-01,7.519600033760071023e-01
1.200000047683715820e+00,1.459999990463256792e+00
4.500000000000000000e+00,4.277999973297118785e+00
5.400000095367431641e+00,5.769379997253418324e+00
2.789999961853027344e+00,3.078000020980835139e+00
2.698999881744384766e+00,2.615559959411621005e+00
3.400000095367431641e+00,2.907799994200467975e+00
4.499999880790710449e-01,3.859999895095825306e-01
5.500000119209289551e-01,3.445000052452087402e-01
3.250000000000000000e+00,4.380000019073486683e+00
7.000000000000000000e+00,5.220000028610229492e+00
2.399999946355819702e-01,2.331920951604843084e-01
7.500000000000000000e-01,7.270000100135802779e-01
1.779999971389770508e+00,1.845999979972839267e+00
1.899999976158142090e+00,2.153999972343444647e+00
4.000000059604644775e-01,4.138000071048736350e-01
6.000000238418579102e-01,5.302000045776367188e-01
9.998999834060668945e-01,9.850000023841858354e-01
2.199999988079071045e-01,1.708000004291534424e-01
8.199999928474426270e-01,1.001400005817413286e+00
2.200000047683715820e+00,2.624000024795532404e+00
8.350000381469726562e+00,8.455599784851074219e+00
3.490000009536743164e+00,3.703999996185302734e+00
3.640000104904174805e+00,3.450000000000000178e+00
5.000000000000000000e-01,5.335999965667724831e-01
4.199999809265136719e+00,4.537999916076659979e+00
3.329999923706054688e+00,4.535999917984009144e+00
3.849999904632568359e+00,4.535999917984009144e+00
7.500000000000000000e-01,7.320000052452086958e-01
7.799999713897705078e-01,9.771400094032287598e-01
1.774999946355819702e-01,1.608000010251998957e-01
5.000000000000000000e-01,4.985599935054779164e-01
1.050000000000000000e+01,1.255737991333007741e+01
5.750000000000000000e+00,5.961999893188476562e+00
2.849999964237213135e-01,2.699999988079070934e-01
7.979999780654907227e-01,7.355399966239929421e-01
2.000000000000000000e+00,2.330000019073486417e+00
1.677000045776367188e+00,2.196000003814697177e+00
3.700000047683715820e+00,4.064000034332275746e+00
2.250000000000000000e+00,2.557999992370605380e+00
3.694200038909912109e+00,5.376000022888183238e+00
2.475000023841857910e-01,1.799800038337707464e-01
2.250000000000000000e+00,2.022000026702881037e+00
2.150000035762786865e-01,3.340000033378601185e-01
6.000000000000000000e+00,5.367380046844482777e+00
2.000000029802322388e-01,2.018000006675720326e-01
8.000000119209289551e-01,1.065999996662139848e+00
1.000000000000000000e+01,1.197999992370605504e+01
1.098999977111816406e+01,1.437580013275146484e+01
1.310000038146972656e+01,1.764799995422363210e+01
7.900000095367431641e+00,2.100000000000000000e+01
1.900000000000000000e+01,2.100000000000000000e+01
9.900000095367431641e-01,1.031379997730255127e+00
1.100000023841857910e+00,9.749199986457824929e-01
3.000000000000000000e+00,2.926000070571899592e+00
3.499000072479248047e+00,3.585799980163574041e+00
9.900000095367431641e-01,1.083800005912780806e+00
2.000000000000000000e+00,2.374000000953674139e+00
3.990000009536743164e+00,3.703999996185302734e+00
9.300000071525573730e-01,8.820000171661377397e-01
2.400000095367431641e+00,2.282000017166137873e+00
2.400000095367431641e+00,2.320000028610229581e+00
1.200000047683715820e+00,1.210000038146972656e+00
1.399999976158142090e+00,1.370599985122680664e+00
1.598999977111816406e+00,1.625999975204467818e+00
3.890000104904174805e+00,5.137799978256225586e+00
6.750000000000000000e+00,6.481999874114990234e+00
8.199999809265136719e+00,7.857999897003173473e+00
5.000000000000000000e+00,3.446000003814697177e+00
8.500000238418579102e-01,8.316000103950500488e-01
1.350000023841857910e+00,1.564847660064697221e+00
1.899999976158142090e+00,1.568000030517578081e+00
9.700000286102294922e-01,8.275200009346008745e-01
1.500000000000000000e+00,1.131799983978271529e+00
1.799999952316284180e+00,1.029580008983612016e+00
1.220000028610229492e+00,1.279200005531311080e+00
2.099999904632568359e+00,2.369379997253417969e+00
6.099999904632568359e+00,5.825999927520752131e+00
1.000000000000000000e+01,1.043799991607665945e+01
1.840000033378601074e+00,1.894000005722045854e+00
1.625000000000000000e+01,1.360599994659423828e+01
6.999999880790710449e-01,6.733800053596497026e-01
6.999999880790710449e-01,6.969999909400940163e-01
1.269999980926513672e+00,1.285999989509582608e+00
4.743199825286865234e+00,5.065999889373779652e+00
6.989999771118164062e+00,5.636800003051757990e+00
6.000000238418579102e-01,6.052000045776366743e-01
4.531000137329101562e+00,5.174999999999999822e+00
6.489999771118164062e+00,6.977780055999756037e+00
2.789999961853027344e+00,3.635019969940185725e+00
3.950000047683715820e+00,4.509999990463256836e+00
2.000000000000000000e+00,2.338000059127807617e+00
2.500000000000000000e+00,2.388000059127807440e+00
4.000000000000000000e+00,3.930000066757202148e+00
4.000000059604644775e-01,5.097999989986419234e-01
5.000000000000000000e+00,5.061779975891113281e+00
6.000000000000000000e+00,7.776000022888183594e+00
1.899999976158142090e-01,2.477400034666061290e-01
9.900000095367431641e-01,1.139728886551327092e+00
2.000000000000000000e+00,1.770400023460388272e+00
8.500000238418579102e-01,9.916000008583069070e-01
6.899999976158142090e-01,9.373799800872802956e-01
5.989999771118164062e+00,6.207979869842529475e+00
3.555000066757202148e+00,3.978000020980835050e+00
5.599999904632568359e+00,6.109800052642822443e+00
6.968999862670898438e+00,7.619999980926513317e+00
3.500000000000000000e+00,2.592000007629394531e+00
9.800000190734863281e+00,9.480000305175781961e+00
4.000000059604644775e-01,4.249999999999999889e-01
3.480000019073486328e+00,3.648000001907348633e+00
6.200000047683715820e-01,6.973199963569640669e-01
9.499999880790710449e-01,9.480000019073486772e-01
6.999999880790710449e-01,7.720000147819519043e-01
6.899999976158142090e-01,7.281800031661986861e-01
1.600000023841857910e+00,1.731599998474121049e+00
1.940000057220458984e+00,1.967799997329712003e+00
2.200000047683715820e+00,2.044999980926513583e+00
5.199999809265136719e+00,4.940000057220458984e+00
1.749999970197677612e-01,2.078000009059906006e-01
1.894999980926513672e+00,2.317760014533996493e+00
9.499999880790710449e-01,8.450000241398811784e-01
1.850000023841857910e+00,1.988000011444091886e+00
1.125000000000000000e+01,1.152518005371093679e+01
7.500000000000000000e-01,7.580000042915344682e-01
7.900000214576721191e-01,7.400000095367431641e-01
1.899999976158142090e+00,1.833379983901977539e+00
4.499999880790710449e-01,4.740000009536743386e-01
8.740000128746032715e-01,8.614000201225280318e-01
5.000000000000000000e+00,4.989999961853027521e+00
1.050000000000000000e+01,1.074999980926513743e+01
6.499999761581420898e-01,5.559999942779541016e-01
8.500000238418579102e-01,8.531599998474120872e-01
6.199999809265136719e+00,6.030000019073486150e+00
9.000000000000000000e+00,1.139799995422363210e+01
8.500000238418579102e-01,8.690000057220459428e-01
1.870000004768371582e+00,1.959800004959106445e+00
2.598999977111816406e+00,2.549999999999999822e+00
7.500000000000000000e-01,8.758000135421752930e-01
7.900000214576721191e-01,8.159999966621398482e-01
1.090000033378601074e+00,1.191000020503997892e+00
4.757100105285644531e+00,5.289999961853027344e+00
1.100000023841857910e+00,1.117999982833862260e+00
5.000000000000000000e+00,5.481999969482421520e+00
6.000000238418579102e-01,7.479999899864196999e-01
5.950000286102294922e-01,6.779999971389770730e-01
5.450000166893005371e-01,6.479999959468841775e-01
4.499999880790710449e-01,4.099999964237213135e-01
9.499999880790710449e-01,9.209999918937683550e-01
1.700000047683715820e+00,1.947999954223632812e+00
1.750000000000000000e+00,1.784800028800964444e+00
6.000000000000000000e+00,5.934000015258789062e+00
2.690000057220458984e+00,2.866000032424926847e+00
8.999999761581420898e-01,1.077380001544952393e+00
1.500000000000000000e+00,1.475999999046325728e+00
2.099999904632568359e+00,1.631999993324279696e+00
4.889999866485595703e+00,5.551999950408935902e+00
3.500000000000000000e+00,3.156960010528564453e+00
1.150000000000000000e+01,9.099999999999999645e+00
4.168999862670898438e+01,4.120000000000000284e+01
9.369000196456909180e-01,1.020000004768371493e+00
2.400000095367431641e+00,2.239799976348876953e+00
1.000000000000000000e+00,8.173800110816955566e-01
1.150000000000000000e+01,1.048599987030029368e+01
7.989999771118164062e+00,5.832839965820312500e+00
2.500000000000000000e+00,2.442000007629394620e+00
2.789999961853027344e+00,2.638000059127807440e+00
6.200000047683715820e-01,5.677999973297118697e-01
8.399000167846679688e-01,8.381000041961670366e-01
2.300000041723251343e-01,2.298000007867813110e-01
2.500000000000000000e-01,3.640000015497207864e-01
4.399999976158142090e-01,4.079999983310699241e-01
8.899999856948852539e-01,8.299999952316283736e-01
9.900000095367431641e-01,5.979999959468841331e-01
4.089063167572021484e+00,3.998000049591064364e+00
2.500000000000000000e-01,2.097600042819976751e-01
6.200000047683715820e-01,6.500000119209289329e-01
7.300000190734863281e-01,7.130000114440917525e-01
6.690000295639038086e-01,7.313799977302550825e-01
1.500000000000000000e+00,1.737800002098083496e+00
1.950000047683715820e+00,1.938000011444091841e+00
4.000000000000000000e+00,3.935999965667724698e+00
5.400000095367431641e+00,5.188000106811523793e+00
3.799999952316284180e+00,3.700000000000000178e+00
1.000000000000000000e+00,1.271199989318847701e+00
1.200000047683715820e+00,1.303799986839294434e+00
9.700000286102294922e-01,1.005799996852874800e+00
2.300000041723251343e-01,2.420000016689300426e-01
7.599999904632568359e-01,7.639999985694885254e-01
1.000000000000000000e+00,1.096000027656555131e+00
1.000000000000000000e+00,1.041800010204315230e+00
1.000000000000000000e+00,9.920000076293945535e-01
1.400000000000000000e+01,1.319999999999999929e+01
1.000000000000000000e+00,9.651371002197265403e-01
3.000000000000000000e+00,3.015600013732909979e+00
2.300000041723251343e-01,4.358000040054321178e-01
1.010100007057189941e+00,1.015999996662139804e+00
5.900000095367431641e+00,5.409799957275390980e+00
2.796900033950805664e+00,3.176000022888183505e+00
2.199999988079071045e-01,2.998000025749206765e-01
1.250000000000000000e+00,1.442000031471252441e+00
2.250000000000000000e+00,2.273800039291381747e+00
2.500000000000000000e-01,2.387999981641769354e-01
9.399999976158142090e-01,9.259800076484679954e-01
2.000000029802322388e-01,2.060000032186508068e-01
6.999999880790710449e-01,6.813042759895324707e-01
6.600000262260437012e-01,5.907600045204162154e-01
4.789999961853027344e+00,5.457999992370605291e+00
7.900000214576721191e-01,8.920000076293945757e-01
1.100000023841857910e+00,1.067800009250640780e+00
2.500000000000000000e+00,3.092640066146850497e+00
2.589999914169311523e+00,2.503999996185302557e+00
8.000000119209289551e-01,8.107599854469299538e-01
5.289999961853027344e+00,5.312000083923339666e+00
7.500000000000000000e-01,1.427380025386810303e+00
4.590000152587890625e+00,4.884000015258789240e+00
1.000000000000000000e+00,9.029999971389770508e-01
1.500000000000000000e+00,1.674000024795532227e+00
8.000000000000000000e+00,6.867999935150146840e+00
3.499999940395355225e-01,3.279999971389770397e-01
2.640000104904174805e+00,2.436139965057372958e+00
3.499999940395355225e-01,3.320000052452087291e-01
5.690000057220458984e-01,4.701799988746643288e-01
1.250000000000000000e+00,1.039960002899170011e+00
8.000000000000000000e+00,5.161999988555908025e+00
4.000000059604644775e-01,4.100000023841857688e-01
9.768999814987182617e-01,9.939999938011169212e-01
3.841200113296508789e+00,3.866120004653930575e+00
3.499999940395355225e-01,3.240000009536743164e-01
2.089999914169311523e+00,1.768029999732971147e+00
3.500000000000000000e+00,3.973380041122436701e+00
3.930000066757202148e+00,3.867999982833862482e+00
2.150000095367431641e+00,2.073999977111816495e+00
8.999999761581420898e-01,1.277200031280517623e+00
6.000000000000000000e+00,6.457960033416748402e+00
3.970000028610229492e+00,4.059999990463256658e+00
2.980000019073486328e+00,2.761380052566528409e+00
1.990000009536743164e-01,1.980000019073486217e-01
1.000000014901161194e-01,1.979799985885620228e-01
6.400000095367431641e+00,7.267799949645995738e+00
1.990000009536743164e-01,2.196000009775161688e-01
1.700000017881393433e-01,1.873200035095214933e-01
3.500000000000000000e+00,3.898000001907348633e+00
2.900000095367431641e+00,3.003999996185302557e+00
3.400000095367431641e+00,3.574000024795532138e+00
3.400000095367431641e+00,3.653999948501586825e+00
2.978800058364868164e+00,2.927599954605102361e+00
7.468999862670898438e+00,7.607999992370605646e+00
4.150000095367431641e+00,4.449180030822754262e+00
4.490000009536743164e-01,4.935999929904937855e-01
8.000000119209289551e-01,9.634000062942504883e-01
7.500000000000000000e-01,9.210000038146972656e-01
7.500000000000000000e-01,9.173799991607666238e-01
8.399999737739562988e-01,9.119999885559082475e-01
1.990000009536743164e-01,1.681999981403350941e-01
1.700000017881393433e-01,1.775999999046325717e-01
3.500000000000000000e+00,3.650799989700317383e+00
3.000000119209289551e-01,2.373199999332427923e-01
2.000000000000000000e+00,1.796000027656555087e+00
1.700000017881393433e-01,1.758000046014785711e-01
4.499999880790710449e-01,4.972800076007842796e-01
8.700000047683715820e-01,9.499799966812133567e-01
6.000000238418579102e-01,7.167600035667419656e-01
8.888000249862670898e-01,8.930000066757202148e-01
2.099999934434890747e-01,2.158000022172927856e-01
7.500000000000000000e-01,2.557999983429908863e-01
1.899999976158142090e-01,1.660000056028366200e-01
1.799999952316284180e+00,1.501999998092651278e+00
3.329999923706054688e+00,2.350000000000000089e+00
1.700000017881393433e-01,1.722000032663345281e-01
4.989999771118164062e+00,4.357999992370605646e+00
7.500000000000000000e-01,1.949999988079071100e-01
6.000000000000000000e+00,6.453999900817871449e+00
2.000000029802322388e-01,1.928000003099441528e-01
1.800000071525573730e-01,1.646000027656555065e-01
2.099999904632568359e+00,2.246319985389709561e+00
1.949999928474426270e-01,3.984000027179718240e-01
3.000000000000000000e+00,2.750000000000000000e+00
3.900000095367431641e+00,3.549799966812133611e+00
6.000000000000000000e+00,7.200000000000000178e+00
8.000000119209289551e-01,9.738000035285949707e-01
7.950000166893005371e-01,7.879999995231627974e-01
9.900000095367431641e-01,8.937999963760375755e-01
6.199999809265136719e+00,6.371999835968017223e+00
3.420000076293945312e+00,3.830000019073486417e+00
2.400000095367431641e+00,2.060303044319153010e+00
1.899999976158142090e+00,2.217999982833862127e+00
9.500000000000000000e+00,9.645379829406738992e+00
5.000000000000000000e+00,5.281379985809325994e+00
3.400000095367431641e+00,3.811000013351440341e+00
3.500000000000000000e+00,3.811000013351440341e+00
3.980000019073486328e+00,5.055999898910522816e+00
8.999999761581420898e-01,9.166000008583068404e-01
9.900000095367431641e-01,9.859374629126655964e-01
1.149999976158142090e+00,1.220019996166229248e+00
7.200000286102294922e-01,8.033800005912781206e-01
4.199999809265136719e+00,4.402760028839111328e+00
1.375000000000000000e+01,1.414999980926513601e+01
8.799999952316284180e-01,9.719799995422363503e-01
1.987795591354370117e+00,1.941800022125244052e+00
4.989999771118164062e+00,4.602000045776367010e+00
8.000000119209289551e-01,9.939599990844726340e-01
9.900000095367431641e-01,9.818000197410583496e-01
9.499999880790710449e-01,8.753800034523010476e-01
2.000000029802322388e-01,2.199999988079071045e-01
2.199999988079071045e-01,2.291799962520599254e-01
6.700000166893005371e-01,7.487599849700927734e-01
1.000000000000000000e+00,1.024000000953674272e+00
6.949999928474426270e-01,6.899999976158142090e-01
9.998590350151062012e-01,9.935400009155272993e-01
2.000000029802322388e-01,2.749800026416778786e-01
1.299999952316284180e+00,1.125000035762786954e+00
7.200000286102294922e-01,6.451799988746642622e-01
3.500000000000000000e+00,3.256000041961669922e+00
1.388000011444091797e+01,1.447917995452880824e+01
1.990000009536743164e-01,1.939999997615814153e-01
6.969000101089477539e-01,6.993999958038330522e-01
3.400000095367431641e+00,3.571999979019165217e+00
8.100000023841857910e-01,9.299999952316284624e-01
3.500000000000000000e+00,2.575959992408752619e+00
3.329999923706054688e+00,3.685999965667724698e+00
8.500000000000000000e+00,8.099999999999999645e+00
9.689999580383300781e+00,6.633800029754638672e+00
8.880000114440917969e+00,8.711999893188476562e+00
9.199999809265136719e+00,9.563920021057128906e+00
4.199999809265136719e+00,4.104999971389770685e+00
6.690000057220458984e+00,7.397399997711181285e+00
3.690000057220458984e+00,3.420000076293945312e+00
3.329999923706054688e+00,3.602000045776367010e+00
5.400000095367431641e+00,5.139999961853026988e+00
3.329999923706054688e+00,3.865999937057495117e+00
4.199999809265136719e+00,4.067000007629394176e+00
1.000000000000000000e+00,9.806000113487243208e-01
1.929999947547912598e+00,1.959980010986328125e+00
2.473200082778930664e+00,3.542000007629394709e+00
2.890000104904174805e+00,2.798000001907348544e+00
8.500000238418579102e-01,8.493800044059753862e-01
1.799900054931640625e+00,1.865999960899352939e+00
2.690000057220458984e+00,2.439379978179931463e+00
3.420000076293945312e+00,3.493800020217895597e+00
