2.500000000000000000e+00,2.407999944686889826e+00
4.000000000000000000e+00,4.478000020980834606e+00
1.000000000000000000e+00,1.020000004768371493e+00
9.300000071525573730e-01,1.233779990673065097e+00
1.299999952316284180e+00,1.268000006675720215e+00
1.820000052452087402e+00,2.616000032424926847e+00
1.990000009536743164e+00,1.957999992370605513e+00
2.490000009536743164e+00,2.316000032424926580e+00
3.880000114440917969e+00,3.621356964111328125e+00
2.140000104904174805e+00,2.718845939636230558e+00
2.599999904632568359e+00,2.718845939636230558e+00
3.500000000000000000e+00,4.654000043869018555e+00
8.280000090599060059e-01,6.614000201225280762e-01
2.250000000000000000e+00,2.040000009536742986e+00
2.700000047683715820e+00,2.794199991226196111e+00
2.289999961853027344e+00,2.549999999999999822e+00
2.289999961853027344e+00,2.103800058364868164e+00
3.329999923706054688e+00,3.178000020980834783e+00
1.659999966621398926e+00,1.538054776191711381e+00
2.250000000000000000e+00,2.383799982070923029e+00
4.400000095367431641e+00,3.207999944686889648e+00
5.400000095367431641e+00,4.806759977340698597e+00
6.000000000000000000e+00,4.720000076293945135e+00
1.997623205184936523e+00,1.480000007152557417e+00
4.000000000000000000e+00,2.724000072479248136e+00
2.880000114440917969e+00,3.148999977111816229e+00
4.750000000000000000e+00,4.794000053405762074e+00
6.300000190734863281e+00,7.614754581451416371e+00
2.800000000000000000e+01,2.409599990844726491e+01
4.699999809265136719e+00,4.773540019989013672e+00
5.949999809265136719e+00,5.915999984741210582e+00
6.250000000000000000e+00,6.376379966735839844e+00
3.299999952316284180e+00,3.950000047683715820e+00
3.099999904632568359e+00,2.976000022888183771e+00
4.000000000000000000e+00,4.267379999160766602e+00
4.690000057220458984e+00,4.847999954223633168e+00
1.490000009536743164e+00,9.080000042915343794e-01
8.000000000000000000e+00,8.123999977111816762e+00
6.800000071525573730e-01,6.851999998092651589e-01
3.880000114440917969e+00,4.063599920272826793e+00
3.789999961853027344e+00,4.056000089645385387e+00
3.490000009536743164e+00,3.522000026702881037e+00
1.419999957084655762e+00,1.435959990819295262e+00
1.419999957084655762e+00,1.424000000953674405e+00
3.500000000000000000e+00,3.357277011871337979e+00
2.849999904632568359e+00,2.876000022888183683e+00
2.549999952316284180e+00,2.796779980659484632e+00
5.500000000000000000e+00,6.210000038146972656e+00
5.820000171661376953e+00,5.839999961853027166e+00
2.000000000000000000e+00,2.624000024795532404e+00
1.940000057220458984e+00,3.269960045814514160e+00
2.660224199295043945e+00,3.269960045814514160e+00
1.110000014305114746e+00,1.117999982833862260e+00
3.200000047683715820e+00,3.028000020980834872e+00
4.190232753753662109e+00,3.424000024795532227e+00
7.769999980926513672e+00,7.635000133514404652e+00
1.000000000000000000e+00,9.425000071525573286e-01
3.000000000000000000e+00,3.139740037918090643e+00
4.500000000000000000e+00,4.857999992370605646e+00
6.900000095367431641e+00,5.835799980163574041e+00
8.100000023841857910e-01,8.000000000000000444e-01
3.329999923706054688e+00,3.245999956130981356e+00
3.039999961853027344e+00,3.182999992370605380e+00
4.900000095367431641e+00,4.877500057220458984e+00
2.690000057220458984e+00,1.882000017166137740e+00
1.149999976158142090e+00,1.717800021171569824e+00
4.500000000000000000e+00,4.218760013580322266e+00
7.579999923706054688e+00,7.499599933624267578e+00
7.000000000000000000e+00,7.478000068664551137e+00
3.900000095367431641e+00,3.782860040664672852e+00
2.500000000000000000e+00,3.057999992370605380e+00
1.450000047683715820e+00,1.559997415542602628e+00
3.388000011444091797e+00,1.817400002479553134e+00
1.878999948501586914e+00,1.987240028381347612e+00
9.900000095367431641e-01,1.026000022888183594e+00
2.099999904632568359e+00,2.100000000000000089e+00
1.000000000000000000e+00,1.200000023841857999e+00
1.000000000000000000e+00,1.601000022888183549e+00
1.350000023841857910e+00,1.437999987602233798e+00
1.649999976158142090e+00,1.883999991416931197e+00
1.750000000000000000e+00,1.733999991416931064e+00
2.220000028610229492e+00,2.273000001907348633e+00
1.230000019073486328e+00,1.319999980926513716e+00
3.980000019073486328e+00,4.075399971008300426e+00
3.099999904632568359e+00,3.546000051498412908e+00
2.980000019073486328e+00,3.185600042343139648e+00
2.950000047683715820e+00,3.105179977416992365e+00
3.000000000000000000e+00,5.517999935150146307e+00
3.589999914169311523e+00,4.335999917984008967e+00
2.490000009536743164e+00,3.019600009918212979e+00
4.800000190734863281e+00,4.976000022888183771e+00
7.699999809265136719e+00,7.067380046844482067e+00
1.799999952316284180e+00,2.252908802032470792e+00
3.650000095367431641e+00,3.849319934844970703e+00
1.049000024795532227e+00,1.127799987792968750e+00
2.699899911880493164e+00,3.899999999999999911e+00
2.000000000000000000e+00,1.596000003814697310e+00
3.000000000000000000e+00,2.114000010490417303e+00
1.100000000000000000e+01,7.400000000000000355e+00
6.000000000000000000e+00,6.047999954223632457e+00
1.149999976158142090e+00,1.208000016212463334e+00
1.490000009536743164e+00,1.663739991188049272e+00
1.389999985694885254e+00,1.369980001449584872e+00
1.990000009536743164e+00,1.813633060455322354e+00
2.799999952316284180e+00,2.380000019073486239e+00
2.598200082778930664e+00,2.990000009536743164e+00
3.349999904632568359e+00,3.519999980926513672e+00
2.700000047683715820e+00,2.971394656499227072e+00
3.500000000000000000e+00,3.183599996566772283e+00
4.500000000000000000e+00,2.898000001907348633e+00
7.500000000000000000e-01,5.789800018072128740e-01
2.480000019073486328e+00,2.621999931335449396e+00
2.599999904632568359e+00,2.477920055389404297e+00
4.949999809265136719e+00,4.924000072479247869e+00
5.400000095367431641e+00,5.389999961853026988e+00
5.800000190734863281e+00,5.843999958038329723e+00
2.000000000000000000e+00,2.244000005722045721e+00
2.289999961853027344e+00,2.167000007629394709e+00
7.500000000000000000e+00,8.022579860687255149e+00
7.860000133514404297e+00,8.143559741973877664e+00
6.389999866485595703e+00,6.780000019073486150e+00
3.174999952316284180e+00,3.659179973602294744e+00
4.150000095367431641e+00,4.757999897003173828e+00
7.699999809265136719e-01,8.737999916076659712e-01
1.940000057220458984e+00,1.971959996223449751e+00
3.440000057220458984e+00,3.694000005722045898e+00
3.400000095367431641e+00,3.370000076293945490e+00
9.300000071525573730e-01,9.248000144958495872e-01
1.399999976158142090e+00,1.324999999999999956e+00
2.079999923706054688e+00,2.148599958419799894e+00
7.500000000000000000e-01,9.828000068664550781e-01
1.500000000000000000e+00,1.440000009536743120e+00
2.980000019073486328e+00,3.100000000000000089e+00
2.950000047683715820e+00,2.789199972152709872e+00
4.000000000000000000e+00,3.997999954223632635e+00
3.839999914169311523e+00,3.807999992370605380e+00
5.000000000000000000e+00,6.357614994049072266e+00
3.450000047683715820e+00,3.149999952316284269e+00
3.400000095367431641e+00,3.518000030517578036e+00
3.000000000000000000e+00,2.963999986648559570e+00
3.500000000000000000e+00,3.299999999999999822e+00
2.519999980926513672e+00,2.697799968719482244e+00
3.500000000000000000e+00,3.358956432342529386e+00
2.799999952316284180e+00,2.722467835053153706e+00
2.598000049591064453e+00,2.612411499023437500e+00
3.500000000000000000e+00,3.271640062332153320e+00
5.039999961853027344e+00,6.398000049591064275e+00
2.980000019073486328e+00,2.944000005722045898e+00
3.339999914169311523e+00,3.129999971389770597e+00
3.980000019073486328e+00,4.495999956130981801e+00
4.199999809265136719e+00,4.777999973297118785e+00
5.199999809265136719e+00,5.434000015258789062e+00
6.420000076293945312e+00,6.478000068664551137e+00
5.500000119209289551e-01,6.860000133514404519e-01
1.450000047683715820e+00,1.473000001907348588e+00
3.099999904632568359e+00,2.838000059127807617e+00
3.250000000000000000e+00,3.075579977035522550e+00
3.900000095367431641e+00,3.765439987182617188e+00
4.800000190734863281e+00,4.397980070114135387e+00
5.400000095367431641e+00,9.497399997711180930e+00
3.799999952316284180e+00,3.609799957275390714e+00
4.625000000000000000e+00,5.289999961853027344e+00
4.699999809265136719e+00,5.359999942779540838e+00
1.679999947547912598e+00,1.646440005302429288e+00
6.999999880790710449e-01,8.240000009536743164e-01
1.679999947547912598e+00,1.617059993743896529e+00
1.950000047683715820e+00,1.636000013351440519e+00
2.480000019073486328e+00,2.629799985885620028e+00
3.000000000000000000e+00,3.103999996185302646e+00
4.000000000000000000e+00,4.217999982833862127e+00
5.000000000000000000e+00,4.997999954223632635e+00
6.500000000000000000e+00,6.787999916076659979e+00
4.500000000000000000e+00,4.615999984741210760e+00
3.099999904632568359e+00,3.040659952163696111e+00
4.500000000000000000e+00,4.374000072479248047e+00
2.869999885559082031e+00,2.728219985961914062e+00
4.400000095367431641e+00,4.535580062866211293e+00
4.690000057220458984e+00,4.913780117034912465e+00
1.590000033378601074e+00,1.549599981307983487e+00
2.690000057220458984e+00,2.779999971389770508e+00
3.500000000000000000e+00,3.815799999237060369e+00
3.700000047683715820e+00,4.968000030517577770e+00
2.319999933242797852e+00,3.520000028610229315e+00
4.900000095367431641e+00,4.955999946594237926e+00
3.000000000000000000e+00,3.750399971008300692e+00
3.400000095367431641e+00,3.905999898910522461e+00
3.200000047683715820e+00,3.248000001907348722e+00
1.700000047683715820e+00,1.980000019073486328e+00
3.499000072479248047e+00,3.592000007629394531e+00
2.400000095367431641e+00,4.580000019073485973e+00
1.679999947547912598e+00,1.650480031967163086e+00
1.750000000000000000e+00,1.306000018119811923e+00
1.250000000000000000e+00,1.253800010681152433e+00
7.500000000000000000e-01,1.036360001564025968e+00
1.600000023841857910e+00,1.643979978561401323e+00
1.440000057220458984e+00,1.506000018119812101e+00
2.299999952316284180e+00,2.309999990463256658e+00
1.679999947547912598e+00,1.582099986076354936e+00
2.703999280929565430e+00,2.620000028610229403e+00
2.898999929428100586e+00,2.911999988555908025e+00
3.000000000000000000e+00,2.679980039596557617e+00
1.679999947547912598e+00,1.656440019607543945e+00
1.330000042915344238e+00,1.730000019073486328e+00
1.799000024795532227e+00,1.909999990463256747e+00
2.230000019073486328e+00,1.932000017166137784e+00
3.279999971389770508e+00,3.049800014495849698e+00
4.249952316284179688e+00,4.165999984741210582e+00
3.950000047683715820e+00,3.805999994277954102e+00
1.559999942779541016e+00,1.515999984741210893e+00
2.750000000000000000e+00,2.637400007247924894e+00
3.736999988555908203e+00,3.481599998474121271e+00
4.349999904632568359e+00,4.429679965972900035e+00
2.880000114440917969e+00,2.965999984741210849e+00
4.190000057220458984e+00,5.009999942779541193e+00
4.179999828338623047e+00,4.407999992370605469e+00
3.200000047683715820e+00,2.722000026702880771e+00
4.440000057220458984e+00,5.152000045776366832e+00
4.596886634826660156e+00,6.374399948120117010e+00
6.630000114440917969e+00,7.848999977111816406e+00
1.350000023841857910e+00,2.299999999999999822e+00
1.590000033378601074e+00,1.524000024795532315e+00
4.199999809265136719e+00,4.347999954223633168e+00
2.990000009536743164e+00,3.099415397644043058e+00
2.849999904632568359e+00,3.159100008010864435e+00
2.990000009536743164e+00,2.684969949722289861e+00
1.110000014305114746e+00,1.077800023555755660e+00
1.620000004768371582e+00,1.633000016212463379e+00
3.990000009536743164e+00,3.698000049591064542e+00
2.049999952316284180e+00,2.415999984741211026e+00
5.769999980926513672e+00,6.265979957580566584e+00
5.550000190734863281e+00,4.953799915313720881e+00
7.349999904632568359e+00,4.993799972534179510e+00
8.750000000000000000e+00,4.369979953765868785e+00
1.100000023841857910e+00,1.476265355745951302e+00
1.149999976158142090e+00,1.150000047683715776e+00
1.490000009536743164e+00,1.413999986648559526e+00
2.299999952316284180e+00,2.405999994277954190e+00
3.599999904632568359e+00,3.648000049591064275e+00
4.199999809265136719e+00,4.195999908447265447e+00
5.550000190734863281e+00,4.689800024032592773e+00
4.440000057220458984e+00,2.866000056266784668e+00
4.769999980926513672e+00,6.430000019073486506e+00
4.960000038146972656e+00,6.610000038146973012e+00
8.489999771118164062e-01,7.863166093826293723e-01
1.700000047683715820e+00,1.786000013351440430e+00
2.000000000000000000e+00,1.998000001907348722e+00
3.039900064468383789e+00,3.470679998397827148e+00
7.500000000000000000e+00,7.893999862670898260e+00
5.000000000000000000e+00,5.144859933853149769e+00
4.989999771118164062e+00,5.338000011444091975e+00
1.289999961853027344e+00,1.249979996681213290e+00
2.420000076293945312e+00,2.473799991607665838e+00
3.900000095367431641e+00,4.098600006103515270e+00
4.206900119781494141e+00,3.744000053405761808e+00
2.400000095367431641e+00,2.425999975204467862e+00
4.900000095367431641e+00,4.551740074157715199e+00
1.720000028610229492e+00,2.144000029563903897e+00
1.250000000000000000e+00,1.612000012397766024e+00
1.399999976158142090e+00,1.427979993820190474e+00
2.599999904632568359e+00,2.652999973297119229e+00
3.579999923706054688e+00,3.796080017089843661e+00
5.000000000000000000e+00,5.221380043029784979e+00
6.000000000000000000e+00,6.775999927520752308e+00
2.450000047683715820e+00,2.653980016708374023e+00
2.380000114440917969e+00,2.823979997634887606e+00
2.299999952316284180e+00,2.284999990463256747e+00
1.234560012817382812e+01,9.940000152587890270e+00
2.500000000000000000e+00,2.748000001907348722e+00
2.799999952316284180e+00,2.269999980926513672e+00
5.000000000000000000e+00,4.910000038146972834e+00
1.690000057220458984e+00,1.637800025939941451e+00
1.000000000000000000e+01,9.415959978103638051e+00
8.399999737739562988e-01,7.971583127975463423e-01
2.200000047683715820e+00,2.048000001907348544e+00
9.702000021934509277e-01,9.689000010490417258e-01
2.500000000000000000e+00,2.657959985733032049e+00
3.000000000000000000e+00,2.995599985122680664e+00
3.690000057220458984e+00,3.704000043869018377e+00
4.000000000000000000e+00,4.660000038146972834e+00
3.990000009536743164e+00,2.987999963760375799e+00
3.314300060272216797e+00,3.948000001907348455e+00
1.200000047683715820e+00,1.090000033378601074e+00
3.500000000000000000e+00,2.871000003814697443e+00
4.989999771118164062e+00,4.661999893188476740e+00
6.499999761581420898e-01,7.660000205039978471e-01
1.799999952316284180e+00,1.346000003814697310e+00
1.990000009536743164e+00,1.738000035285949707e+00
2.150000095367431641e+00,2.037999963760376065e+00
2.799999952316284180e+00,2.990000009536743164e+00
4.000000000000000000e+00,3.937799930572509766e+00
6.800000190734863281e+00,6.931999969482421697e+00
3.500000000000000000e+00,3.837999963760375888e+00
4.250000000000000000e+00,4.359999942779540838e+00
6.500000000000000000e+00,6.611999988555908203e+00
7.800000190734863281e+00,8.047599887847900035e+00
6.999999880790710449e-01,6.209200069308280501e-01
1.549999952316284180e+00,1.546000003814697266e+00
2.000000000000000000e+00,2.000000000000000000e+00
3.751691102981567383e+00,2.973600006103515714e+00
4.050000190734863281e+00,4.330000019073485973e+00
4.399000167846679688e+00,4.507999992370605113e+00
3.000000000000000000e+00,3.140374988317489624e+00
3.269000053405761719e+00,3.237540006637573242e+00
1.289899945259094238e+00,1.321399998664855913e+00
4.854000091552734375e+00,2.937700033187866211e+00
5.500000000000000000e+00,5.123999977111816762e+00
2.869292736053466797e+00,2.477999973297118963e+00
3.900000095367431641e+00,3.891380023956299006e+00
3.900000095367431641e+00,4.043139886856079279e+00
1.250000000000000000e+00,1.569999980926513716e+00
1.575000047683715820e+00,1.569999980926513716e+00
3.000000000000000000e+00,3.518000030517578036e+00
4.000000000000000000e+00,2.798000001907348544e+00
2.299999952316284180e+00,2.286000013351440430e+00
3.009999990463256836e+00,2.686973296271430112e+00
6.000000238418579102e-01,7.275999903678893599e-01
2.450000047683715820e+00,2.521609401702880948e+00
2.000000000000000000e+00,2.009819984436035156e+00
1.000000000000000000e+00,1.165100049972534135e+00
1.600000023841857910e+00,1.539200019836425737e+00
2.665999889373779297e+00,2.628404140472412109e+00
3.690000057220458984e+00,3.089800024032592685e+00
2.000000000000000000e+01,2.295179977416992045e+01
1.990000009536743164e+00,4.451837897300720215e+00
2.390000104904174805e+00,4.775837874412536266e+00
2.200000047683715820e+00,4.325837874412536976e+00
4.206900119781494141e+00,4.474000072479247692e+00
2.450000047683715820e+00,1.894000005722045854e+00
1.498999953269958496e+00,1.153999998047947839e+00
1.025000000000000000e+01,7.183999919891357777e+00
1.970000028610229492e+00,1.767400002479553311e+00
2.990000009536743164e+00,3.100000000000000089e+00
4.449999809265136719e+00,4.077380037307738903e+00
2.390000104904174805e+00,2.646000003814697354e+00
2.200000047683715820e+00,2.047999978065490723e+00
2.390000104904174805e+00,2.201799988746643066e+00
2.000000000000000000e+00,2.039980006217956721e+00
1.500000000000000000e+00,1.479999995231628507e+00
1.779999971389770508e+00,1.553991103172302157e+00
3.160000085830688477e+00,3.144000005722046076e+00
3.200000047683715820e+00,3.163400030136108487e+00
5.989999771118164062e+00,6.039999961853027344e+00
3.990000009536743164e+00,4.080000019073485973e+00
6.800000071525573730e-01,7.220000028610229492e-01
1.850000023841857910e+00,2.040759992599487482e+00
3.450000047683715820e+00,3.429043769836425781e+00
4.500000000000000000e+00,4.850000095367431818e+00
1.399999976158142090e+00,1.866000032424926847e+00
1.456112980842590332e+00,1.531999993324279830e+00
4.206900119781494141e+00,3.987999963760375799e+00
2.500000000000000000e+00,2.700000000000000178e+00
2.900000095367431641e+00,2.769999980926513672e+00
1.250000000000000000e+00,1.233999967575073242e+00
1.359899997711181641e+00,3.048799991607666016e+00
2.700000047683715820e+00,2.601999998092651367e+00
1.330000042915344238e+00,1.339980006217956543e+00
9.900000095367431641e-01,2.950000035762786688e+00
1.750000000000000000e+00,2.055999922752380193e+00
6.000000000000000000e+00,5.910279560089111150e+00
3.480000019073486328e+00,4.570000076293945668e+00
3.789999961853027344e+00,4.570000076293945668e+00
2.849999904632568359e+00,2.250039982795715154e+00
1.559999942779541016e+00,1.982000017166137606e+00
1.779999971389770508e+00,1.807999992370605380e+00
2.033799886703491211e+00,2.080439925193786621e+00
3.900000095367431641e+00,3.877999973297119318e+00
3.187999963760375977e+00,3.236000013351440607e+00
1.600000023841857910e+00,1.266000008583068936e+00
2.344399929046630859e+00,2.401960039138793856e+00
3.799999952316284180e+00,4.914266681671142223e+00
5.000000000000000000e+00,4.189579963684082031e+00
4.000000000000000000e+00,2.686000013351440341e+00
2.400000095367431641e+00,2.386059999465942383e+00
2.039999961853027344e+00,2.225999975204467685e+00
2.750000000000000000e+00,2.649740028381347479e+00
2.849999904632568359e+00,2.888000011444091797e+00
2.990000009536743164e+00,3.046000003814697266e+00
3.900000095367431641e+00,3.976000022888183771e+00
3.200000047683715820e+00,3.828000020980835139e+00
4.289999961853027344e+00,4.379380035400390447e+00
4.690000057220458984e+00,4.579380035400390625e+00
3.000000000000000000e+00,3.014000034332275479e+00
6.349999904632568359e+00,6.833999919891357244e+00
7.289999961853027344e+00,8.628999900817870383e+00
1.100000000000000000e+01,2.299200062751770091e+01
2.089999914169311523e+00,2.149799966812133700e+00
2.990000009536743164e+00,2.934000015258789062e+00
3.500000000000000000e+00,3.683979988098144531e+00
6.200000047683715820e-01,6.519999980926514116e-01
8.500000238418579102e-01,5.801799938082694563e-01
2.599999904632568359e+00,2.968000030517578214e+00
3.750000000000000000e+00,3.788000011444091708e+00
4.000000000000000000e+00,3.482000017166137606e+00
2.099999904632568359e+00,2.309200000762939631e+00
4.500000000000000000e+00,5.070000028610229137e+00
1.799999952316284180e+00,1.757154011726379306e+00
1.099900007247924805e+00,1.267999982833862394e+00
2.099999904632568359e+00,2.113266134262084872e+00
2.375000000000000000e+00,1.994000005722045943e+00
3.400000095367431641e+00,2.671999979019164861e+00
6.000000000000000000e+00,8.287999916076660867e+00
1.750000000000000000e+00,1.998000001907348722e+00
5.000000000000000000e+00,4.690000009536743342e+00
2.000000000000000000e+00,2.005999994277954279e+00
1.149999976158142090e+00,2.865000033378600985e+00
2.969000101089477539e+00,2.959999990463257014e+00
5.500000000000000000e+00,5.697999954223632812e+00
7.799999713897705078e-01,6.730000019073486550e-01
1.159999966621398926e+00,1.219780039787292436e+00
5.000000000000000000e+00,4.957999992370605291e+00
1.750000000000000000e+00,1.819100022315979004e+00
5.280000209808349609e+00,5.406000041961670277e+00
5.949900150299072266e+00,5.585599994659423473e+00
1.350000023841857910e+00,1.285000014305114791e+00
1.990000009536743164e+00,1.884000015258789018e+00
2.990000009536743164e+00,2.888000011444091797e+00
3.500000000000000000e+00,3.339999961853027166e+00
3.517999887466430664e+00,3.484000015258788885e+00
4.500000000000000000e+00,4.757999944686889471e+00
9.499999880790710449e-01,9.855799913406372292e-01
1.330000042915344238e+00,1.353999996185302646e+00
1.500000000000000000e+00,1.570000004768371538e+00
6.999999880790710449e-01,1.069800019264221191e+00
1.990000009536743164e+00,2.019999980926513672e+00
2.740000009536743164e+00,2.853600025177001953e+00
7.000000000000000000e+00,6.818000030517578303e+00
4.190000057220458984e+00,3.269980049133300870e+00
4.900000095367431641e+00,5.115999984741210760e+00
9.900000095367431641e-01,1.139600014686584561e+00
1.100000023841857910e+00,1.134400010108947754e+00
5.989999771118164062e-01,7.053800106048584428e-01
1.524999976158142090e+00,1.437800002098083452e+00
2.500000000000000000e+00,2.503999996185302557e+00
2.599999904632568359e+00,2.738600015640258789e+00
2.849999904632568359e+00,3.518000030517578036e+00
3.000000000000000000e+00,2.951999998092651456e+00
1.940000057220458984e+00,2.043999958038329900e+00
3.000000000000000000e+00,3.161374992132186978e+00
9.800000190734863281e-01,1.077800011634826749e+00
2.026675224304199219e+00,2.057780003547668546e+00
2.119999885559082031e+00,2.258000016212463379e+00
5.449999809265136719e+00,6.924919891357421697e+00
5.989999771118164062e+00,6.208179950714111328e+00
4.000000000000000000e+00,4.174760007858276722e+00
2.750000000000000000e+00,2.538759994506835760e+00
1.899999976158142090e+00,2.520900011062622070e+00
4.500000000000000000e+00,4.639999961853026988e+00
3.500000000000000000e+00,3.206000041961670100e+00
5.550000071525573730e-01,5.637999892234801802e-01
1.799999952316284180e+00,1.388380002975463823e+00
4.900000095367431641e+00,4.390000057220459162e+00
2.500000000000000000e+00,2.069980001449585050e+00
1.289999961853027344e+00,2.129999995231628418e+00
4.500000000000000000e+00,5.095999908447265803e+00
4.500000000000000000e+00,5.015999984741211115e+00
3.000000000000000000e+00,2.671600008010864169e+00
1.679999947547912598e+00,1.621200013160705611e+00
4.000000000000000000e+00,5.669999980926514027e+00
3.190000057220458984e+00,3.075999975204467773e+00
3.980000019073486328e+00,3.342000007629394531e+00
2.990000009536743164e+00,3.199999952316284091e+00
1.799999952316284180e+00,1.940759992599487394e+00
2.500000000000000000e+00,2.540000009536742986e+00
3.333257913589477539e+00,3.396000003814697354e+00
1.740000009536743164e+00,1.697960019111633301e+00
1.490000009536743164e+00,1.416000008583068848e+00
4.400000095367431641e+00,3.695979976654052646e+00
5.000000000000000000e+00,4.340000152587890625e+00
1.440000057220458984e+00,1.395599985122680575e+00
3.500000000000000000e+00,3.583677959442138850e+00
2.799999952316284180e+00,2.911600017547607333e+00
2.579999923706054688e+00,2.090000009536743253e+00
1.299999952316284180e+00,1.300799989700317294e+00
1.299999952316284180e+00,1.296360015869140625e+00
1.080000042915344238e+00,1.054999995231628462e+00
2.000000000000000000e+00,2.378000020980834961e+00
1.299999952316284180e+00,1.286879992485046476e+00
5.000000000000000000e+00,2.899999999999999911e+00
2.880000114440917969e+00,3.269999980926513672e+00
1.299999952316284180e+00,1.361800003051757857e+00
2.193384170532226562e+00,2.791358470916748047e+00
2.200000047683715820e+00,2.799999999999999822e+00
1.440000057220458984e+00,1.500000000000000000e+00
4.500000000000000000e+00,4.259999847412109020e+00
7.500000000000000000e+00,7.799999999999999822e+00
1.440000057220458984e+00,1.387980008125305087e+00
3.500000000000000000e+00,3.448749017715454279e+00
4.500000000000000000e+00,4.556000041961669744e+00
1.440000057220458984e+00,1.477200007438659757e+00
4.500000000000000000e+00,4.477999973297118963e+00
5.092000007629394531e+00,5.453999996185302734e+00
1.299999952316284180e+00,1.380000019073486239e+00
1.350000023841857910e+00,1.384000015258789018e+00
3.980000019073486328e+00,5.177999973297119141e+00
5.900000095367431641e+00,7.161999988555908025e+00
1.440000057220458984e+00,1.381399989128112793e+00
2.000000000000000000e+00,2.212259960174560725e+00
1.679999947547912598e+00,1.604979991912841797e+00
1.980000019073486328e+00,4.903999972343444647e+00
2.000000000000000000e+00,2.003999996185302557e+00
3.599999904632568359e+00,2.688000059127807706e+00
1.590000033378601074e+00,1.467999958992004306e+00
2.349999904632568359e+00,2.634000015258789240e+00
4.199999809265136719e+00,4.157477378845214844e+00
1.200000047683715820e+00,2.156000018119812012e+00
3.500000000000000000e+00,3.539999961853027344e+00
3.599999904632568359e+00,3.371960067749023349e+00
2.484999895095825195e+00,2.500000000000000000e+00
1.500000000000000000e+00,1.453999996185302734e+00
1.639999985694885254e+00,1.594799995422363281e+00
2.740000009536743164e+00,2.857999992370605646e+00
2.500000000000000000e+00,2.807999992370605380e+00
4.190000057220458984e+00,3.985599946975708185e+00
2.990000009536743164e+00,3.384000015258789240e+00
5.739999771118164062e+00,5.717999935150146484e+00
1.799999952316284180e+00,1.636000013351440519e+00
6.499999761581420898e-01,7.112000107765197310e-01
8.299999833106994629e-01,8.008308410644531250e-01
4.300000190734863281e+00,3.959819984436035334e+00
1.350000023841857910e+00,1.367799997329711914e+00
1.649999976158142090e+00,1.835999965667724609e+00
6.299999952316284180e-01,8.850000143051147683e-01
8.500000238418579102e-01,9.050000190734863725e-01
1.629999995231628418e+00,1.554000020027160645e+00
1.250000000000000000e+00,1.346000003814697310e+00
2.400000095367431641e+00,2.507980012893676669e+00
3.000000000000000000e+00,3.005999994277954279e+00
5.980000019073486328e+00,5.853999996185303090e+00
9.200000166893005371e-01,9.638000011444092241e-01
2.000000000000000000e+00,1.801980042457580478e+00
2.990000009536743164e+00,2.989780044555664151e+00
5.899000167846679688e+00,5.864959907531738459e+00
1.419999957084655762e+00,1.046999990940093994e+00
2.749000072479248047e+00,3.139639949798584073e+00
4.000000000000000000e+00,4.195599985122680842e+00
3.500000000000000000e+00,3.438000059127807706e+00
5.000000000000000000e+00,5.439999961853027699e+00
7.860000133514404297e-01,8.428000092506409135e-01
9.990000128746032715e-01,9.537191152572631614e-01
1.430923700332641602e+00,1.409800028800964444e+00
2.599999904632568359e+00,2.588000059127807617e+00
3.200000047683715820e+00,2.972000026702880771e+00
3.000000000000000000e+00,3.080000019073486417e+00
2.390000104904174805e+00,2.798000001907348544e+00
3.200000047683715820e+00,3.128000020980834961e+00
2.900000095367431641e+00,3.811999988555908381e+00
3.990000009536743164e+00,4.133199977874755682e+00
4.349999904632568359e+00,5.334000015258789418e+00
3.500000000000000000e+00,3.505599927902221857e+00
5.989999771118164062e+00,6.015999984741211115e+00
1.179999947547912598e+00,1.223799967765808017e+00
1.289000034332275391e+00,1.203579974174499467e+00
2.499799966812133789e+00,2.528000020980834872e+00
1.440000057220458984e+00,1.509879994392395064e+00
3.230000019073486328e+00,2.399999904632568182e+00
3.690000057220458984e+00,3.859360027313232244e+00
4.717100143432617188e+00,4.708000087738037465e+00
1.399999976158142090e+00,1.488000011444091886e+00
1.889999985694885254e+00,1.851979970932006836e+00
2.099900007247924805e+00,2.253499937057495295e+00
2.390000104904174805e+00,2.546000003814697266e+00
3.000000000000000000e+00,2.979600000381469549e+00
2.900000095367431641e+00,2.831827814682670308e+00
7.300000190734863281e-01,7.120000004768372026e-01
9.200000166893005371e-01,9.957800030708312544e-01
1.199000000953674316e+00,1.519800019264221147e+00
9.599999785423278809e-01,9.366000175476074663e-01
1.899999976158142090e+00,1.998399972915649414e+00
1.980000019073486328e+00,2.086000013351440252e+00
6.899999976158142090e-01,6.739799857139587846e-01
8.700000047683715820e-01,9.200000047683716264e-01
1.389000058174133301e+00,1.373979997634887651e+00
5.000000000000000000e+00,4.819079971313476207e+00
3.189599990844726562e+00,3.551319980621337802e+00
3.500000000000000000e+00,3.569960069656372248e+00
3.349999904632568359e+00,3.577317047119140447e+00
3.200000047683715820e+00,3.070444602232712761e+00
3.736000061035156250e+00,3.803999996185302823e+00
1.500000000000000000e+00,1.566180014610290439e+00
9.315059185028076172e-01,1.719559979438781694e+00
9.890000224113464355e-01,1.056759989261627286e+00
1.299900054931640625e+00,1.921000003814697266e+00
2.500000000000000000e+00,2.825979995727538885e+00
5.199900150299072266e+00,4.935999965667724254e+00
4.900000095367431641e+00,6.779999923706054865e+00
2.500000000000000000e+00,3.051319980621337802e+00
2.500000000000000000e+00,2.821000003814697177e+00
2.849999904632568359e+00,3.059999942779541016e+00
3.849999904632568359e+00,4.599999999999999645e+00
2.759999990463256836e+00,2.575500011444091797e+00
2.500000000000000000e+00,2.339799976348877042e+00
4.449999809265136719e+00,4.544419956207275568e+00
6.750000000000000000e+00,6.605379962921142933e+00
9.300000071525573730e-01,9.727391242980957253e-01
3.500000000000000000e+00,2.180000019073486506e+00
8.880000114440917969e+00,8.231999969482421520e+00
2.700000047683715820e+00,2.673202037811279297e+00
2.799999952316284180e+00,2.614804697036743342e+00
3.160000085830688477e+00,3.290619993209838778e+00
1.899999976158142090e+00,1.981999993324279785e+00
1.879999995231628418e+00,1.674000000953674405e+00
1.970000028610229492e+00,1.875999999046325639e+00
2.349999904632568359e+00,2.434999990463256658e+00
2.500000000000000000e+00,2.555800008773803533e+00
5.349999904632568359e+00,6.139999961853026988e+00
3.000000000000000000e+00,4.667760038375854847e+00
3.900000095367431641e+00,4.167760038375854847e+00
7.000000000000000000e+00,5.367999839782714666e+00
7.000000000000000000e+00,7.319999790191650035e+00
2.750000000000000000e+00,2.899999952316284269e+00
7.799999713897705078e-01,7.894000053405761941e-01
1.549999952316284180e+00,1.806000041961669966e+00
6.099999904632568359e+00,4.707759952545165660e+00
6.420000076293945312e+00,3.198000001907348455e+00
1.500000000000000000e+00,1.500000000000000000e+00
1.659999966621398926e+00,1.595000004768371671e+00
1.700000047683715820e+00,1.770799994468688965e+00
3.279999971389770508e+00,3.351999998092651367e+00
1.250000000000000000e+00,1.293799996376037598e+00
1.500000000000000000e+00,1.552000021934509366e+00
3.000000000000000000e+00,3.899999952316284269e+00
8.880000114440917969e+00,7.247999954223632635e+00
2.599999904632568359e+00,2.991190028190612971e+00
2.980000019073486328e+00,2.995800018310546875e+00
2.443900108337402344e+00,2.772000026702881037e+00
3.390000104904174805e+00,3.584660053253173828e+00
1.399999976158142090e+00,1.376000022888183683e+00
3.500000000000000000e+00,3.408549022674560725e+00
4.976374626159667969e+00,5.133199977874755682e+00
1.549999952316284180e+00,1.680000019073486284e+00
2.000000000000000000e+00,2.948000049591064542e+00
2.700000047683715820e+00,3.746000003814697443e+00
3.000000000000000000e+00,3.659679985046386808e+00
3.839999914169311523e+00,3.659679985046386808e+00
3.650000095367431641e+00,3.859399938583373935e+00
5.500000000000000000e+00,5.435799980163574574e+00
2.700000047683715820e+00,2.579999971389770330e+00
3.000000000000000000e+00,3.038000011444091708e+00
3.589999914169311523e+00,3.982000017166137606e+00
6.399999856948852539e-01,7.100000023841858132e-01
1.090000033378601074e+00,1.281579995155334384e+00
1.600000023841857910e+00,1.585999989509582431e+00
1.457000017166137695e+00,1.484999990463256925e+00
2.585000038146972656e+00,2.613999938964843839e+00
9.799000024795532227e-01,9.719799876213073286e-01
1.789999961853027344e+00,1.267640018463134677e+00
1.990000009536743164e+00,2.066314864158630193e+00
1.200000047683715820e+00,1.211999988555908292e+00
2.119999885559082031e+00,2.003799986839294611e+00
3.380000114440917969e+00,3.096000003814697088e+00
3.630000114440917969e+00,4.093599939346313832e+00
4.400000095367431641e+00,3.594000053405761896e+00
4.769999980926513672e+00,5.900000095367431641e+00
1.284999966621398926e+00,1.557999992370605380e+00
1.470000028610229492e+00,1.215999984741210849e+00
1.000000000000000000e+00,1.029760003089904785e+00
2.000000000000000000e+00,2.094000005722045810e+00
2.250000000000000000e+00,2.203831481933593572e+00
4.400000095367431641e+00,5.843999958038329723e+00
3.599999904632568359e+00,3.228000068664550692e+00
3.200000047683715820e+00,3.519999980926513672e+00
5.800000190734863281e+00,6.897999954223632990e+00
5.979000091552734375e+00,6.457999992370605291e+00
1.559999942779541016e+00,1.610080003738403320e+00
1.269000053405761719e+00,1.580000019073486417e+00
1.370000004768371582e+00,1.314000010490417480e+00
4.000000059604644775e-01,8.811583042144774947e-01
1.049999952316284180e+00,1.084599995613098056e+00
1.088999986648559570e+00,1.098600006103515714e+00
5.989999771118164062e+00,5.116000032424926403e+00
1.328999996185302734e+00,1.369980001449584872e+00
1.260000038146972656e+01,8.395999908447265625e+00
9.989999771118164062e+00,1.071999988555908168e+01
9.100000262260437012e-01,9.184000015258788618e-01
9.330000281333923340e-01,9.184000015258788618e-01
2.000000000000000000e+00,2.101999998092651367e+00
2.549999952316284180e+00,2.684000015258789062e+00
3.750000000000000000e+00,3.669999980926513583e+00
4.800000190734863281e+00,4.078779983520507635e+00
7.880000114440917969e+00,7.723799896240234553e+00
1.500000000000000000e+00,1.830000019073486417e+00
2.549999952316284180e+00,3.349979972839355558e+00
2.880000114440917969e+00,3.693800020217895330e+00
4.489999771118164062e+00,6.589999961853027166e+00
5.150000095367431641e+00,5.473414993286132457e+00
6.900000095367431641e+00,3.532000017166137873e+00
3.200000047683715820e+00,3.468000030517578214e+00
3.190000057220458984e+00,3.474000024795532049e+00
1.879999995231628418e+00,2.200000000000000178e+00
7.900000214576721191e-01,8.037600040435790572e-01
1.549999952316284180e+00,1.246000003814697221e+00
1.990000009536743164e+00,1.872000002861022860e+00
3.000000000000000000e+00,3.119999980926513761e+00
1.990000009536743164e+00,2.078000020980835139e+00
3.440000057220458984e+00,3.247800064086914240e+00
3.890000104904174805e+00,3.989999914169311435e+00
6.900000095367431641e+00,7.437799930572509766e+00
8.489999771118164062e+00,7.840659999847412465e+00
1.980000019073486328e+00,2.068000030517578303e+00
2.599999904632568359e+00,2.621577119827270597e+00
9.700000286102294922e-01,9.689799904823303001e-01
2.000000000000000000e+00,2.000000000000000000e+00
4.000000000000000000e+00,3.861800003051757635e+00
1.578999996185302734e+00,1.613160014152526855e+00
3.000000000000000000e+00,1.880000019073486239e+00
3.450000047683715820e+00,3.874000072479248047e+00
5.500000000000000000e+00,2.401359653472900479e+00
1.200000000000000000e+01,7.311999988555908381e+00
9.499999880790710449e-01,5.446299999952316506e-01
1.980000019073486328e+00,2.017999982833862394e+00
3.500000000000000000e+00,3.607999944686889560e+00
5.199999809265136719e+00,4.700000000000000178e+00
2.500000000000000000e+00,3.049999999999999822e+00
1.478899955749511719e+00,1.477999997138977006e+00
9.089999794960021973e-01,1.979800009727477939e+00
7.500000000000000000e-01,6.930000066757202593e-01
1.588595509529113770e+00,1.583979988098144442e+00
9.219999909400939941e-01,8.129583001136779785e-01
4.699999809265136719e+00,4.750000000000000000e+00
3.900000095367431641e+00,3.955799961090087802e+00
2.690000057220458984e+00,2.990000009536743164e+00
5.000000000000000000e+00,5.226000022888183771e+00
3.099999904632568359e+00,3.192000007629394620e+00
3.250000000000000000e+00,3.317999935150146573e+00
3.380000114440917969e+00,3.373599958419799982e+00
1.600000023841857910e+00,1.609999990463256925e+00
1.700000047683715820e+00,1.940000033378601163e+00
2.299999952316284180e+00,2.225999975204467685e+00
1.620000004768371582e+00,1.513960003852844238e+00
2.500000000000000000e+00,1.930000019073486284e+00
4.389999866485595703e+00,5.642140007019042613e+00
5.989999771118164062e+00,7.043596744537353516e+00
1.600000023841857910e+00,2.023000001907348633e+00
2.900000095367431641e+00,2.430000019073486506e+00
1.700000047683715820e+00,1.795920038223266513e+00
4.900000095367431641e+00,4.698000049591064098e+00
2.000000000000000000e+00,2.549999999999999822e+00
2.099999904632568359e+00,2.025579977035522283e+00
2.544300079345703125e+00,2.648189949989318670e+00
2.700000047683715820e+00,2.711959981918334872e+00
2.099999904632568359e+00,2.286000013351440430e+00
2.678999900817871094e+00,2.467999982833862127e+00
3.799999952316284180e+00,3.998120069503784180e+00
4.000000000000000000e+00,4.105660009384155096e+00
4.500000000000000000e+00,4.647999954223632990e+00
6.000000000000000000e+00,5.977979946136474432e+00
6.400000095367431641e+00,6.172000026702880504e+00
1.000000000000000000e+00,1.087999987602233931e+00
3.400000095367431641e+00,3.208000040054321378e+00
2.980000019073486328e+00,2.271380043029785245e+00
6.000000000000000000e+00,3.398000001907348633e+00
2.988800048828125000e+00,2.044000005722045987e+00
3.000000000000000000e+00,2.928000020980834783e+00
3.000000000000000000e+00,3.838000059127807617e+00
3.450000047683715820e+00,4.675999927520751775e+00
4.089200019836425781e+00,4.675999927520751775e+00
3.160000085830688477e+00,4.133799934387207387e+00
5.000000000000000000e+00,4.303659963607787908e+00
1.789000034332275391e+00,2.191999983787536799e+00
2.299999952316284180e+00,3.316000080108642667e+00
3.000000000000000000e+00,2.915980052947998225e+00
4.000000000000000000e+00,4.042000007629394709e+00
4.749000072479248047e+00,4.604600048065185192e+00
3.990000009536743164e+00,3.559379959106445224e+00
4.150000095367431641e+00,3.875999975204467596e+00
2.554199934005737305e+00,2.695280027389526545e+00
2.848999977111816406e+00,2.750000000000000000e+00
1.490000009536743164e+00,1.537999987602233887e+00
3.500000000000000000e+00,3.679999971389770419e+00
4.099999904632568359e+00,5.102199983596801935e+00
1.490000009536743164e+00,1.484999990463256925e+00
7.900000214576721191e-01,8.610000133514403853e-01
2.279999971389770508e+00,2.285341358184814542e+00
2.190000057220458984e+00,2.070799994468688787e+00
4.099999904632568359e+00,4.635999870300293146e+00
5.295700073242187500e+00,5.381999969482421875e+00
7.500000000000000000e+00,7.606659984588622692e+00
2.390000104904174805e+00,2.739800024032592596e+00
4.900000095367431641e+00,4.640000009536743519e+00
9.499999880790710449e-01,7.999599933624267356e-01
1.500000000000000000e+00,1.245799994468689054e+00
2.069810867309570312e+00,1.829633021354675204e+00
2.440000057220458984e+00,2.414440011978149503e+00
1.200000047683715820e+00,1.547980022430419877e+00
1.580000042915344238e+00,1.558980035781860396e+00
3.000000000000000000e+00,3.030600023269653498e+00
4.170000076293945312e+00,4.069340038299560369e+00
4.949999809265136719e+00,4.489999961853027521e+00
1.399999976158142090e+00,1.449399995803833052e+00
3.000000000000000000e+00,2.753800062835216611e+00
2.849999904632568359e+00,2.996000003814697443e+00
1.875000000000000000e+00,2.029999995231628329e+00
1.679999947547912598e+00,3.158000040054321111e+00
3.750000000000000000e+00,4.057979965209961293e+00
2.900000095367431641e+00,1.568000030517578081e+00
2.400000095367431641e+00,1.695999979972839355e+00
4.500000000000000000e+00,3.204699969291687101e+00
2.839999914169311523e+00,3.913999986648559748e+00
6.250000000000000000e+00,6.497760009765625178e+00
1.450000000000000000e+01,5.037999963760375621e+00
1.299900054931640625e+00,1.254084658622741655e+00
2.599999904632568359e+00,2.306000018119811923e+00
3.460000038146972656e+00,3.403399991989135565e+00
3.200000047683715820e+00,3.083980035781860529e+00
9.399999976158142090e-01,9.930000066757201926e-01
1.049999952316284180e+00,1.020000004768371493e+00
1.200000047683715820e+00,9.618000030517578347e-01
8.000000000000000000e+00,6.336000156402588068e+00
1.500000000000000000e+00,8.297999903559685198e-01
1.470000028610229492e+00,1.607999992370605424e+00
4.349999904632568359e+00,4.698000049591064098e+00
6.989999771118164062e+00,6.969999980926513850e+00
2.500000000000000000e+00,2.610000038146972567e+00
5.686999797821044922e+00,5.761799812316894531e+00
5.696899890899658203e+00,5.531999874114990057e+00
3.480000019073486328e+00,3.465600013732910156e+00
3.990000009536743164e+00,2.324000024795532138e+00
5.000000000000000000e+00,2.160000014305114568e+00
3.342035770416259766e+00,2.489999985694885343e+00
1.300000000000000000e+01,7.629999923706054510e+00
2.259999990463256836e+00,1.713354015350341708e+00
9.998999834060668945e-01,1.249999976158142179e+00
3.500000000000000000e+00,2.525000047683715998e+00
7.800000190734863281e+00,8.380000019073486683e+00
3.000000000000000000e+00,2.809999990463256658e+00
5.500000000000000000e+00,7.932359886169433771e+00
3.490000009536743164e+00,3.418000030517577947e+00
1.500000000000000000e+00,2.148000001907348633e+00
2.579999923706054688e+00,3.114000034332275568e+00
3.400000095367431641e+00,3.555000019073486506e+00
1.360000014305114746e+00,1.363980007171630815e+00
3.200000047683715820e+00,3.232000017166137606e+00
3.099999904632568359e+00,3.459999942779540927e+00
4.400000095367431641e+00,4.689960002899169922e+00
3.000000000000000000e+00,1.928000020980835005e+00
9.800000190734863281e-01,1.067980003356933549e+00
1.700000047683715820e+00,1.792000007629394487e+00
2.990000009536743164e+00,3.065874004364013583e+00
4.000000000000000000e+00,2.016000032424926758e+00
3.000000000000000000e+00,3.461999988555908292e+00
8.000000119209289551e-01,8.015200018882751021e-01
1.450000047683715820e+00,1.524000024795532315e+00
1.750000000000000000e+00,1.771999979019164950e+00
3.829999923706054688e+00,3.858666658401489258e+00
2.869999885559082031e+00,3.109999990463256925e+00
3.750000000000000000e+00,4.080000019073485973e+00
3.799999952316284180e+00,3.607999992370605646e+00
2.000000000000000000e+00,2.366000008583069025e+00
2.549999952316284180e+00,2.918000030517577947e+00
2.799999952316284180e+00,1.977999997138977006e+00
4.500000000000000000e+00,4.995399951934814453e+00
3.880000114440917969e+00,3.927024459838867276e+00
1.450000047683715820e+00,1.532999992370605469e+00
1.000000000000000000e+00,1.191019984740705695e+00
4.889999866485595703e+00,4.831540012359619496e+00
9.998999834060668945e-01,1.072000026702880859e+00
1.370000004768371582e+00,1.603999996185302646e+00
2.890000104904174805e+00,2.782000041007995694e+00
3.999900102615356445e+00,3.080000066757202060e+00
7.500000000000000000e-01,7.939999938011169656e-01
8.488000035285949707e-01,8.233999967575073020e-01
1.919999957084655762e+00,2.053600001335143865e+00
4.099999904632568359e+00,4.249600028991698863e+00
3.200000047683715820e+00,3.120000076293945490e+00
4.999000072479248047e+00,4.315999889373779652e+00
2.750000000000000000e+00,2.933999967575073420e+00
2.279999971389770508e+00,2.301980018615722656e+00
3.500000000000000000e+01,4.260000038146972479e+00
7.500000000000000000e-01,7.305999994277954102e-01
2.000000000000000000e+00,2.288919973373412908e+00
2.741460561752319336e+00,2.884799957275390625e+00
3.200000047683715820e+00,3.084799957275390803e+00
3.500000000000000000e+00,3.477999973297118963e+00
5.110000133514404297e+00,4.952000045776367543e+00
5.000000000000000000e+00,5.806000041961669744e+00
4.380000114440917969e+00,4.627999973297119318e+00
1.593999981880187988e+00,1.597380018234253019e+00
6.899999976158142090e-01,6.739799976348876953e-01
2.299999952316284180e+00,2.478000020980835050e+00
6.200000047683715820e-01,6.566000103950500044e-01
9.499999880790710449e-01,1.006000006198882968e+00
1.870000004768371582e+00,1.807999992370605380e+00
2.220000028610229492e+00,2.212000012397766113e+00
3.598999977111816406e+00,3.452756404876708984e+00
3.329999923706054688e+00,3.378247356414795011e+00
3.289999961853027344e+00,3.335319995880126953e+00
3.980000019073486328e+00,3.938000059127807706e+00
4.349999904632568359e+00,5.295800018310546697e+00
6.990000009536743164e-01,7.899999976158141868e-01
8.888000249862670898e-01,8.520000100135802779e-01
1.389999985694885254e+00,2.216000008583068670e+00
1.990000009536743164e+00,2.479780006408691229e+00
2.950000047683715820e+00,2.955999994277954013e+00
2.257999897003173828e+00,2.753999996185302557e+00
2.339999914169311523e+00,2.584666633605956942e+00
3.390000104904174805e+00,2.818000030517578303e+00
6.000000238418579102e-01,7.379999876022338423e-01
1.690000057220458984e+00,2.488000011444091886e+00
2.690000057220458984e+00,3.702000093460083185e+00
1.600000023841857910e+00,1.602800011634826660e+00
2.000000000000000000e+00,2.085739970207214355e+00
2.789999961853027344e+00,2.435980033874511896e+00
7.000000000000000000e+00,6.923999977111816584e+00
8.694199562072753906e+00,6.923999977111816584e+00
9.999899864196777344e+00,7.198999977111816051e+00
5.500000000000000000e+00,5.880000019073486683e+00
6.999000072479248047e+00,8.091999912261963246e+00
3.484999895095825195e+00,3.265496540069579900e+00
5.500000000000000000e+00,5.133399963378906250e+00
1.789000034332275391e+00,1.870880007743835449e+00
2.599999904632568359e+00,2.706000041961670100e+00
2.789999961853027344e+00,2.671800041198730380e+00
5.489999771118164062e+00,4.934000015258789062e+00
6.000000000000000000e+00,5.885999965667724432e+00
6.480000019073486328e+00,6.489999961853027521e+00
1.500000000000000000e+00,1.574920010566711381e+00
2.130000114440917969e+00,2.060314869880676358e+00
2.900000095367431641e+00,2.859499943256378351e+00
2.799999952316284180e+00,2.818722332685421605e+00
3.650000095367431641e+00,3.315996551513671786e+00
2.490000009536743164e+00,2.865000009536743164e+00
2.900000095367431641e+00,2.872000026702880682e+00
4.590000152587890625e+00,5.722485637664794567e+00
5.310000181198120117e-01,6.262199997901916060e-01
3.500000000000000000e+00,2.835398201147715458e+00
5.000000000000000000e+00,3.206000041961670100e+00
2.799999952316284180e+00,3.020979976654052823e+00
1.968999981880187988e+00,2.009999966621399015e+00
1.330000042915344238e+00,1.328713345527648970e+00
2.500000000000000000e+00,2.494000005722045721e+00
3.099999904632568359e+00,3.101999950408935725e+00
5.539999961853027344e+00,6.783599853515625000e+00
1.500000000000000000e+00,1.953980016708374068e+00
1.879999995231628418e+00,2.751999998092651278e+00
4.000000000000000000e+00,3.658000040054321111e+00
1.000000000000000000e+00,1.072000026702880859e+00
2.399899959564208984e+00,2.485960006713867188e+00
2.000000000000000000e+00,2.774000072479247958e+00
3.950000047683715820e+00,1.705399990081787109e+00
5.900000095367431641e+00,5.135999965667724432e+00
4.799999892711639404e-01,5.575999975204467551e-01
2.099999904632568359e+00,2.437999963760375977e+00
3.099999904632568359e+00,3.259999942779541193e+00
5.289999961853027344e+00,5.952000045776367543e+00
3.899899959564208984e+00,4.025799894332886097e+00
3.990000009536743164e+00,3.973500013351440430e+00
5.000000000000000000e+00,5.000000000000000000e+00
3.900000095367431641e+00,3.865980052947997958e+00
6.989999771118164062e+00,4.290000009536742986e+00
9.250000000000000000e+00,7.341600036621093395e+00
2.500000000000000000e+00,2.669999980926513583e+00
2.950000047683715820e+00,3.039999961853027344e+00
5.699999809265136719e+00,5.740000057220458807e+00
9.498999714851379395e-01,9.759999990463257280e-01
2.029999971389770508e+00,2.183799982070922852e+00
2.849999904632568359e+00,2.951999998092651456e+00
3.089999914169311523e+00,3.019999933242798029e+00
2.999900102615356445e+00,3.241600036621093750e+00
2.999000072479248047e+00,2.909134995937347590e+00
7.489999771118164062e+00,7.571799945831299006e+00
1.587510704994201660e+00,1.623940014839172274e+00
6.589999794960021973e-01,6.708000063896178977e-01
1.190000057220458984e+00,1.245980000495910733e+00
1.899999976158142090e+00,1.855800008773803800e+00
2.400000095367431641e+00,2.577999973297119052e+00
4.000000000000000000e+00,3.867800045013427557e+00
2.771899938583374023e+00,3.087599992752075195e+00
4.489999771118164062e+00,4.507999992370605113e+00
5.000000000000000000e+00,4.838000011444091975e+00
2.529999971389770508e+00,2.817999982833862216e+00
5.880000114440917969e+00,6.099979972839355113e+00
1.500000000000000000e+00,1.496000003814697221e+00
2.460000038146972656e+00,2.611999988555908203e+00
2.200000047683715820e+00,1.950000023841857999e+00
3.349999904632568359e+00,3.554000043869018466e+00
8.000000119209289551e-01,9.778000116348266602e-01
1.580000042915344238e+00,1.661999988555908248e+00
2.450000047683715820e+00,2.502800035476684393e+00
3.131999969482421875e+00,3.423600006103515447e+00
3.250000000000000000e+00,3.670000028610229670e+00
4.000000000000000000e+00,4.358000087738036932e+00
2.690000057220458984e+00,2.549999999999999822e+00
2.990000009536743164e+00,2.920000028610229670e+00
5.500000000000000000e+00,5.811999988555908381e+00
1.850000023841857910e+00,1.779000020027160733e+00
2.250000000000000000e+00,1.558000016212463423e+00
3.390000104904174805e+00,3.130000019073486239e+00
3.400000095367431641e+00,3.495800065994262518e+00
1.200000047683715820e+00,1.231999969482421964e+00
1.299999952316284180e+00,1.309999990463256880e+00
1.430999994277954102e+00,1.407480025291442782e+00
1.200000047683715820e+00,1.246000003814697221e+00
1.575000047683715820e+00,1.387999987602233976e+00
3.000000000000000000e+00,2.978000020980835050e+00
6.099999904632568359e+00,6.283999919891357422e+00
6.380000114440917969e+00,6.453999996185302734e+00
3.849999904632568359e+00,5.965999984741211293e+00
3.990000009536743164e+00,2.899999999999999911e+00
2.880000114440917969e+00,2.935600042343139648e+00
5.300000190734863281e+00,5.132400035858154297e+00
1.190000057220458984e+00,1.143980002403259366e+00
6.000000000000000000e+00,5.597999906539916637e+00
2.740000009536743164e+00,3.143779993057250977e+00
3.019500017166137695e+00,3.303999996185302823e+00
6.900000095367431641e+00,6.787999916076659979e+00
1.289000034332275391e+00,1.270209288597107022e+00
1.340000033378601074e+00,1.292000007629394487e+00
1.773378491401672363e+00,2.175999999046325684e+00
5.500000000000000000e+00,5.191999816894531605e+00
6.099999904632568359e+00,4.285999965667724787e+00
1.090000033378601074e+00,1.039999985694885165e+00
1.139999985694885254e+00,1.288000011444091708e+00
7.360000014305114746e-01,7.026399970054626465e-01
1.620000004768371582e+00,1.598000001907348588e+00
1.189000010490417480e+00,1.246000027656555265e+00
1.350000023841857910e+00,1.421000003814697266e+00
6.500000000000000000e+00,4.174200057983398438e+00
9.500000000000000000e+00,7.750000000000000000e+00
2.200000000000000000e+01,1.769999999999999929e+01
5.000000000000000000e+00,3.924859952926635920e+00
8.880000114440917969e+00,2.955999994277954013e+00
1.599900007247924805e+00,1.581800007820129306e+00
2.900000095367431641e+00,2.442000007629394620e+00
3.400000095367431641e+00,3.713999986648559570e+00
3.990000009536743164e+00,3.901359939575195224e+00
5.500000000000000000e+00,5.447999954223632812e+00
7.800000190734863281e+00,7.788000106811523438e+00
1.720000028610229492e+00,1.729000020027160689e+00
1.675799965858459473e+00,1.729000020027160689e+00
3.980000019073486328e+00,3.404400014877319247e+00
6.900000095367431641e+00,6.895999908447265625e+00
1.998999953269958496e+00,1.688000011444091841e+00
2.150000095367431641e+00,2.146845960617065341e+00
1.279999971389770508e+00,1.609739112854003951e+00
2.900000095367431641e+00,2.877800035476684393e+00
2.799999952316284180e+00,2.916879987716674894e+00
3.033299922943115234e+00,3.484660005569458097e+00
6.000000000000000000e+00,6.539799880981445490e+00
3.700000047683715820e+00,3.694000005722045898e+00
3.000000000000000000e+00,3.339999961853027166e+00
1.000000000000000000e+00,8.756000041961670144e-01
1.700000047683715820e+00,1.759800004959106490e+00
2.555000066757202148e+00,4.557999992370605824e+00
3.990000009536743164e+00,4.280000019073486150e+00
6.980000019073486328e+00,5.574000024795532582e+00
1.250000000000000000e+00,9.787999887019396272e-01
3.000000000000000000e+00,4.465999937057494762e+00
4.500000000000000000e+00,1.794479994773864817e+01
2.598999977111816406e+00,2.592000055313110174e+00
3.950000047683715820e+00,4.321380043029785512e+00
3.700000047683715820e+00,3.844000005722045810e+00
3.200000047683715820e+00,3.384873310724894502e+00
3.500000000000000000e+00,4.496600008010863903e+00
2.750000000000000000e+00,2.739999961853027521e+00
6.899999976158142090e-01,8.059599995613098145e-01
7.450000047683715820e-01,5.791799947619438171e-01
2.128499984741210938e+00,3.041999959945678622e+00
2.500000000000000000e+00,2.657999944686889826e+00
4.989999771118164062e+00,5.299999904632568537e+00
3.990000009536743164e+00,3.858000040054321289e+00
6.900000095367431641e+00,6.689578342437743963e+00
2.549999952316284180e+00,2.494000005722045721e+00
3.299999952316284180e+00,3.633799982070923029e+00
3.756900072097778320e+00,4.043999958038329900e+00
2.889899969100952148e+00,2.844980025291442782e+00
1.450000047683715820e+00,1.467999982833862349e+00
1.625000000000000000e+00,1.777600002288818315e+00
2.000000000000000000e+00,1.751999998092651278e+00
4.900000095367431641e+00,4.349999999999999645e+00
6.000000000000000000e+00,5.497999858856201350e+00
6.400000095367431641e+00,6.201399898529052379e+00
1.990000009536743164e+00,2.093999981880187988e+00
3.329999923706054688e+00,3.627759981155395330e+00
3.990000009536743164e+00,3.794000005722045987e+00
3.000000000000000000e+00,3.118000030517578125e+00
3.400000095367431641e+00,3.517999982833862394e+00
5.480000019073486328e+00,5.892000007629394354e+00
3.390000104904174805e+00,3.575999975204467773e+00
4.219999790191650391e+00,4.273999881744384943e+00
4.599999904632568359e+00,4.621999931335449396e+00
6.000000000000000000e+00,6.279999923706054865e+00
9.299603104591369629e-01,9.172000169754028764e-01
1.179999947547912598e+00,1.216000032424926713e+00
1.574893474578857422e+00,1.521359992027282670e+00
6.000000000000000000e+00,5.669999980926514027e+00
2.999900102615356445e+00,2.812649242694561291e+00
5.800000190734863281e+00,6.069999980926513494e+00
8.999550938606262207e-01,8.837800025939941406e-01
8.750000000000000000e-01,8.418000102043151633e-01
1.289999961853027344e+00,1.257960009574890181e+00
1.399999976158142090e+00,1.394760012626647949e+00
1.480000019073486328e+00,2.663999986648559748e+00
3.799999952316284180e+00,4.097999906539916637e+00
6.000000000000000000e+00,3.643400001525878729e+00
3.200000047683715820e+00,3.422600030899047852e+00
4.690000057220458984e+00,4.255379962921142400e+00
1.000000000000000000e+00,1.000000011920928911e+00
1.250000000000000000e+00,1.333980011940002486e+00
2.500000000000000000e+00,3.097999954223632724e+00
3.674999952316284180e+00,5.150520515441894709e+00
5.000000000000000000e+00,5.110520553588867365e+00
1.750000000000000000e+00,3.210000038146972656e+00
1.389999985694885254e+00,1.377979993820190430e+00
1.250000000000000000e+00,1.426800022125244150e+00
1.899999976158142090e+00,1.890500020980834917e+00
3.000000000000000000e+00,2.990000009536743164e+00
3.493999958038330078e+00,3.456349039077758700e+00
3.799999952316284180e+00,3.700000047683715820e+00
4.500000000000000000e+00,4.319999980926513494e+00
2.660000085830688477e+00,2.995669999122619664e+00
3.660000085830688477e+00,3.891800022125244229e+00
2.000000000000000000e+01,1.148000011444091761e+01
1.049999952316284180e+00,9.199599862098694070e-01
6.000000000000000000e+00,6.110279464721680043e+00
2.500000000000000000e+00,2.109999990463256925e+00
2.599999904632568359e+00,2.755200052261352450e+00
4.400000095367431641e+00,6.807999992370605824e+00
2.589999914169311523e+00,2.775799989700317383e+00
5.496900081634521484e+00,5.560000038146972301e+00
6.949999809265136719e+00,6.997999954223632635e+00
2.390000104904174805e+00,2.739999961853027521e+00
5.500000000000000000e+00,4.405800056457519709e+00
2.190000057220458984e+00,2.919999980926513583e+00
6.499999761581420898e-01,7.348000049591064675e-01
8.500000238418579102e-01,8.960000038146972434e-01
3.450000047683715820e+00,3.523999977111816229e+00
8.899999856948852539e-01,9.379799962043762207e-01
1.899999976158142090e+00,2.130000019073486239e+00
3.849100112915039062e+00,3.706000041961670100e+00
3.009999990463256836e+00,2.899619960784912021e+00
2.690000057220458984e+00,2.705847866638847243e+00
2.980000019073486328e+00,2.993999958038330078e+00
1.590000033378601074e+00,1.898000025749206454e+00
3.900000095367431641e+00,3.486148977279662997e+00
5.900000095367431641e+00,6.235999870300292791e+00
2.740000009536743164e+00,3.079995822906494318e+00
7.090000152587890625e+00,7.136000156402587891e+00
7.399899959564208984e+00,7.863599872589110973e+00
2.500000000000000000e+00,1.807999992370605380e+00
2.990000009536743164e+00,3.257800006866454989e+00
3.381999969482421875e+00,3.180979967117309570e+00
7.799999713897705078e-01,7.416000008583069070e-01
1.600000023841857910e+00,1.567579984664916992e+00
1.200000000000000000e+01,7.599999999999999645e+00
3.500000000000000000e+00,1.398020025748701212e+00
8.880000114440917969e+00,2.138999977111816264e+01
3.900000095367431641e+00,4.113999986648559926e+00
3.990000009536743164e+00,3.913999986648559748e+00
2.990000009536743164e+00,2.970100021362304776e+00
2.890000104904174805e+00,3.237599992752075106e+00
3.499000072479248047e+00,3.437540006637573420e+00
2.001564502716064453e+00,2.138645887374877930e+00
2.099999904632568359e+00,2.180760002136230558e+00
2.869999885559082031e+00,2.983999967575073242e+00
5.989999771118164062e+00,6.038000011444092152e+00
3.289999961853027344e+00,3.297360038757324308e+00
2.650000095367431641e+00,2.900107431411742986e+00
3.150000095367431641e+00,3.667979955673217773e+00
2.400000095367431641e+00,2.544000005722045987e+00
4.130000114440917969e+00,4.207980012893676403e+00
6.000000000000000000e+00,6.077999973297119496e+00
1.429999947547912598e+00,1.499179983139037997e+00
3.480000019073486328e+00,3.599980020523071200e+00
2.799999952316284180e+00,3.159999990463256747e+00
3.900000095367431641e+00,3.851999902725219638e+00
1.590000033378601074e+00,1.679000020027160645e+00
9.900000095367431641e-01,9.508000016212463379e-01
2.000000000000000000e+00,1.999999952316284135e+00
2.839999914169311523e+00,3.109399986267090021e+00
2.920000076293945312e+00,2.130000042915344061e+00
5.300000190734863281e+00,5.275999927520752308e+00
1.000000000000000000e+00,1.199999999999999956e+00
6.899999976158142090e-01,6.927999973297118697e-01
1.990000009536743164e+00,2.008999991416930975e+00
3.589999914169311523e+00,3.482000017166137606e+00
5.500000000000000000e+00,3.470980024337768644e+00
9.000000000000000000e+00,6.799999999999999822e+00
2.900000095367431641e+00,2.817999982833862216e+00
3.880000114440917969e+00,3.719999980926513850e+00
2.750000000000000000e+00,2.715854597091674982e+00
2.921649932861328125e+00,3.282000017166137873e+00
3.450000047683715820e+00,3.421000003814697266e+00
2.950000047683715820e+00,2.964000034332275213e+00
2.970000028610229492e+00,3.155999994277954190e+00
1.690000057220458984e+00,2.069980049133300692e+00
1.950000047683715820e+00,1.957999992370605513e+00
2.900000095367431641e+00,3.029199981689453036e+00
4.839900016784667969e+00,6.160000038146972834e+00
3.197999954223632812e+00,3.791599988937377930e+00
3.450000047683715820e+00,3.787599992752075373e+00
2.153599977493286133e+00,2.364000034332275568e+00
1.440000057220458984e+00,1.566000008583068759e+00
1.659999966621398926e+00,1.886000013351440519e+00
2.295000076293945312e+00,2.286000013351440430e+00
1.250000000000000000e+00,1.181799983978271573e+00
1.498999953269958496e+00,1.181799983978271573e+00
2.690000057220458984e+00,2.705999946594238370e+00
6.000000000000000000e+00,5.633999919891357067e+00
5.000000000000000000e+00,3.415999984741211026e+00
3.299999952316284180e+00,3.299999952316284180e+00
6.500000000000000000e+00,4.857999992370605646e+00
6.899999976158142090e-01,1.702000021934509277e+00
1.399999976158142090e+00,1.649999999999999911e+00
1.700000047683715820e+00,1.690000009536743120e+00
2.099999904632568359e+00,3.239999961853027521e+00
2.990000009536743164e+00,3.405999994277954190e+00
2.289999961853027344e+00,2.823979997634887606e+00
2.700000047683715820e+00,2.991100025177002131e+00
2.400000095367431641e+00,3.258000040054321200e+00
1.100000000000000000e+01,7.910000038146972834e+00
1.275000000000000000e+01,1.105399990081787109e+01
3.879999923706054688e+01,1.934154014587402415e+01
7.500000000000000000e-01,7.568999886512756126e-01
8.989999771118164062e+00,6.888000106811523082e+00
8.000000119209289551e-01,1.025800013542175204e+00
4.900000095367431641e-01,4.973800003528595082e-01
1.710000038146972656e+00,1.629999995231628418e+00
1.400000000000000000e+01,1.810000000000000142e+01
2.500000000000000000e+00,2.497959995269775302e+00
9.990000128746032715e-01,1.493780028820037797e+00
6.500000000000000000e+00,5.531999969482422230e+00
5.000000000000000000e+00,3.369800043106079279e+00
1.299999952316284180e+00,1.289779996871948331e+00
1.250000000000000000e+00,1.241799974441528231e+00
5.989999771118164062e+00,3.382000017166137518e+00
1.340000033378601074e+00,2.406000018119812012e+00
1.960000038146972656e+00,2.789999985694885165e+00
3.500000000000000000e+00,4.353999996185303090e+00
4.489999771118164062e+00,3.050000047683715909e+00
6.000000000000000000e+00,3.711339998245239080e+00
7.489999771118164062e+00,9.199999999999999289e+00
4.159900188446044922e+00,3.779999971389770508e+00
1.100000023841857910e+00,1.127000021934509322e+00
1.480000019073486328e+00,1.211800003051757724e+00
1.200000047683715820e+00,1.343999981880187988e+00
6.000000238418579102e-01,5.936000108718871848e-01
8.690000176429748535e-01,9.252000093460083230e-01
2.099999904632568359e+00,2.368799972534179510e+00
2.700000047683715820e+00,2.344799947738647639e+00
1.990000009536743164e+00,1.925999999046325684e+00
1.000000000000000000e+00,1.285999965667724565e+00
3.497999906539916992e+00,3.377000045776367365e+00
6.000000238418579102e-01,6.537999987602234331e-01
1.100000023841857910e+00,1.753800034523010254e+00
2.769999980926513672e+00,2.762000036239624201e+00
4.000000000000000000e+00,4.499959993362426580e+00
8.000000000000000000e+00,6.327999925613402965e+00
7.000000000000000000e+00,6.327999925613402965e+00
2.098999977111816406e+00,2.178660011291503995e+00
4.000000000000000000e+00,4.219999933242798207e+00
2.799999952316284180e+00,2.846159996986389107e+00
1.149999976158142090e+00,1.320000028610229581e+00
1.289999961853027344e+00,1.340000009536743253e+00
1.399999976158142090e+00,1.386800003051757768e+00
2.880000114440917969e+00,2.891599988937378019e+00
8.500000238418579102e-01,1.012000012397766158e+00
2.490000009536743164e+00,2.767999982833862394e+00
2.490000009536743164e+00,2.524999999999999911e+00
2.599999904632568359e+00,2.538999938964843661e+00
3.190000057220458984e+00,3.399999999999999911e+00
2.450000047683715820e+00,2.296000003814697266e+00
1.942999958992004395e+00,2.950000047683715820e+00
1.220000028610229492e+00,1.375999975204467818e+00
1.789999961853027344e+00,1.135979998111724898e+00
1.090000033378601074e+00,4.482999968528747381e+00
1.570000052452087402e+00,3.712000012397766113e+00
4.000000000000000000e+00,4.466000032424926935e+00
1.610000014305114746e+00,1.726932144165039151e+00
1.950000047683715820e+00,1.818000006675720259e+00
3.190000057220458984e+00,3.377999925613403231e+00
3.000000000000000000e+00,3.596000003814697088e+00
1.350000023841857910e+00,1.377999997138977140e+00
3.500000000000000000e+00,3.745554018020629705e+00
4.179999828338623047e+00,4.756000041961669922e+00
5.500000000000000000e+00,5.319600009918213246e+00
1.225000023841857910e+00,1.248639988899231001e+00
1.269999980926513672e+00,1.267104649543762118e+00
1.500000000000000000e+00,1.703999996185302734e+00
1.988999962806701660e+00,2.001919960975647061e+00
2.799999952316284180e+00,2.606000041961670011e+00
3.000000000000000000e+00,1.538000011444091708e+00
8.000000119209289551e-01,1.852000021934509189e+00
1.250000000000000000e+00,1.185980010032653853e+00
7.469000220298767090e-01,5.968999907374381575e-01
1.250000000000000000e+00,1.278000020980834872e+00
1.950000047683715820e+00,1.942999982833862216e+00
2.000000000000000000e+00,2.051800012588500977e+00
1.149999976158142090e+00,4.523980021476745605e+00
4.000000000000000000e+00,4.306000089645385387e+00
1.200000047683715820e+00,1.240209269523620650e+00
1.598999977111816406e+00,1.550779986381530806e+00
1.840000033378601074e+00,1.743600010871887207e+00
3.690000057220458984e+00,3.261799955368041903e+00
3.690000057220458984e+00,3.869999933242797674e+00
9.300000071525573730e-01,1.089600026607513428e+00
1.750000000000000000e+00,1.747399973869323775e+00
2.250000000000000000e+00,2.232399988174438299e+00
2.349999904632568359e+00,2.397599983215331854e+00
5.000000000000000000e+00,4.037999963760375621e+00
4.000000000000000000e+00,4.115799951553344549e+00
3.099999904632568359e+00,2.978564678033193136e+00
8.980000019073486328e-01,8.878000020980835183e-01
1.690000057220458984e+00,1.988000011444091886e+00
2.490000009536743164e+00,2.654000043869018555e+00
3.740000009536743164e+00,4.029379987716675160e+00
3.960000038146972656e+00,4.003300046920776012e+00
5.500000000000000000e+00,4.740000152587890980e+00
1.200000047683715820e+00,1.225999999046325728e+00
2.000000000000000000e+00,2.029700016975402921e+00
2.390000104904174805e+00,2.609999990463256925e+00
2.799999952316284180e+00,2.948000001907348455e+00
9.750000238418579102e-01,9.729799985885619895e-01
3.000000000000000000e+00,3.197980022430420011e+00
3.700000047683715820e+00,4.053379964828491389e+00
2.880000114440917969e+00,2.927999973297119141e+00
1.580000042915344238e+00,1.428031468391418368e+00
1.389999985694885254e+00,1.259800004959106490e+00
3.000000000000000000e+00,2.553999996185302823e+00
3.200000047683715820e+00,3.390000009536743075e+00
3.490000009536743164e+00,3.390000009536743075e+00
2.549999952316284180e+00,2.539999961853027344e+00
5.000000000000000000e+00,4.905999946594238104e+00
5.199999809265136719e+00,4.905999851226806818e+00
1.000000000000000000e+00,8.931999921798705611e-01
1.200000047683715820e+00,1.600000000000000089e+00
8.489999771118164062e-01,9.399999976158142090e-01
1.250000000000000000e+00,1.327999997138977095e+00
2.000000000000000000e+00,2.259999942779541193e+00
2.289999961853027344e+00,2.311999988555908381e+00
2.400000095367431641e+00,2.657999992370605469e+00
4.000000000000000000e+00,4.347477340698242543e+00
4.699999809265136719e+00,4.618999958038330078e+00
5.242000102996826172e+00,6.047399997711181641e+00
3.319999933242797852e+00,3.325999975204467773e+00
1.787999987602233887e+00,1.959999990463256792e+00
2.049999952316284180e+00,2.073979997634887606e+00
1.100000023841857910e+00,1.395999979972839311e+00
1.200000047683715820e+00,8.378000020980834739e-01
1.669899940490722656e+00,1.600740003585815474e+00
4.000000000000000000e+00,2.439440011978149414e+00
2.990000009536743164e+00,3.390999984741211115e+00
4.749000072479248047e+00,5.463999938964843928e+00
2.319999933242797852e+00,2.245999956130981356e+00
2.829999923706054688e+00,3.361174952983856379e+00
6.000000000000000000e+00,4.735999965667724965e+00
2.950000047683715820e+00,2.760514879226684481e+00
6.499999761581420898e-01,6.467799901962280051e-01
6.890000104904174805e-01,5.719999849796295610e-01
1.440000057220458984e+00,1.427999997138976962e+00
1.960000038146972656e+00,1.996000003814697221e+00
3.000000000000000000e+00,3.069999980926513494e+00
8.000000119209289551e-01,6.758399963378906028e-01
3.589999914169311523e+00,3.740000009536743164e+00
4.900000095367431641e+00,3.725999975204467685e+00
3.849999904632568359e+00,3.781999969482421786e+00
4.750000000000000000e+00,4.584000015258789418e+00
8.500000238418579102e-01,9.132000088691711870e-01
2.880000114440917969e+00,3.045380020141601474e+00
1.350000023841857910e+00,1.305000019073486284e+00
3.490000009536743164e+00,3.613999986648559481e+00
5.799900054931640625e+00,6.077589225769043146e+00
8.998999595642089844e+00,7.953599834442139027e+00
1.899999976158142090e+00,1.967999982833862349e+00
1.500000000000000000e+00,1.677999997138976962e+00
1.090000033378601074e+00,1.221999979019165128e+00
1.149999976158142090e+00,1.309999966621398837e+00
3.140000104904174805e+00,3.306000041961669744e+00
4.439000129699707031e+00,4.502000045776367365e+00
2.910000085830688477e+00,2.576666660606861115e+00
2.399899959564208984e+00,2.463180017471313654e+00
2.799999952316284180e+00,2.679980039596557617e+00
4.300000190734863281e+00,2.669980052858591080e+00
6.499999761581420898e-01,6.688000082969665083e-01
1.771147131919860840e+00,1.660000014305114791e+00
2.220000028610229492e+00,2.374514913558960050e+00
2.299999952316284180e+00,2.435999965667724698e+00
3.990000009536743164e+00,4.086180019378661932e+00
1.080000019073486328e+01,1.679379997253418111e+01
2.500000000000000000e+00,2.582000017166137695e+00
5.690000057220458984e+00,5.823999881744384766e+00
2.000000000000000000e+00,2.019999980926513672e+00
4.099999904632568359e+00,4.131999874114990590e+00
2.250000000000000000e+00,2.093799972534179599e+00
3.099999904632568359e+00,3.355480003356933416e+00
3.000000000000000000e+00,3.450600051879882724e+00
1.746000051498413086e+00,2.316000032424926580e+00
1.980000019073486328e+00,2.209999990463257014e+00
1.950000047683715820e+00,1.903999996185302690e+00
5.250000000000000000e+00,4.690840053558349432e+00
5.550000190734863281e+00,6.243900012969970881e+00
5.746900081634521484e+00,6.365899944305420277e+00
5.199999809265136719e+00,7.569999885559082209e+00
6.941999912261962891e+00,6.299999999999999822e+00
1.330000042915344238e+00,1.379999995231628418e+00
8.899999856948852539e-01,1.115380001068115190e+00
1.500000000000000000e+00,1.676000022888183505e+00
2.039999961853027344e+00,2.169999980926513583e+00
4.150000095367431641e+00,4.109999942779540838e+00
2.690000057220458984e+00,2.280000019073486150e+00
1.549999952316284180e+00,1.469181942939758345e+00
1.850000023841857910e+00,1.675999999046325684e+00
2.599999904632568359e+00,2.229839992523193537e+00
2.500000000000000000e+00,2.309166955947875799e+00
2.000000000000000000e+00,2.091799974441528320e+00
4.199999809265136719e+00,4.201379871368407848e+00
4.489999771118164062e+00,4.301379871368408381e+00
8.887999534606933594e+00,3.577400016784667791e+00
5.500000119209289551e-01,6.815999865531920943e-01
1.980000019073486328e+00,2.039999985694885165e+00
2.720000028610229492e+00,2.810000038146972745e+00
4.880000114440917969e+00,4.846800041198730646e+00
1.700000047683715820e+00,1.574000000953674316e+00
5.000000000000000000e+00,3.159960031509399414e+00
1.649999976158142090e+00,2.141980004310608088e+00
1.000000000000000000e+00,1.013393974304199308e+00
2.500000000000000000e+00,2.559999990463256658e+00
4.190000057220458984e+00,4.059999990463256658e+00
3.799999952316284180e+00,4.022600030899047496e+00
9.300000071525573730e-01,9.132173538208008257e-01
3.200000047683715820e+00,2.540000057220459073e+00
5.500000000000000000e+00,4.229999971389770685e+00
1.130000019073486328e+01,1.205799999237060582e+01
2.589999961853027344e+01,2.267154006958007884e+01
3.400000000000000000e+01,2.267154006958007884e+01
3.941999912261962891e+00,4.047380018234252752e+00
